data,fechamento,volume,ticker,setor,retorno_diario
2025-08-26,9.818411827087402,12430100,ASAI3.SA,varejo,
2025-08-27,9.907221794128418,15587600,ASAI3.SA,varejo,0.009045247704522197
2025-08-28,10.331535339355469,16571700,ASAI3.SA,varejo,0.042828711625142235
2025-08-29,10.380873680114746,8370300,ASAI3.SA,varejo,0.004775509073790207
2025-09-01,10.301931381225586,6099600,ASAI3.SA,varejo,-0.007604591031714403
2025-09-02,10.074973106384277,7823100,ASAI3.SA,varejo,-0.022030652937071737
2025-09-03,9.936824798583984,11408500,ASAI3.SA,varejo,-0.013712027450748399
2025-09-04,10.045370101928711,10299500,ASAI3.SA,varejo,0.010923540018557443
2025-09-05,10.361138343811035,17591100,ASAI3.SA,varejo,0.03143420687125276
2025-09-08,9.976295471191406,9491500,ASAI3.SA,varejo,-0.037142914209760125
2025-09-09,9.80854320526123,10068500,ASAI3.SA,varejo,-0.016815085961978005
2025-09-10,9.80854320526123,15223200,ASAI3.SA,varejo,0.0
2025-09-11,9.778940200805664,49079700,ASAI3.SA,varejo,-0.0030180837088720214
2025-09-12,9.749337196350098,25054800,ASAI3.SA,varejo,-0.003027220112576945
2025-09-15,9.996030807495117,14343600,ASAI3.SA,varejo,0.025303628972580317
2025-09-16,9.976295471191406,18459400,ASAI3.SA,varejo,-0.001974317274904047
2025-09-17,10.430212020874023,24154100,ASAI3.SA,varejo,0.045499509411423666
2025-09-18,10.144046783447266,10151700,ASAI3.SA,varejo,-0.02743618603860154
2025-09-19,9.986163139343262,15489100,ASAI3.SA,varejo,-0.015564167582668653
2025-09-22,9.670395851135254,17108200,ASAI3.SA,varejo,-0.0316204816406368
2025-09-23,9.69999885559082,15608300,ASAI3.SA,varejo,0.0030611988290107917
2025-09-24,9.561849594116211,14926700,ASAI3.SA,varejo,-0.014242193584897533
2025-09-25,9.048727035522461,60457000,ASAI3.SA,varejo,-0.05366352540302399
2025-09-26,9.226346969604492,18686400,ASAI3.SA,varejo,0.019629273088330734
2025-09-29,9.315155982971191,13813700,ASAI3.SA,varejo,0.009625587858257845
2025-09-30,9.384230613708496,15931400,ASAI3.SA,varejo,0.007415295123729404
2025-10-01,9.29542064666748,10736300,ASAI3.SA,varejo,-0.009463745158956538
2025-10-02,9.137537002563477,17285700,ASAI3.SA,varejo,-0.01698509944900739
2025-10-03,8.94018268585205,24871500,ASAI3.SA,varejo,-0.021598196172125994
2025-10-06,8.861239433288574,16182100,ASAI3.SA,varejo,-0.00883016100872358
2025-10-07,8.614545822143555,38266900,ASAI3.SA,varejo,-0.027839628192223076
2025-10-08,8.535603523254395,18171500,ASAI3.SA,varejo,-0.00916383759736239
2025-10-09,8.259306907653809,17471000,ASAI3.SA,varejo,-0.03236989802160373
2025-10-10,8.11129093170166,24917700,ASAI3.SA,varejo,-0.01792111343083569
2025-10-13,7.943539142608643,23607700,ASAI3.SA,varejo,-0.020681268925688112
2025-10-14,8.081686973571777,16114300,ASAI3.SA,varejo,0.01739121926423426
2025-10-15,8.565207481384277,33819400,ASAI3.SA,varejo,0.05982915564456759
2025-10-16,8.259306907653809,16532300,ASAI3.SA,varejo,-0.035714321503047874
2025-10-17,8.308646202087402,15293800,ASAI3.SA,varejo,0.00597378145469718
2025-10-20,8.308646202087402,15150200,ASAI3.SA,varejo,0.0
2025-10-21,8.35798454284668,13390500,ASAI3.SA,varejo,0.005938192523696761
2025-10-22,7.7659196853637695,45558800,ASAI3.SA,varejo,-0.07083823312279736
2025-10-23,8.012613296508789,24592600,ASAI3.SA,varejo,0.03176618110150642
2025-10-24,8.121158599853516,13684700,ASAI3.SA,varejo,0.013546804185847972
2025-10-27,8.29877758026123,11378000,ASAI3.SA,varejo,0.021871137993896506
2025-10-28,8.318513870239258,18985600,ASAI3.SA,varejo,0.0023782165249217613
2025-10-29,8.387587547302246,18968300,ASAI3.SA,varejo,0.008303607848766159
2025-10-30,8.446794509887695,9487900,ASAI3.SA,varejo,0.007058878640795019
2025-10-31,8.486266136169434,19914800,ASAI3.SA,varejo,0.004672971058492514
2025-11-03,8.417190551757812,7266000,ASAI3.SA,varejo,-0.008139691037641783
2025-11-04,8.367852210998535,9810900,ASAI3.SA,varejo,-0.005861616231198852
2025-11-05,8.831636428833008,13857500,ASAI3.SA,varejo,0.0554245230603958
2025-11-06,8.654017448425293,12154100,ASAI3.SA,varejo,-0.020111672603260078
2025-11-07,8.95004940032959,16006700,ASAI3.SA,varejo,0.034207459560664955
2025-11-10,9.019124031066895,13672400,ASAI3.SA,varejo,0.007717793237516757
2025-11-11,9.51251220703125,20148000,ASAI3.SA,varejo,0.05470466691275688
2025-11-12,9.5421142578125,13653200,ASAI3.SA,varejo,0.0031119067326261796
2025-11-13,9.394099235534668,19250800,ASAI3.SA,varejo,-0.01551176377464214
2025-11-14,9.364495277404785,15000100,ASAI3.SA,varejo,-0.0031513354700257734
2025-11-17,9.611188888549805,13429600,ASAI3.SA,varejo,0.02634350318273504
2025-11-18,9.394099235534668,12444100,ASAI3.SA,varejo,-0.022587179955828818
2025-11-19,9.107933044433594,19864300,ASAI3.SA,varejo,-0.03046233427241274
2025-11-21,8.890843391418457,8598500,ASAI3.SA,varejo,-0.023835227153740757
2025-11-24,9.236213684082031,15391700,ASAI3.SA,varejo,0.03884561649088658
2025-11-25,9.27568531036377,19426600,ASAI3.SA,varejo,0.00427357222687097
2025-11-26,9.86775016784668,18744600,ASAI3.SA,varejo,0.06382976973371379
2025-11-27,9.926957130432129,19191100,ASAI3.SA,varejo,0.006000046776454715
2025-11-28,9.325023651123047,16895500,ASAI3.SA,varejo,-0.06063625251929328
2025-12-01,9.127669334411621,16232800,ASAI3.SA,varejo,-0.02116394811370348
2025-12-02,9.246082305908203,25261300,ASAI3.SA,varejo,0.012972969019611647
2025-12-03,9.009256362915039,14790100,ASAI3.SA,varejo,-0.025613652913497598
2025-12-04,9.364495277404785,9862700,ASAI3.SA,varejo,0.03943043689510506
2025-12-05,8.45666217803955,35244300,ASAI3.SA,varejo,-0.09694415688966262
2025-12-08,8.081686973571777,19594800,ASAI3.SA,varejo,-0.04434080451286293
2025-12-09,8.032349586486816,17817900,ASAI3.SA,varejo,-0.006104837671429331
2025-12-10,7.904068470001221,14659000,ASAI3.SA,varejo,-0.015970559436482845
2025-12-11,7.7659196853637695,16401600,ASAI3.SA,varejo,-0.017478186728996037
2025-12-12,8.09155559539795,18685800,ASAI3.SA,varejo,0.0419314032628868
2025-12-15,7.884332180023193,12327100,ASAI3.SA,varejo,-0.02560983644388648
2025-12-16,7.578432083129883,14525400,ASAI3.SA,varejo,-0.03879847904789957
2025-12-17,7.292267322540283,20792000,ASAI3.SA,varejo,-0.03776041764979621
2025-12-18,7.104780197143555,22015500,ASAI3.SA,varejo,-0.02571040214299447
2025-12-19,7.134383678436279,18342300,ASAI3.SA,varejo,0.004166699105572214
2025-12-22,7.006102561950684,8259000,ASAI3.SA,varejo,-0.017980686527040324
2025-12-23,7.124515533447266,8537100,ASAI3.SA,varejo,0.01690140423288522
2025-12-26,7.163987159729004,4812400,ASAI3.SA,varejo,0.0055402540841453796
2025-12-29,7.144250869750977,6732800,ASAI3.SA,varejo,-0.00275493095366941
2025-12-30,7.183722496032715,9061300,ASAI3.SA,varejo,0.005524949641517063
2026-01-02,7.183722496032715,7441600,ASAI3.SA,varejo,0.0
2026-01-05,7.371209144592285,9771900,ASAI3.SA,varejo,0.026098815574113754
2026-01-06,7.7856550216674805,24325200,ASAI3.SA,varejo,0.056224951557539704
2026-01-07,7.309999942779541,15503800,ASAI3.SA,varejo,-0.06109377792416837
2026-01-08,7.349999904632568,26545800,ASAI3.SA,varejo,0.005471951048718893
2026-01-09,7.039999961853027,26957600,ASAI3.SA,varejo,-0.042176863510454465
2026-01-12,7.360000133514404,23554800,ASAI3.SA,varejo,0.045454570084564105
2026-01-13,7.25,18796500,ASAI3.SA,varejo,-0.01494567004333447
2026-01-14,7.349999904632568,20698100,ASAI3.SA,varejo,0.013793090294147436
2026-01-15,7.289999961853027,12282800,ASAI3.SA,varejo,-0.008163257626945586
2026-01-16,7.449999809265137,16693500,ASAI3.SA,varejo,0.021947852983450478
2026-01-19,7.449999809265137,6582200,ASAI3.SA,varejo,0.0
2026-01-20,7.480000019073486,11863200,ASAI3.SA,varejo,0.004026873902874373
2026-01-21,7.71999979019165,20817700,ASAI3.SA,varejo,0.03208553081633436
2026-01-22,8.0,23952500,ASAI3.SA,varejo,0.036269458214764905
2026-01-23,8.050000190734863,16902300,ASAI3.SA,varejo,0.00625002384185791
2026-01-26,8.229999542236328,27517100,ASAI3.SA,varejo,0.022360167358584038
2026-01-27,8.680000305175781,23118200,ASAI3.SA,varejo,0.05467810303391274
2026-01-28,8.949999809265137,26864600,ASAI3.SA,varejo,0.031105932557209393
2026-01-29,8.670000076293945,44856900,ASAI3.SA,varejo,-0.03128488703221344
2026-01-30,8.569999694824219,20204800,ASAI3.SA,varejo,-0.01153406927217382
2026-02-02,8.670000076293945,24110300,ASAI3.SA,varejo,0.011668656362977536
2026-02-03,8.850000381469727,23504000,ASAI3.SA,varejo,0.020761280691098172
2026-02-04,8.59000015258789,19776700,ASAI3.SA,varejo,-0.029378555669469675
2026-02-05,8.699999809265137,7073000,ASAI3.SA,varejo,0.01280554769770359
2026-02-06,8.779999732971191,9066200,ASAI3.SA,varejo,0.00919539373102718
2026-02-09,8.779999732971191,23011400,ASAI3.SA,varejo,0.0
2026-02-10,8.899999618530273,9177800,ASAI3.SA,varejo,0.013667413349507385
2026-02-11,9.229999542236328,15575900,ASAI3.SA,varejo,0.03707864470229616
2026-02-12,9.699999809265137,38039200,ASAI3.SA,varejo,0.05092094153180571
2026-02-13,9.899999618530273,24336600,ASAI3.SA,varejo,0.02061853744307318
2026-02-18,9.640000343322754,15515700,ASAI3.SA,varejo,-0.02626255406322109
2026-02-19,9.460000038146973,13227400,ASAI3.SA,varejo,-0.01867223016236308
2026-02-20,9.5,14268100,ASAI3.SA,varejo,0.004228325760225138
2026-02-23,9.270000457763672,22247600,ASAI3.SA,varejo,-0.024210478130139768
2026-02-24,9.789999961853027,14932600,ASAI3.SA,varejo,0.056094873615011975
2026-02-25,9.359999656677246,11394100,ASAI3.SA,varejo,-0.043922401108405285
2026-02-26,9.449999809265137,11946500,ASAI3.SA,varejo,0.009615401270200552
2026-02-27,9.34000015258789,10942200,ASAI3.SA,varejo,-0.01164017554470198
2026-03-02,9.25,7361500,ASAI3.SA,varejo,-0.009635990483678247
2026-03-03,8.649999618530273,18567900,ASAI3.SA,varejo,-0.06486490610483531
2026-03-04,8.359999656677246,17774800,ASAI3.SA,varejo,-0.033526008629154336
2026-03-05,8.170000076293945,11672300,ASAI3.SA,varejo,-0.02272722346723366
2026-03-06,8.1899995803833,9275300,ASAI3.SA,varejo,0.0024479196943199
2026-03-09,8.25,8412200,ASAI3.SA,varejo,0.00732605893660998
2026-03-10,8.369999885559082,11421700,ASAI3.SA,varejo,0.014545440673828125
2026-03-11,8.279999732971191,7537400,ASAI3.SA,varejo,-0.01075270654939553
2026-03-12,7.809999942779541,14519100,ASAI3.SA,varejo,-0.05676326151558897
2026-03-13,7.71999979019165,15973100,ASAI3.SA,varejo,-0.011523707201956723
2026-03-16,7.809999942779541,11543800,ASAI3.SA,varejo,0.011658051170187367
2026-03-17,7.949999809265137,17067600,ASAI3.SA,varejo,0.017925719271615126
2026-03-18,7.75,10553700,ASAI3.SA,varejo,-0.02515720931616272
2026-03-19,7.730000019073486,11984500,ASAI3.SA,varejo,-0.0025806427001953125
2026-03-20,7.360000133514404,12521100,ASAI3.SA,varejo,-0.047865444326794404
2026-03-23,8.020000457763672,17850300,ASAI3.SA,varejo,0.08967395547235091
2026-03-24,7.929999828338623,13922900,ASAI3.SA,varejo,-0.011222022978555457
2026-03-25,8.210000038146973,13642600,ASAI3.SA,varejo,0.03530898056362397
2026-03-26,8.210000038146973,11659200,ASAI3.SA,varejo,0.0
2026-03-27,8.6899995803833,16638400,ASAI3.SA,varejo,0.058465230207802366
2026-03-30,8.8100004196167,14877000,ASAI3.SA,varejo,0.013809073075709666
2026-03-31,9.479999542236328,17806500,ASAI3.SA,varejo,0.07604984003494275
2026-04-01,9.300000190734863,9211300,ASAI3.SA,varejo,-0.018987274281977773
2026-04-02,9.130000114440918,6807200,ASAI3.SA,varejo,-0.018279577721225015
2026-04-06,8.920000076293945,6266300,ASAI3.SA,varejo,-0.023001099180143036
2026-04-07,8.859999656677246,11792100,ASAI3.SA,varejo,-0.0067265043838012906
2026-04-08,9.4399995803833,20293600,ASAI3.SA,varejo,0.06546274787594863
2026-04-09,9.75,18735500,ASAI3.SA,varejo,0.032839028961494154
2026-04-10,9.779999732971191,9706400,ASAI3.SA,varejo,0.0030768956893529875
2026-04-13,9.880000114440918,7476300,ASAI3.SA,varejo,0.010224988159518666
2026-04-14,10.149999618530273,10455100,ASAI3.SA,varejo,0.02732788471274561
2026-04-15,10.15999984741211,11454700,ASAI3.SA,varejo,0.0009852442618401014
2026-04-16,9.260000228881836,29379200,ASAI3.SA,varejo,-0.08858264094949919
2026-04-17,9.449999809265137,22131100,ASAI3.SA,varejo,0.020518312709182585
2026-04-20,9.550000190734863,12473300,ASAI3.SA,varejo,0.01058205116276123
2026-04-22,9.569999694824219,8282300,ASAI3.SA,varejo,0.0020941888680545695
2026-04-23,9.550000190734863,9511800,ASAI3.SA,varejo,-0.002089812406177227
2026-04-24,9.420000076293945,16226400,ASAI3.SA,varejo,-0.013612577156494776
2026-04-27,9.579999923706055,15733600,ASAI3.SA,varejo,0.01698512166839139
2026-04-28,9.029999732971191,17172700,ASAI3.SA,varejo,-0.057411293853339984
2026-04-29,8.739999771118164,19740100,ASAI3.SA,varejo,-0.03211516837527162
2026-04-30,8.850000381469727,16984800,ASAI3.SA,varejo,0.012585882520851577
2026-05-04,9.010000228881836,10318700,ASAI3.SA,varejo,0.018079078024348938
2026-05-05,9.15999984741211,9576400,ASAI3.SA,varejo,0.01664812594004661
2026-05-06,9.350000381469727,6574200,ASAI3.SA,varejo,0.020742416727364432
2026-05-07,9.199999809265137,10602600,ASAI3.SA,varejo,-0.016042841292484677
2026-05-08,9.279999732971191,9737900,ASAI3.SA,varejo,0.008695644061371466
2026-05-11,8.960000038146973,8326100,ASAI3.SA,varejo,-0.034482726727597
2026-05-12,8.9399995803833,13024700,ASAI3.SA,varejo,-0.00223219393733487
2026-05-13,8.430000305175781,27712100,ASAI3.SA,varejo,-0.05704690147039737
2026-05-14,8.59000015258789,6689900,ASAI3.SA,varejo,0.018979815138781664
2026-05-15,8.5,7135700,ASAI3.SA,varejo,-0.01047731676241892
2026-05-18,8.289999961853027,7741200,ASAI3.SA,varejo,-0.024705886840820312
2026-05-19,8.15999984741211,13055200,ASAI3.SA,varejo,-0.015681557905804833
2026-05-20,8.609999656677246,10036300,ASAI3.SA,varejo,0.05514703648038077
2026-05-21,8.479999542236328,7003200,ASAI3.SA,varejo,-0.015098736309484106
2026-05-22,8.4399995803833,11880400,ASAI3.SA,varejo,-0.004716976888241464
2026-05-25,9.119999885559082,13996700,ASAI3.SA,varejo,0.0805687605431018
2026-05-26,9.109999656677246,27565900,ASAI3.SA,varejo,-0.0010965163385221466
2026-05-27,9.25,28337100,ASAI3.SA,varejo,0.015367766037196251
2026-05-28,8.979999542236328,19621000,ASAI3.SA,varejo,-0.029189238677153728
2026-05-29,8.75,21908400,ASAI3.SA,varejo,-0.025612422490062903
2026-06-01,8.600000381469727,13883800,ASAI3.SA,varejo,-0.01714281354631697
2026-06-02,9.050000190734863,12778900,ASAI3.SA,varejo,0.05232555689587448
2026-06-03,8.789999961853027,14407900,ASAI3.SA,varejo,-0.02872930645327687
2026-06-05,8.619999885559082,8732800,ASAI3.SA,varejo,-0.019340168035462346
2026-06-08,8.449999809265137,18647100,ASAI3.SA,varejo,-0.019721586838851723
2026-06-09,8.390000343322754,10404600,ASAI3.SA,varejo,-0.007100528674165774
2026-06-10,8.199999809265137,13977600,ASAI3.SA,varejo,-0.022646069878749286
2026-06-11,8.239999771118164,19389100,ASAI3.SA,varejo,0.004878044241882984
2026-06-12,8.100000381469727,10415600,ASAI3.SA,varejo,-0.01699021766228026
2026-06-15,7.96999979019165,13307000,ASAI3.SA,varejo,-0.016049454957493214
2026-06-16,7.889999866485596,9332500,ASAI3.SA,varejo,-0.010037631845926431
2026-06-17,7.800000190734863,10188100,ASAI3.SA,varejo,-0.011406803203257931
2026-06-18,7.679999828338623,10644300,ASAI3.SA,varejo,-0.01538466146946782
2026-06-19,7.650000095367432,9115500,ASAI3.SA,varejo,-0.0039062153179345582
2026-06-22,7.699999809265137,9220700,ASAI3.SA,varejo,0.006535910231946662
2026-06-23,7.940000057220459,11121600,ASAI3.SA,varejo,0.031168864142897545
2026-06-24,8.270000457763672,12119000,ASAI3.SA,varejo,0.0415617629930769
2026-06-25,8.609999656677246,14978100,ASAI3.SA,varejo,0.04111235551315984
2026-06-26,8.829999923706055,10427700,ASAI3.SA,varejo,0.025551716120939982
2026-06-29,9.0,6087800,ASAI3.SA,varejo,0.019252556938029297
2026-06-30,8.739999771118164,9452300,ASAI3.SA,varejo,-0.028888914320204018
2026-07-01,8.65999984741211,5565000,ASAI3.SA,varejo,-0.009153309588224356
2026-07-02,8.6899995803833,8867400,ASAI3.SA,varejo,0.0034641724595592116
2026-07-03,8.789999961853027,6371400,ASAI3.SA,varejo,0.01150752431512947
2026-07-06,8.670000076293945,5190000,ASAI3.SA,varejo,-0.013651864172907757
2026-07-07,8.529999732971191,9137200,ASAI3.SA,varejo,-0.01614767498163594
2026-07-08,8.489999771118164,10072200,ASAI3.SA,varejo,-0.00468932744492534
2026-07-09,8.460000038146973,11770700,ASAI3.SA,varejo,-0.003533537547697807
2026-07-10,8.869999885559082,13614800,ASAI3.SA,varejo,0.0484633387190756
2026-07-13,8.710000038146973,7239300,ASAI3.SA,varejo,-0.01803831448437776
2026-07-14,8.65999984741211,5528500,ASAI3.SA,varejo,-0.005740550001823053
2026-07-15,8.65999984741211,8603500,ASAI3.SA,varejo,0.0
2026-07-16,8.5600004196167,7539300,ASAI3.SA,varejo,-0.011547278239882774
2026-07-17,8.5,11868000,ASAI3.SA,varejo,-0.007009394471429897
2026-07-20,8.140000343322754,7034200,ASAI3.SA,varejo,-0.04235290078555831
2026-07-21,8.25,6066400,ASAI3.SA,varejo,0.013513470766310043
2026-07-22,8.399999618530273,8762700,ASAI3.SA,varejo,0.018181771943063474
2026-07-23,8.020000457763672,8616800,ASAI3.SA,varejo,-0.04523799738375334
2026-07-24,7.849999904632568,8085000,ASAI3.SA,varejo,-0.021197075240380614
2026-07-27,8.109999656677246,9648500,ASAI3.SA,varejo,0.03312098792399243
2026-07-28,8.239999771118164,5647400,ASAI3.SA,varejo,0.01602960788461738
2026-07-29,8.300000190734863,9145900,ASAI3.SA,varejo,0.007281604524675522
2026-07-30,8.40999984741211,5160500,ASAI3.SA,varejo,0.013252970379450835
2026-07-31,8.5,3774300,ASAI3.SA,varejo,0.010701564116625484
2026-08-03,8.550000190734863,5991300,ASAI3.SA,varejo,0.005882375380572125
2026-08-04,8.65999984741211,5728800,ASAI3.SA,varejo,0.01286545663431049
2026-08-05,8.829999923706055,8653300,ASAI3.SA,varejo,0.019630494144263322
2026-08-06,8.489999771118164,9598300,ASAI3.SA,varejo,-0.038505113876058594
2026-08-07,8.239999771118164,15405900,ASAI3.SA,varejo,-0.02944640833212575
2026-08-10,8.0600004196167,10741500,ASAI3.SA,varejo,-0.02184458209967144
2026-08-11,8.079999923706055,14248700,ASAI3.SA,varejo,0.002481327921606491
2026-08-12,8.0,8426200,ASAI3.SA,varejo,-0.009900980750178201
2026-08-13,7.960000038146973,8987000,ASAI3.SA,varejo,-0.004999995231628418
2026-08-14,8.100000381469727,11232000,ASAI3.SA,varejo,0.017587982745204123
2026-08-17,8.140000343322754,12268500,ASAI3.SA,varejo,0.004938266662867674
2026-08-18,7.900000095367432,11021500,ASAI3.SA,varejo,-0.02948405870181503
2026-08-19,8.079999923706055,5855400,ASAI3.SA,varejo,0.02278478812224005
2026-08-20,7.960000038146973,6994000,ASAI3.SA,varejo,-0.014851471125267302
2026-08-21,8.399999618530273,8741800,ASAI3.SA,varejo,0.05527632892897949
2026-08-24,8.3100004196167,8892800,ASAI3.SA,varejo,-0.010714190833418291
2026-08-25,8.960000038146973,21863100,ASAI3.SA,varejo,0.0782189633824657
2026-08-26,8.970000267028809,7500,ASAI3.SA,varejo,0.001116096968667435
2025-08-26,11.803349494934082,18756700,B3SA3.SA,financeiro_diversificado,
2025-08-27,12.021581649780273,23148600,B3SA3.SA,financeiro_diversificado,0.018489002205675176
2025-08-28,12.36315631866455,44836800,B3SA3.SA,financeiro_diversificado,0.02841345497083747
2025-08-29,12.315714836120605,27571700,B3SA3.SA,financeiro_diversificado,-0.0038373277277359286
2025-09-01,12.315714836120605,13726300,B3SA3.SA,financeiro_diversificado,0.0
2025-09-02,12.09748649597168,15369600,B3SA3.SA,financeiro_diversificado,-0.017719502526064246
2025-09-03,12.287250518798828,28385800,B3SA3.SA,financeiro_diversificado,0.015686235557306638
2025-09-04,12.420085906982422,19819200,B3SA3.SA,financeiro_diversificado,0.010810830948743355
2025-09-05,12.695243835449219,24940400,B3SA3.SA,financeiro_diversificado,0.02215426934463527
2025-09-08,12.467528343200684,16580600,B3SA3.SA,financeiro_diversificado,-0.017937071174062846
2025-09-09,12.3441801071167,17176500,B3SA3.SA,financeiro_diversificado,-0.00989355970874961
2025-09-10,12.306227684020996,27909700,B3SA3.SA,financeiro_diversificado,-0.0030745195522400293
2025-09-11,12.4485502243042,28319200,B3SA3.SA,financeiro_diversificado,0.011565082650632386
2025-09-12,12.287250518798828,25530500,B3SA3.SA,financeiro_diversificado,-0.012957308489662811
2025-09-15,12.685755729675293,29161000,B3SA3.SA,financeiro_diversificado,0.0324324152312816
2025-09-16,12.790125846862793,19723200,B3SA3.SA,financeiro_diversificado,0.008227347224048387
2025-09-17,13.017843246459961,39739900,B3SA3.SA,financeiro_diversificado,0.017804156293976137
2025-09-18,13.027332305908203,33594400,B3SA3.SA,financeiro_diversificado,0.0007289271554888899
2025-09-19,12.960915565490723,41804900,B3SA3.SA,financeiro_diversificado,-0.005098261014448768
2025-09-22,12.809103012084961,52882400,B3SA3.SA,financeiro_diversificado,-0.011713104112025308
2025-09-23,12.657292366027832,41427400,B3SA3.SA,financeiro_diversificado,-0.011851778060797957
2025-09-24,12.56976318359375,37274300,B3SA3.SA,financeiro_diversificado,-0.006915316475505473
2025-09-25,12.359789848327637,33539200,B3SA3.SA,financeiro_diversificado,-0.01670463732683314
2025-09-26,12.617484092712402,37061500,B3SA3.SA,financeiro_diversificado,0.020849403391727916
2025-09-29,12.789280891418457,27585100,B3SA3.SA,financeiro_diversificado,0.013615772957881633
2025-09-30,12.789280891418457,31215100,B3SA3.SA,financeiro_diversificado,0.0
2025-10-01,12.493409156799316,32626800,B3SA3.SA,financeiro_diversificado,-0.023134352676362657
2025-10-02,12.254802703857422,28021800,B3SA3.SA,financeiro_diversificado,-0.019098586298363363
2025-10-03,12.168905258178711,14804900,B3SA3.SA,financeiro_diversificado,-0.007009288338169051
2025-10-06,12.063920021057129,13687600,B3SA3.SA,financeiro_diversificado,-0.008627336222461035
2025-10-07,11.682148933410645,33534000,B3SA3.SA,financeiro_diversificado,-0.03164569119988503
2025-10-08,12.083006858825684,43464100,B3SA3.SA,financeiro_diversificado,0.03431371468554012
2025-10-09,12.207082748413086,28855700,B3SA3.SA,financeiro_diversificado,0.010268626926812852
2025-10-10,12.025742530822754,27120300,B3SA3.SA,financeiro_diversificado,-0.014855327954085173
2025-10-13,12.130727767944336,19134300,B3SA3.SA,financeiro_diversificado,0.008730041978904701
2025-10-14,11.978020668029785,21740700,B3SA3.SA,financeiro_diversificado,-0.01258845329280922
2025-10-15,12.063920021057129,44926600,B3SA3.SA,financeiro_diversificado,0.007171414660906095
2025-10-16,12.025742530822754,33516100,B3SA3.SA,financeiro_diversificado,-0.0031646007406993526
2025-10-17,11.987565040588379,38344100,B3SA3.SA,financeiro_diversificado,-0.00317464723168015
2025-10-20,12.083006858825684,19391000,B3SA3.SA,financeiro_diversificado,0.007961735174253581
2025-10-21,11.768046379089355,17862400,B3SA3.SA,financeiro_diversificado,-0.026066399151819963
2025-10-22,11.88257884979248,42120000,B3SA3.SA,financeiro_diversificado,0.00973249654306585
2025-10-23,12.016197204589844,25108500,B3SA3.SA,financeiro_diversificado,0.011244895277904732
2025-10-24,11.930298805236816,26019700,B3SA3.SA,financeiro_diversificado,-0.00714855106740564
2025-10-27,11.958931922912598,15181600,B3SA3.SA,financeiro_diversificado,0.002400033573611182
2025-10-28,12.054374694824219,20963800,B3SA3.SA,financeiro_diversificado,0.007980877600679337
2025-10-29,12.063920021057129,20173700,B3SA3.SA,financeiro_diversificado,0.0007918557763937351
2025-10-30,12.025742530822754,14072300,B3SA3.SA,financeiro_diversificado,-0.0031646007406993526
2025-10-31,12.083006858825684,17872900,B3SA3.SA,financeiro_diversificado,0.004761812242042973
2025-11-03,12.254802703857422,27192300,B3SA3.SA,financeiro_diversificado,0.014217971324435252
2025-11-04,12.254802703857422,38086200,B3SA3.SA,financeiro_diversificado,0.0
2025-11-05,12.598395347595215,32733700,B3SA3.SA,financeiro_diversificado,0.02803738681404
2025-11-06,12.502954483032227,33002800,B3SA3.SA,financeiro_diversificado,-0.007575636573526445
2025-11-07,12.388422012329102,21686600,B3SA3.SA,financeiro_diversificado,-0.009160432508856786
2025-11-10,12.522042274475098,37328100,B3SA3.SA,financeiro_diversificado,0.010785898479484857
2025-11-11,12.913355827331543,66621000,B3SA3.SA,financeiro_diversificado,0.031249978580099258
2025-11-12,13.476466178894043,73999300,B3SA3.SA,financeiro_diversificado,0.04360681755323892
2025-11-13,13.810514450073242,66538000,B3SA3.SA,financeiro_diversificado,0.024787527141377996
2025-11-14,13.781881332397461,34127600,B3SA3.SA,financeiro_diversificado,-0.002073283930102199
2025-11-17,13.514642715454102,39319600,B3SA3.SA,financeiro_diversificado,-0.01939057596695115
2025-11-18,13.409656524658203,56692100,B3SA3.SA,financeiro_diversificado,-0.00776832898999591
2025-11-19,13.218770980834961,34599400,B3SA3.SA,financeiro_diversificado,-0.014234931630965675
2025-11-21,13.256949424743652,28389800,B3SA3.SA,financeiro_diversificado,0.002888199210353548
2025-11-24,13.342845916748047,39046200,B3SA3.SA,financeiro_diversificado,0.006479355789354546
2025-11-25,13.524187088012695,21263100,B3SA3.SA,financeiro_diversificado,0.013590891508162173
2025-11-26,14.039576530456543,35623400,B3SA3.SA,financeiro_diversificado,0.03810871877842237
2025-11-27,14.058664321899414,30241300,B3SA3.SA,financeiro_diversificado,0.00135957031192957
2025-11-28,14.278182029724121,31855300,B3SA3.SA,financeiro_diversificado,0.015614407087219506
2025-12-01,14.211373329162598,25552400,B3SA3.SA,financeiro_diversificado,-0.004679076119245562
2025-12-02,14.4118013381958,56471500,B3SA3.SA,financeiro_diversificado,0.014103352602940378
2025-12-03,14.11592960357666,33323800,B3SA3.SA,financeiro_diversificado,-0.02052982327996622
2025-12-04,14.335448265075684,41656800,B3SA3.SA,financeiro_diversificado,0.01555113036575384
2025-12-05,13.371479988098145,63305600,B3SA3.SA,financeiro_diversificado,-0.06724367868746584
2025-12-08,13.69598388671875,42127300,B3SA3.SA,financeiro_diversificado,0.02426836063842175
2025-12-09,13.476466178894043,29507300,B3SA3.SA,financeiro_diversificado,-0.016027888878985763
2025-12-10,13.562363624572754,23459000,B3SA3.SA,financeiro_diversificado,0.006373885003565505
2025-12-11,13.648262023925781,23197900,B3SA3.SA,financeiro_diversificado,0.006333586219248177
2025-12-12,13.676895141601562,30560500,B3SA3.SA,financeiro_diversificado,0.0020979314161455598
2025-12-15,13.753249168395996,38100400,B3SA3.SA,financeiro_diversificado,0.005582701775798782
2025-12-16,13.094696998596191,60275300,B3SA3.SA,financeiro_diversificado,-0.0478833882623978
2025-12-17,12.646117210388184,132381000,B3SA3.SA,financeiro_diversificado,-0.03425659931314928
2025-12-18,12.693838119506836,38525400,B3SA3.SA,financeiro_diversificado,0.0037735621396464136
2025-12-19,12.779736518859863,39377400,B3SA3.SA,financeiro_diversificado,0.006766936725073336
2025-12-22,12.63657283782959,25118500,B3SA3.SA,financeiro_diversificado,-0.0112023969210161
2025-12-23,12.913355827331543,26819000,B3SA3.SA,financeiro_diversificado,0.021903327195911704
2025-12-26,13.094696998596191,24322100,B3SA3.SA,financeiro_diversificado,0.014042916008001116
2025-12-29,13.161505699157715,24699600,B3SA3.SA,financeiro_diversificado,0.0051019661293947305
2025-12-30,13.256949424743652,24758000,B3SA3.SA,financeiro_diversificado,0.007251733028694751
2026-01-02,13.178906440734863,25030000,B3SA3.SA,financeiro_diversificado,-0.005886948913233714
2026-01-05,13.689183235168457,26006500,B3SA3.SA,financeiro_diversificado,0.0387192060834709
2026-01-06,14.228900909423828,31323200,B3SA3.SA,financeiro_diversificado,0.03942657972966557
2026-01-07,14.01301383972168,28359300,B3SA3.SA,financeiro_diversificado,-0.015172434686024583
2026-01-08,14.111144065856934,74915400,B3SA3.SA,financeiro_diversificado,0.007002792351284981
2026-01-09,14.189648628234863,51883500,B3SA3.SA,financeiro_diversificado,0.005563302451703889
2026-01-12,14.219087600708008,30178100,B3SA3.SA,financeiro_diversificado,0.0020746794543289315
2026-01-13,14.04245376586914,26056900,B3SA3.SA,financeiro_diversificado,-0.012422304426204733
2026-01-14,14.454599380493164,43356400,B3SA3.SA,financeiro_diversificado,0.029349971272525366
2026-01-15,14.837308883666992,51505100,B3SA3.SA,financeiro_diversificado,0.02647665930404841
2026-01-16,14.95506477355957,46183300,B3SA3.SA,financeiro_diversificado,0.00793647222793914
2026-01-19,14.817683219909668,17187300,B3SA3.SA,financeiro_diversificado,-0.00918628944307831
2026-01-20,14.395722389221191,126606100,B3SA3.SA,financeiro_diversificado,-0.02847684246087212
2026-01-21,15.210204124450684,81358100,B3SA3.SA,financeiro_diversificado,0.05657803847616116
2026-01-22,15.327960014343262,56650300,B3SA3.SA,financeiro_diversificado,0.007741900695683812
2026-01-23,15.524221420288086,46608800,B3SA3.SA,financeiro_diversificado,0.012804143914856958
2026-01-26,15.386838912963867,41590300,B3SA3.SA,financeiro_diversificado,-0.00884955860940495
2026-01-27,15.857864379882812,53356200,B3SA3.SA,financeiro_diversificado,0.030612230984110145
2026-01-28,16.20132064819336,48570900,B3SA3.SA,financeiro_diversificado,0.02165841881875674
2026-01-29,16.36814308166504,118557100,B3SA3.SA,financeiro_diversificado,0.010296841664588774
2026-01-30,15.848050117492676,55423600,B3SA3.SA,financeiro_diversificado,-0.0317747078320052
2026-02-02,16.044313430786133,35903500,B3SA3.SA,financeiro_diversificado,0.012384066925484216
2026-02-03,16.14244270324707,42608900,B3SA3.SA,financeiro_diversificado,0.006116140331230646
2026-02-04,15.4751558303833,35678700,B3SA3.SA,financeiro_diversificado,-0.041337416221991274
2026-02-05,15.955994606018066,53976900,B3SA3.SA,financeiro_diversificado,0.0310716596915106
2026-02-06,16.721412658691406,62490400,B3SA3.SA,financeiro_diversificado,0.047970563513768605
2026-02-09,17.29056739807129,24451100,B3SA3.SA,financeiro_diversificado,0.03403747942815394
2026-02-10,17.123746871948242,55278200,B3SA3.SA,financeiro_diversificado,-0.009648065461498656
2026-02-11,16.966737747192383,46555200,B3SA3.SA,financeiro_diversificado,-0.009169086995385878
2026-02-12,17.035429000854492,39912500,B3SA3.SA,financeiro_diversificado,0.004048583451080612
2026-02-13,17.133556365966797,38407300,B3SA3.SA,financeiro_diversificado,0.005760193365684119
2026-02-18,17.2807559967041,38351500,B3SA3.SA,financeiro_diversificado,0.008591306299356116
2026-02-19,17.418136596679688,33377000,B3SA3.SA,financeiro_diversificado,0.007949918394877464
2026-02-20,17.741966247558594,28265400,B3SA3.SA,financeiro_diversificado,0.018591520917377258
2026-02-23,17.526081085205078,33070600,B3SA3.SA,financeiro_diversificado,-0.012168051688364767
2026-02-24,17.879348754882812,33547600,B3SA3.SA,financeiro_diversificado,0.02015668351414579
2026-02-25,17.800844192504883,29596100,B3SA3.SA,financeiro_diversificado,-0.004390795406152059
2026-02-26,17.614397048950195,24570400,B3SA3.SA,financeiro_diversificado,-0.010474061878098517
2026-02-27,17.565330505371094,50947300,B3SA3.SA,financeiro_diversificado,-0.0027855931396769673
2026-03-02,18.144302368164062,33357000,B3SA3.SA,financeiro_diversificado,0.032961057158356954
2026-03-03,17.212064743041992,70126200,B3SA3.SA,financeiro_diversificado,-0.05137908342829267
2026-03-04,17.820472717285156,36341300,B3SA3.SA,financeiro_diversificado,0.03534776235890669
2026-03-05,17.231689453125,71248600,B3SA3.SA,financeiro_diversificado,-0.033039710758573704
2026-03-06,16.91767120361328,38256800,B3SA3.SA,financeiro_diversificado,-0.01822330017993512
2026-03-09,16.99617576599121,37855700,B3SA3.SA,financeiro_diversificado,0.004640388232699744
2026-03-10,17.771406173706055,53328400,B3SA3.SA,financeiro_diversificado,0.0456120493450094
2026-03-11,17.653650283813477,23407700,B3SA3.SA,financeiro_diversificado,-0.006626143634419046
2026-03-12,16.81954002380371,42337300,B3SA3.SA,financeiro_diversificado,-0.04724859995524866
2026-03-13,16.564401626586914,19622000,B3SA3.SA,financeiro_diversificado,-0.015169166151732694
2026-03-16,17.025615692138672,23771800,B3SA3.SA,financeiro_diversificado,0.027843690098136697
2026-03-17,17.27094268798828,30507800,B3SA3.SA,financeiro_diversificado,0.01440928776296091
2026-03-18,16.799917221069336,23216900,B3SA3.SA,financeiro_diversificado,-0.02727271321712721
2026-03-19,16.603654861450195,59021100,B3SA3.SA,financeiro_diversificado,-0.011682340873263475
2026-03-20,15.88730525970459,46586300,B3SA3.SA,financeiro_diversificado,-0.04314409132948205
2026-03-23,16.937297821044922,38247900,B3SA3.SA,financeiro_diversificado,0.06609003504222066
2026-03-24,17.0550537109375,21699800,B3SA3.SA,financeiro_diversificado,0.00695246025291385
2026-03-25,17.663463592529297,44334400,B3SA3.SA,financeiro_diversificado,0.03567329026947719
2026-03-26,17.437763214111328,23557400,B3SA3.SA,financeiro_diversificado,-0.012777809812647867
2026-03-27,16.88823127746582,42461100,B3SA3.SA,financeiro_diversificado,-0.03151390060170134
2026-03-30,16.721412658691406,38391500,B3SA3.SA,financeiro_diversificado,-0.009877802834036387
2026-03-31,18.05598258972168,54051300,B3SA3.SA,financeiro_diversificado,0.07981203252804092
2026-04-01,18.247465133666992,47320500,B3SA3.SA,financeiro_diversificado,0.010604936230627082
2026-04-02,18.316434860229492,27826400,B3SA3.SA,financeiro_diversificado,0.0037796880858398385
2026-04-06,18.158788681030273,21583600,B3SA3.SA,financeiro_diversificado,-0.008606815704158444
2026-04-07,17.784379959106445,42624300,B3SA3.SA,financeiro_diversificado,-0.020618595683915664
2026-04-08,18.434667587280273,60763700,B3SA3.SA,financeiro_diversificado,0.036565099804947154
2026-04-09,18.8780460357666,40108400,B3SA3.SA,financeiro_diversificado,0.02405133948779503
2026-04-10,19.222896575927734,37802100,B3SA3.SA,financeiro_diversificado,0.018267279331122266
2026-04-13,18.97657585144043,67037700,B3SA3.SA,financeiro_diversificado,-0.012813923412341777
2026-04-14,19.39039421081543,35228400,B3SA3.SA,financeiro_diversificado,0.02180679816077502
2026-04-15,19.54804039001465,39081700,B3SA3.SA,financeiro_diversificado,0.008130117288244199
2026-04-16,19.488924026489258,35870100,B3SA3.SA,financeiro_diversificado,-0.003024158040699998
2026-04-17,19.144073486328125,45139000,B3SA3.SA,financeiro_diversificado,-0.017694693647140936
2026-04-20,18.96672248840332,41040100,B3SA3.SA,financeiro_diversificado,-0.009264015730584219
2026-04-22,18.789371490478516,24812000,B3SA3.SA,financeiro_diversificado,-0.009350640208567462
2026-04-23,18.74995994567871,18613800,B3SA3.SA,financeiro_diversificado,-0.0020975446049260604
2026-04-24,18.700695037841797,41679200,B3SA3.SA,financeiro_diversificado,-0.00262746736417796
2026-04-27,18.444520950317383,18924800,B3SA3.SA,financeiro_diversificado,-0.013698639917181343
2026-04-28,18.2573184967041,24781800,B3SA3.SA,financeiro_diversificado,-0.010149488518435112
2026-04-29,17.61688232421875,43626800,B3SA3.SA,financeiro_diversificado,-0.035078326129927895
2026-04-30,17.76467514038086,23750100,B3SA3.SA,financeiro_diversificado,0.008389271917820018
2026-05-04,17.607030868530273,29385800,B3SA3.SA,financeiro_diversificado,-0.00887403065943182
2026-05-05,17.744970321655273,20019200,B3SA3.SA,financeiro_diversificado,0.007834339256571843
2026-05-06,18.089818954467773,34599300,B3SA3.SA,financeiro_diversificado,0.01943359873595618
2026-05-07,17.518354415893555,26262200,B3SA3.SA,financeiro_diversificado,-0.03159039568127242
2026-05-08,17.666147232055664,28496100,B3SA3.SA,financeiro_diversificado,0.008436455425746114
2026-05-11,17.33115005493164,28393600,B3SA3.SA,financeiro_diversificado,-0.018962661904920797
2026-05-12,17.04541778564453,19014600,B3SA3.SA,financeiro_diversificado,-0.016486630626442622
2026-05-13,16.395130157470703,70172800,B3SA3.SA,financeiro_diversificado,-0.038150289793512315
2026-05-14,16.680862426757812,30947500,B3SA3.SA,financeiro_diversificado,0.01742787440799365
2026-05-15,16.454248428344727,23708600,B3SA3.SA,financeiro_diversificado,-0.01358526871186072
2026-05-18,16.473953247070312,31340200,B3SA3.SA,financeiro_diversificado,0.0011975520371774184
2026-05-19,15.656167030334473,63506400,B3SA3.SA,financeiro_diversificado,-0.04964116411349373
2026-05-20,16.542922973632812,57502900,B3SA3.SA,financeiro_diversificado,0.056639402324988763
2026-05-21,16.76953887939453,26356400,B3SA3.SA,financeiro_diversificado,0.013698661725192851
2026-05-22,16.41483497619629,31892100,B3SA3.SA,financeiro_diversificado,-0.021151678990653844
2026-05-25,17.006006240844727,16994700,B3SA3.SA,financeiro_diversificado,0.036014450678652166
2026-05-26,16.690715789794922,38370900,B3SA3.SA,financeiro_diversificado,-0.018539946803767804
2026-05-27,16.237483978271484,22460000,B3SA3.SA,financeiro_diversificado,-0.027154725850676464
2026-05-28,16.257190704345703,21661300,B3SA3.SA,financeiro_diversificado,0.001213656383007855
2026-05-29,16.257190704345703,48006500,B3SA3.SA,financeiro_diversificado,0.0
2026-06-01,16.0108699798584,49561100,B3SA3.SA,financeiro_diversificado,-0.015151493819990702
2026-06-02,16.040428161621094,38626900,B3SA3.SA,financeiro_diversificado,0.0018461321464655622
2026-06-03,15.29161262512207,41255400,B3SA3.SA,financeiro_diversificado,-0.0466830142533643
2026-06-05,15.18323040008545,30092100,B3SA3.SA,financeiro_diversificado,-0.007087690990717599
2026-06-08,14.996026992797852,42510200,B3SA3.SA,financeiro_diversificado,-0.012329616448851666
2026-06-09,15.163525581359863,48003700,B3SA3.SA,financeiro_diversificado,0.0111695310126112
2026-06-10,14.89749813079834,66313600,B3SA3.SA,financeiro_diversificado,-0.017543904887696082
2026-06-11,15.212788581848145,76637700,B3SA3.SA,financeiro_diversificado,0.021163986615845953
2026-06-12,15.005879402160645,46559500,B3SA3.SA,financeiro_diversificado,-0.013601002773047322
2026-06-15,14.917203903198242,38898400,B3SA3.SA,financeiro_diversificado,-0.005909383687945247
2026-06-16,14.81867504119873,26364300,B3SA3.SA,financeiro_diversificado,-0.006605048951458414
2026-06-17,14.395002365112305,48934200,B3SA3.SA,financeiro_diversificado,-0.028590455955646243
2026-06-18,14.119123458862305,39787400,B3SA3.SA,financeiro_diversificado,-0.01916490871294463
2026-06-19,14.197946548461914,70356900,B3SA3.SA,financeiro_diversificado,0.0055827183485765985
2026-06-22,14.483678817749023,86034900,B3SA3.SA,financeiro_diversificado,0.020124901041979504
2026-06-23,14.503384590148926,65885100,B3SA3.SA,financeiro_diversificado,0.0013605502198621444
2026-06-24,14.808822631835938,57903500,B3SA3.SA,financeiro_diversificado,0.021059776756831905
2026-06-25,14.609999656677246,47483000,B3SA3.SA,financeiro_diversificado,-0.013425981261417919
2026-06-26,14.920000076293945,58177000,B3SA3.SA,financeiro_diversificado,0.02121837282008543
2026-06-29,14.710000038146973,27533600,B3SA3.SA,financeiro_diversificado,-0.0140750695089229
2026-06-30,14.529999732971191,28205900,B3SA3.SA,financeiro_diversificado,-0.0122365944737588
2026-07-01,14.399999618530273,38024600,B3SA3.SA,financeiro_diversificado,-0.0089470142346888
2026-07-02,14.609999656677246,36634600,B3SA3.SA,financeiro_diversificado,0.014583336368755084
2026-07-03,14.760000228881836,14040900,B3SA3.SA,financeiro_diversificado,0.0102669798582804
2026-07-06,14.579999923706055,15650100,B3SA3.SA,financeiro_diversificado,-0.012195142437976592
2026-07-07,14.529999732971191,23315900,B3SA3.SA,financeiro_diversificado,-0.003429368381104525
2026-07-08,14.239999771118164,30287600,B3SA3.SA,financeiro_diversificado,-0.019958703866660432
2026-07-09,14.789999961853027,22115500,B3SA3.SA,financeiro_diversificado,0.038623609520723745
2026-07-10,15.420000076293945,41457700,B3SA3.SA,financeiro_diversificado,0.042596356731970264
2026-07-13,15.119999885559082,24758100,B3SA3.SA,financeiro_diversificado,-0.019455265191345328
2026-07-14,15.329999923706055,35943900,B3SA3.SA,financeiro_diversificado,0.013888891516959712
2026-07-15,15.6899995803833,36697700,B3SA3.SA,financeiro_diversificado,0.02348334367050775
2026-07-16,15.390000343322754,31046100,B3SA3.SA,financeiro_diversificado,-0.01912041077653226
2026-07-17,15.199999809265137,48880800,B3SA3.SA,financeiro_diversificado,-0.012345713438534966
2026-07-20,15.260000228881836,16308000,B3SA3.SA,financeiro_diversificado,0.003947396076947607
2026-07-21,15.170000076293945,29244400,B3SA3.SA,financeiro_diversificado,-0.0058977818635645995
2026-07-22,15.899999618530273,46053200,B3SA3.SA,financeiro_diversificado,0.048121261606128396
2026-07-23,15.649999618530273,41089800,B3SA3.SA,financeiro_diversificado,-0.01572327081748126
2026-07-24,15.4399995803833,35227200,B3SA3.SA,financeiro_diversificado,-0.01341853311602148
2026-07-27,15.720000267028809,23929400,B3SA3.SA,financeiro_diversificado,0.018134759990618976
2026-07-28,16.0,19864600,B3SA3.SA,financeiro_diversificado,0.017811687545480792
2026-07-29,15.319999694824219,51816200,B3SA3.SA,financeiro_diversificado,-0.04250001907348633
2026-07-30,15.630000114440918,42168300,B3SA3.SA,financeiro_diversificado,0.020235014738376966
2026-07-31,15.729999542236328,24490400,B3SA3.SA,financeiro_diversificado,0.006397915998926917
2026-08-03,15.619999885559082,30632200,B3SA3.SA,financeiro_diversificado,-0.0069929853705263945
2026-08-04,15.699999809265137,38027600,B3SA3.SA,financeiro_diversificado,0.005121634077604353
2026-08-05,15.550000190734863,37288600,B3SA3.SA,financeiro_diversificado,-0.009554115946023956
2026-08-06,15.359999656677246,24253700,B3SA3.SA,financeiro_diversificado,-0.012218683712352907
2026-08-07,14.949999809265137,26676900,B3SA3.SA,financeiro_diversificado,-0.026692698995854136
2026-08-10,14.670000076293945,21473400,B3SA3.SA,financeiro_diversificado,-0.018729079367456825
2026-08-11,14.289999961853027,41817200,B3SA3.SA,financeiro_diversificado,-0.02590321148361685
2026-08-12,14.239999771118164,52257500,B3SA3.SA,financeiro_diversificado,-0.0034989636716821204
2026-08-13,14.800000190734863,61419200,B3SA3.SA,financeiro_diversificado,0.03932587279618516
2026-08-14,14.670000076293945,47158200,B3SA3.SA,financeiro_diversificado,-0.008783791403077168
2026-08-17,14.40999984741211,35182900,B3SA3.SA,financeiro_diversificado,-0.017723260226970572
2026-08-18,14.300000190734863,18478700,B3SA3.SA,financeiro_diversificado,-0.007633564041779062
2026-08-19,14.420000076293945,32229200,B3SA3.SA,financeiro_diversificado,0.008391600276818956
2026-08-20,14.34000015258789,23844200,B3SA3.SA,financeiro_diversificado,-0.005547844887849318
2026-08-21,15.09000015258789,43621500,B3SA3.SA,financeiro_diversificado,0.05230125467360258
2026-08-24,15.449999809265137,33764600,B3SA3.SA,financeiro_diversificado,0.023856835854008107
2026-08-25,15.75,33217000,B3SA3.SA,financeiro_diversificado,0.019417488313168585
2025-08-26,19.912841796875,35682300,BBAS3.SA,bancos,
2025-08-27,20.15711212158203,43263600,BBAS3.SA,bancos,0.012266974608584835
2025-08-28,20.56748390197754,29893700,BBAS3.SA,bancos,0.0203586594111429
2025-08-29,20.899690628051758,31255300,BBAS3.SA,bancos,0.01615203530278575
2025-09-01,20.606569290161133,17070500,BBAS3.SA,bancos,-0.01402515200379062
2025-09-02,19.951929092407227,46246800,BBAS3.SA,bancos,-0.031768519472403
2025-09-03,19.81513786315918,27313600,BBAS3.SA,bancos,-0.00685604026630704
2025-09-04,19.951929092407227,30302400,BBAS3.SA,bancos,0.0069033700493386085
2025-09-05,20.665193557739258,40453000,BBAS3.SA,bancos,0.035749147966021244
2025-09-08,20.46977996826172,41757900,BBAS3.SA,bancos,-0.009456170295794597
2025-09-09,20.90946388244629,36226500,BBAS3.SA,bancos,0.021479660009355195
2025-09-10,21.54456329345703,69024000,BBAS3.SA,bancos,0.03037377785395612
2025-09-11,21.71066665649414,41313800,BBAS3.SA,bancos,0.0077097577135645246
2025-09-12,21.79860496520996,39368300,BBAS3.SA,bancos,0.004050465612464915
2025-09-15,21.368690490722656,36708800,BBAS3.SA,bancos,-0.01972210951909248
2025-09-16,21.43708610534668,23706000,BBAS3.SA,bancos,0.003200739636044503
2025-09-17,21.368690490722656,39196600,BBAS3.SA,bancos,-0.0031905275879339223
2025-09-18,21.59341812133789,35973700,BBAS3.SA,bancos,0.01051667769313247
2025-09-19,21.124420166015625,49988600,BBAS3.SA,bancos,-0.02171948659016687
2025-09-22,21.01694107055664,29380400,BBAS3.SA,bancos,-0.005087907484054632
2025-09-23,21.62272834777832,84333800,BBAS3.SA,bancos,0.028823760564773426
2025-09-24,21.603187561035156,29027100,BBAS3.SA,bancos,-0.0009037151292321521
2025-09-25,21.290525436401367,28793600,BBAS3.SA,bancos,-0.014472962554735513
2025-09-26,21.603187561035156,15230100,BBAS3.SA,bancos,0.01468550532337809
2025-09-29,21.61296272277832,17908100,BBAS3.SA,bancos,0.00045248700987055024
2025-09-30,21.583646774291992,26500000,BBAS3.SA,bancos,-0.0013564058228551223
2025-10-01,21.42731285095215,33351400,BBAS3.SA,bancos,-0.007243165391589534
2025-10-02,21.26120948791504,29996100,BBAS3.SA,bancos,-0.007751945574908103
2025-10-03,21.085338592529297,16402600,BBAS3.SA,bancos,-0.008271913951353849
2025-10-06,20.919233322143555,16949600,BBAS3.SA,bancos,-0.007877761585701748
2025-10-07,20.723817825317383,18484400,BBAS3.SA,bancos,-0.009341427279713876
2025-10-08,20.635881423950195,15223100,BBAS3.SA,bancos,-0.004243252961805055
2025-10-09,20.70427703857422,12039500,BBAS3.SA,bancos,0.0033144023857707428
2025-10-10,20.1375732421875,31221700,BBAS3.SA,bancos,-0.02737133952230697
2025-10-13,20.401384353637695,14359200,BBAS3.SA,bancos,0.013100442058108674
2025-10-14,20.225509643554688,19911800,BBAS3.SA,bancos,-0.008620724311369954
2025-10-15,19.854219436645508,59520500,BBAS3.SA,bancos,-0.018357520450788756
2025-10-16,19.903074264526367,25380500,BBAS3.SA,bancos,0.002460677340489381
2025-10-17,20.420923233032227,69050600,BBAS3.SA,bancos,0.02601854173999807
2025-10-20,20.29390525817871,18843700,BBAS3.SA,bancos,-0.0062199917899918855
2025-10-21,20.069177627563477,25719800,BBAS3.SA,bancos,-0.011073651313350141
2025-10-22,20.21573829650879,13590700,BBAS3.SA,bancos,0.007302774018205005
2025-10-23,20.176654815673828,11428700,BBAS3.SA,bancos,-0.001933319489088925
2025-10-24,20.04963493347168,23127500,BBAS3.SA,bancos,-0.006295388574694583
2025-10-27,20.372068405151367,21147500,BBAS3.SA,bancos,0.016081762722841564
2025-10-28,20.47954750061035,17489600,BBAS3.SA,bancos,0.00527580672327832
2025-10-29,20.733585357666016,17099800,BBAS3.SA,bancos,0.012404466311967788
2025-10-30,21.134191513061523,27700600,BBAS3.SA,bancos,0.019321605428334054
2025-10-31,21.39800262451172,31430300,BBAS3.SA,bancos,0.012482668726038204
2025-11-03,21.57387351989746,23059400,BBAS3.SA,bancos,0.008219033265482345
2025-11-04,21.759521484375,18372500,BBAS3.SA,bancos,0.008605221695877407
2025-11-05,22.091726303100586,21186000,BBAS3.SA,bancos,0.015267101299269559
2025-11-06,22.33599853515625,23305100,BBAS3.SA,bancos,0.011057181711570552
2025-11-07,22.36530876159668,16303700,BBAS3.SA,bancos,0.0013122415993309655
2025-11-10,22.25783348083496,18881800,BBAS3.SA,bancos,-0.004805445876350456
2025-11-11,22.9320125579834,31294700,BBAS3.SA,bancos,0.030289519315926938
2025-11-12,22.277372360229492,49688100,BBAS3.SA,bancos,-0.028547001537638894
2025-11-13,21.9842472076416,66538100,BBAS3.SA,bancos,-0.013157976975381125
2025-11-14,21.92562484741211,36144600,BBAS3.SA,bancos,-0.0026665620922018407
2025-11-17,21.9842472076416,18797000,BBAS3.SA,bancos,0.0026736916570206937
2025-11-18,21.37845802307129,25637700,BBAS3.SA,bancos,-0.027555602830000137
2025-11-19,21.085338592529297,21302000,BBAS3.SA,bancos,-0.013710971587645004
2025-11-21,21.495710372924805,32134300,BBAS3.SA,bancos,0.019462423076331614
2025-11-24,21.339378356933594,23116900,BBAS3.SA,bancos,-0.007272707590446514
2025-11-25,21.46639633178711,19668500,BBAS3.SA,bancos,0.005952280930069609
2025-11-26,21.71066665649414,15757200,BBAS3.SA,bancos,0.011379195694124045
2025-11-27,21.652042388916016,8595700,BBAS3.SA,bancos,-0.0027002518395993214
2025-11-28,21.95493507385254,19115200,BBAS3.SA,bancos,0.013989104560943266
2025-12-01,21.7497501373291,15511100,BBAS3.SA,bancos,-0.009345731874552676
2025-12-02,22.114328384399414,21443700,BBAS3.SA,bancos,0.016762410821657525
2025-12-03,21.982545852661133,20882500,BBAS3.SA,bancos,-0.005959146913602331
2025-12-04,22.365619659423828,26591100,BBAS3.SA,bancos,0.01742627124857421
2025-12-05,20.784212112426758,51737100,BBAS3.SA,bancos,-0.07070707501416085
2025-12-08,21.216398239135742,27278400,BBAS3.SA,bancos,0.02079396247359222
2025-12-09,21.108352661132812,20754600,BBAS3.SA,bancos,-0.00509255043128054
2025-12-10,21.216398239135742,14096700,BBAS3.SA,bancos,0.005118617247753088
2025-12-11,21.18692970275879,17143500,BBAS3.SA,bancos,-0.0013889509446799453
2025-12-12,21.31462287902832,22651600,BBAS3.SA,bancos,0.006026978805376615
2025-12-15,21.619117736816406,18133500,BBAS3.SA,bancos,0.014285725790986525
2025-12-16,21.32444190979004,22792200,BBAS3.SA,bancos,-0.01363033545649961
2025-12-17,21.167285919189453,26144900,BBAS3.SA,bancos,-0.007369758667795878
2025-12-18,21.206575393676758,17004900,BBAS3.SA,bancos,0.001856141341752604
2025-12-19,21.059240341186523,41700500,BBAS3.SA,bancos,-0.0069476117550864025
2025-12-22,20.92172622680664,17942700,BBAS3.SA,bancos,-0.0065298706008374285
2025-12-23,21.363733291625977,14967000,BBAS3.SA,bancos,0.021126701498129785
2025-12-26,21.461957931518555,9742800,BBAS3.SA,bancos,0.00459772824120952
2025-12-29,21.334266662597656,9988400,BBAS3.SA,bancos,-0.005949656099799472
2025-12-30,21.530715942382812,13121900,BBAS3.SA,bancos,0.009208157134810824
2026-01-02,21.29497718811035,16077000,BBAS3.SA,bancos,-0.01094895101971105
2026-01-05,21.491424560546875,10675500,BBAS3.SA,bancos,0.009225056721178682
2026-01-06,21.727163314819336,28809400,BBAS3.SA,bancos,0.010968968278874502
2026-01-07,21.31462287902832,27650400,BBAS3.SA,bancos,-0.018987312324827754
2026-01-08,21.432491302490234,23579700,BBAS3.SA,bancos,0.00552993239105759
2026-01-09,21.471782684326172,20280800,BBAS3.SA,bancos,0.0018332624649832763
2026-01-12,21.481603622436523,15846700,BBAS3.SA,bancos,0.0004573881104674715
2026-01-13,20.823503494262695,39312600,BBAS3.SA,bancos,-0.03063552143223025
2026-01-14,21.118173599243164,20884400,BBAS3.SA,bancos,0.014150841862977437
2026-01-15,21.078882217407227,20166900,BBAS3.SA,bancos,-0.0018605482927437356
2026-01-16,20.990482330322266,55093000,BBAS3.SA,bancos,-0.004193765408108785
2026-01-19,20.931547164916992,10910800,BBAS3.SA,bancos,-0.0028077089643688824
2026-01-20,21.1574649810791,20625300,BBAS3.SA,bancos,0.01079317330831464
2026-01-21,22.00218963623047,52298400,BBAS3.SA,bancos,0.03992560809656531
2026-01-22,23.03354263305664,47402900,BBAS3.SA,bancos,0.046875016254194435
2026-01-23,23.84880256652832,70331700,BBAS3.SA,bancos,0.03539446564774873
2026-01-26,23.966672897338867,42487400,BBAS3.SA,bancos,0.00494240037761795
2026-01-27,24.251522064208984,35277600,BBAS3.SA,bancos,0.011885219449953244
2026-01-28,24.948911666870117,37374300,BBAS3.SA,bancos,0.028756529211432902
2026-01-29,25.047138214111328,50632400,BBAS3.SA,bancos,0.003937107500029624
2026-01-30,24.77210807800293,32426800,BBAS3.SA,bancos,-0.010980501395303044
2026-02-02,24.850688934326172,18511500,BBAS3.SA,bancos,0.0031721505523796267
2026-02-03,25.233762741088867,35191200,BBAS3.SA,bancos,0.01541501757858943
2026-02-04,24.65424156188965,26372500,BBAS3.SA,bancos,-0.022966102405947098
2026-02-05,24.00596046447754,38580000,BBAS3.SA,bancos,-0.026294911396269383
2026-02-06,23.89791488647461,36083700,BBAS3.SA,bancos,-0.004500781302327339
2026-02-09,24.379215240478516,17847600,BBAS3.SA,bancos,0.02013984719128392
2026-02-10,24.359567642211914,26925100,BBAS3.SA,bancos,-0.0008059159440858554
2026-02-11,24.467613220214844,28271000,BBAS3.SA,bancos,0.0044354472784524646
2026-02-12,25.567724227905273,111154300,BBAS3.SA,bancos,0.04496192570109492
2026-02-13,24.97838020324707,61597600,BBAS3.SA,bancos,-0.023050312159381692
2026-02-18,25.361454010009766,38768500,BBAS3.SA,bancos,0.015336214904475565
2026-02-19,25.990087509155273,32852600,BBAS3.SA,bancos,0.024786966035046598
2026-02-20,26.51067543029785,40353900,BBAS3.SA,bancos,0.020030248876968804
2026-02-23,26.353515625,72770500,BBAS3.SA,bancos,-0.005928170548164968
2026-02-24,26.85912322998047,26761400,BBAS3.SA,bancos,0.019185584655006194
2026-02-25,27.314697265625,29552800,BBAS3.SA,bancos,0.01696161232604987
2026-02-26,27.01758575439453,24720400,BBAS3.SA,bancos,-0.01087734959465858
2026-02-27,26.690759658813477,20417600,BBAS3.SA,bancos,-0.012096791273361496
2026-03-02,26.690759658813477,23891500,BBAS3.SA,bancos,0.0
2026-03-03,25.588708877563477,62065500,BBAS3.SA,bancos,-0.041289599671851085
2026-03-04,25.75751304626465,14597900,BBAS3.SA,bancos,0.006596822430895655
2026-03-05,24.824125289916992,24730900,BBAS3.SA,bancos,-0.03623749523764741
2026-03-06,24.575883865356445,20986400,BBAS3.SA,bancos,-0.010000006915102722
2026-03-09,24.52623748779297,18981100,BBAS3.SA,bancos,-0.002020125820722196
2026-03-10,24.9631404876709,21786700,BBAS3.SA,bancos,0.01781369849718617
2026-03-11,25.161733627319336,16908800,BBAS3.SA,bancos,0.007955454953535224
2026-03-12,24.059541702270508,34978900,BBAS3.SA,bancos,-0.043804291920971794
2026-03-13,23.58292007446289,38122400,BBAS3.SA,bancos,-0.019810087561336953
2026-03-16,23.73186492919922,30930000,BBAS3.SA,bancos,0.006315793560171423
2026-03-17,23.503482818603516,22315500,BBAS3.SA,bancos,-0.009623437149884784
2026-03-18,23.245311737060547,15566500,BBAS3.SA,bancos,-0.010984375530022294
2026-03-19,23.344608306884766,29427500,BBAS3.SA,bancos,0.004271681573790653
2026-03-20,23.10629653930664,37796900,BBAS3.SA,bancos,-0.01020842862066107
2026-03-23,23.791440963745117,23714600,BBAS3.SA,bancos,0.02965184936811327
2026-03-24,23.483623504638672,14982000,BBAS3.SA,bancos,-0.012938159549710226
2026-03-25,23.69214630126953,20200600,BBAS3.SA,bancos,0.008879498369988248
2026-03-26,22.89777374267578,28327000,BBAS3.SA,bancos,-0.03352894028647735
2026-03-27,22.500587463378906,16957900,BBAS3.SA,bancos,-0.01734606533195926
2026-03-30,22.242416381835938,23669500,BBAS3.SA,bancos,-0.01147397071134959
2026-03-31,22.83819580078125,25610100,BBAS3.SA,bancos,0.026785732661306128
2026-04-01,23.463762283325195,22064800,BBAS3.SA,bancos,0.027391239132932954
2026-04-02,23.225452423095703,16378700,BBAS3.SA,bancos,-0.010156506759312456
2026-04-06,23.26517105102539,11198800,BBAS3.SA,bancos,0.001710133658804125
2026-04-07,23.275100708007812,13760900,BBAS3.SA,bancos,0.00042680352362944873
2026-04-08,24.317712783813477,40278600,BBAS3.SA,bancos,0.04479516926201543
2026-04-09,24.54609489440918,16299100,BBAS3.SA,bancos,0.009391595033054312
2026-04-10,24.5560245513916,22773400,BBAS3.SA,bancos,0.00040453102724224976
2026-04-13,24.575883865356445,29435700,BBAS3.SA,bancos,0.0008087348961263174
2026-04-14,25.201452255249023,28487700,BBAS3.SA,bancos,0.025454563234424077
2026-04-15,24.22834587097168,36240900,BBAS3.SA,bancos,-0.03861310746783109
2026-04-16,24.10919189453125,20801800,BBAS3.SA,bancos,-0.004917957547534879
2026-04-17,24.22834587097168,22413600,BBAS3.SA,bancos,0.004942263389071
2026-04-20,24.10919189453125,13669600,BBAS3.SA,bancos,-0.004917957547534879
2026-04-22,23.235382080078125,25207400,BBAS3.SA,bancos,-0.03624384501462008
2026-04-23,22.83819580078125,24573300,BBAS3.SA,bancos,-0.017094028319741716
2026-04-24,22.540307998657227,20235200,BBAS3.SA,bancos,-0.013043403459822911
2026-04-27,22.351642608642578,15576900,BBAS3.SA,bancos,-0.008370133630201004
2026-04-28,22.381433486938477,11919500,BBAS3.SA,bancos,0.0013328272475321423
2026-04-29,21.557270050048828,33020900,BBAS3.SA,bancos,-0.03682353220899004
2026-04-30,22.053752899169922,16978900,BBAS3.SA,bancos,0.023030877656049498
2026-05-04,21.755863189697266,12949300,BBAS3.SA,bancos,-0.013507438431663465
2026-05-05,21.76579475402832,11722300,BBAS3.SA,bancos,0.0004565005876557837
2026-05-06,21.914737701416016,15301600,BBAS3.SA,bancos,0.006842982260508945
2026-05-07,21.537412643432617,19233100,BBAS3.SA,bancos,-0.017217867862457603
2026-05-08,21.646636962890625,22432400,BBAS3.SA,bancos,0.005071376087104618
2026-05-11,21.38846778869629,19018400,BBAS3.SA,bancos,-0.0119265257987613
2026-05-12,21.170015335083008,18272200,BBAS3.SA,bancos,-0.010213562550223099
2026-05-13,20.613954544067383,31119200,BBAS3.SA,bancos,-0.02626643307594201
2026-05-14,20.613954544067383,69887800,BBAS3.SA,bancos,0.0
2026-05-15,20.55437660217285,35294300,BBAS3.SA,bancos,-0.002890175282339369
2026-05-18,20.27634620666504,21577400,BBAS3.SA,bancos,-0.01352657883471986
2026-05-19,20.087682723999023,36742400,BBAS3.SA,bancos,-0.009304609456905033
2026-05-20,20.55437660217285,38517100,BBAS3.SA,bancos,0.023232837982664067
2026-05-21,20.673532485961914,21652100,BBAS3.SA,bancos,0.005797105214879972
2026-05-22,20.792688369750977,14910500,BBAS3.SA,bancos,0.005763692483129024
2026-05-25,21.497692108154297,15414500,BBAS3.SA,bancos,0.033906329276254255
2026-05-26,20.96149253845215,22798700,BBAS3.SA,bancos,-0.02494219225973393
2026-05-27,20.92177391052246,13716500,BBAS3.SA,bancos,-0.0018948377772635139
2026-05-28,20.465009689331055,19444000,BBAS3.SA,bancos,-0.021832002541700368
2026-05-29,20.157190322875977,60512500,BBAS3.SA,bancos,-0.015041251928434307
2026-06-01,19.938737869262695,50279700,BBAS3.SA,bancos,-0.01083744560199762
2026-06-02,19.889999389648438,19384600,BBAS3.SA,bancos,-0.0024444114734760714
2026-06-03,19.530000686645508,27323000,BBAS3.SA,bancos,-0.01809948285821905
2026-06-05,19.170000076293945,51227600,BBAS3.SA,bancos,-0.018433210327418403
2026-06-08,19.100000381469727,15329800,BBAS3.SA,bancos,-0.003651522928827866
2026-06-09,19.110000610351562,18242900,BBAS3.SA,bancos,0.000523572182309362
2026-06-10,19.0,18849900,BBAS3.SA,bancos,-0.005756180368302943
2026-06-11,19.40999984741211,32600200,BBAS3.SA,bancos,0.021578939337479452
2026-06-12,19.459999084472656,13773000,BBAS3.SA,bancos,0.0025759524705619707
2026-06-15,19.389999389648438,16495300,BBAS3.SA,bancos,-0.003597106789181348
2026-06-16,19.399999618530273,25391100,BBAS3.SA,bancos,0.0005157415779586394
2026-06-17,19.40999984741211,14117900,BBAS3.SA,bancos,0.0005154757256946585
2026-06-18,19.530000686645508,23842500,BBAS3.SA,bancos,0.0061824235021514795
2026-06-19,19.420000076293945,13185600,BBAS3.SA,bancos,-0.005632391525043801
2026-06-22,19.579999923706055,18434100,BBAS3.SA,bancos,0.008238921049615433
2026-06-23,19.860000610351562,18028200,BBAS3.SA,bancos,0.014300341559577934
2026-06-24,19.729999542236328,16362000,BBAS3.SA,bancos,-0.006545874326281509
2026-06-25,20.049999237060547,15674300,BBAS3.SA,bancos,0.01621894081341413
2026-06-26,20.34000015258789,18097300,BBAS3.SA,bancos,0.014463886611591592
2026-06-29,20.260000228881836,17442900,BBAS3.SA,bancos,-0.00393313289606223
2026-06-30,19.90999984741211,17204700,BBAS3.SA,bancos,-0.017275438179451763
2026-07-01,19.729999542236328,16785700,BBAS3.SA,bancos,-0.009040698470883068
2026-07-02,20.0,29242600,BBAS3.SA,bancos,0.013684767563510558
2026-07-03,19.979999542236328,8243200,BBAS3.SA,bancos,-0.0010000228881835715
2026-07-06,19.770000457763672,15149200,BBAS3.SA,bancos,-0.010510464929127439
2026-07-07,19.729999542236328,16218300,BBAS3.SA,bancos,-0.002023313839208063
2026-07-08,19.530000686645508,22487500,BBAS3.SA,bancos,-0.010136789672127389
2026-07-09,20.0,30913000,BBAS3.SA,bancos,0.024065504189965337
2026-07-10,20.579999923706055,24372700,BBAS3.SA,bancos,0.02899999618530269
2026-07-13,20.239999771118164,14138400,BBAS3.SA,bancos,-0.016520901547538158
2026-07-14,20.59000015258789,15228800,BBAS3.SA,bancos,0.01729250916144598
2026-07-15,20.549999237060547,14771700,BBAS3.SA,bancos,-0.001942735076780222
2026-07-16,20.760000228881836,15332600,BBAS3.SA,bancos,0.010219026745391213
2026-07-17,20.489999771118164,35729100,BBAS3.SA,bancos,-0.013005802253703291
2026-07-20,20.170000076293945,15081500,BBAS3.SA,bancos,-0.01561735960950461
2026-07-21,20.8799991607666,25335900,BBAS3.SA,bancos,0.03520074773361692
2026-07-22,21.09000015258789,19261100,BBAS3.SA,bancos,0.010057519169631046
2026-07-23,20.93000030517578,18426000,BBAS3.SA,bancos,-0.007586526612351707
2026-07-24,20.350000381469727,14443400,BBAS3.SA,bancos,-0.02771141496651708
2026-07-27,20.5,11104800,BBAS3.SA,bancos,0.007370988487393815
2026-07-28,20.829999923706055,11362200,BBAS3.SA,bancos,0.016097557253953898
2026-07-29,20.780000686645508,14713900,BBAS3.SA,bancos,-0.0024003474432875427
2026-07-30,21.190000534057617,15920200,BBAS3.SA,bancos,0.019730502110887782
2026-07-31,21.350000381469727,28502900,BBAS3.SA,bancos,0.0075507240858700975
2026-08-03,21.270000457763672,8365700,BBAS3.SA,bancos,-0.0037470689590941575
2026-08-04,20.989999771118164,11147700,BBAS3.SA,bancos,-0.01316411286410224
2026-08-05,21.049999237060547,13598000,BBAS3.SA,bancos,0.002858478637286277
2026-08-06,20.280000686645508,22892100,BBAS3.SA,bancos,-0.03657950490845541
2026-08-07,20.059999465942383,17314900,BBAS3.SA,bancos,-0.01084818605790272
2026-08-10,20.030000686645508,14169300,BBAS3.SA,bancos,-0.0014954526468361484
2026-08-11,19.280000686645508,17787900,BBAS3.SA,bancos,-0.03744383296502052
2026-08-12,19.0,28382600,BBAS3.SA,bancos,-0.01452285667393427
2026-08-13,18.209999084472656,60899800,BBAS3.SA,bancos,-0.04157899555407074
2026-08-14,18.3799991607666,43600700,BBAS3.SA,bancos,0.009335534587637806
2026-08-17,17.950000762939453,26523400,BBAS3.SA,bancos,-0.023394908458157615
2026-08-18,17.799999237060547,25321900,BBAS3.SA,bancos,-0.008356630612997407
2026-08-19,18.079999923706055,28220200,BBAS3.SA,bancos,0.01573037632847374
2026-08-20,18.040000915527344,81890700,BBAS3.SA,bancos,-0.0022123345324943644
2026-08-21,18.43000030517578,46529700,BBAS3.SA,bancos,0.02161859034678648
2026-08-24,18.600000381469727,22663400,BBAS3.SA,bancos,0.009224095142646549
2026-08-25,19.56999969482422,35300700,BBAS3.SA,bancos,0.05215049964842233
2025-08-26,14.986281394958496,37241300,BBDC4.SA,bancos,
2025-08-27,15.096543312072754,20684700,BBDC4.SA,bancos,0.007357523471523075
2025-08-28,15.427327156066895,32140300,BBDC4.SA,bancos,0.0219112307470819
2025-08-29,15.464075088500977,32575000,BBDC4.SA,bancos,0.0023820025375964615
2025-09-01,15.363005638122559,13494400,BBDC4.SA,bancos,-0.006535757864598923
2025-09-02,15.187256813049316,25223800,BBDC4.SA,bancos,-0.011439742275244025
2025-09-03,15.178056716918945,18858600,BBDC4.SA,bancos,-0.0006057773463385985
2025-09-04,15.481619834899902,22151800,BBDC4.SA,bancos,0.02000013069147233
2025-09-05,15.858770370483398,31586500,BBDC4.SA,bancos,0.024361180522809
2025-09-08,15.775980949401855,21367000,BBDC4.SA,bancos,-0.005220418679851235
2025-09-09,15.628800392150879,23027600,BBDC4.SA,bancos,-0.009329407643367982
2025-09-10,15.518413543701172,26745800,BBDC4.SA,bancos,-0.007063040392092157
2025-09-11,15.665594100952148,44461600,BBDC4.SA,bancos,0.009484252809509375
2025-09-12,15.481619834899902,26449500,BBDC4.SA,bancos,-0.01174384226137104
2025-09-15,15.665594100952148,28565000,BBDC4.SA,bancos,0.0118833990250502
2025-09-16,15.628800392150879,27075700,BBDC4.SA,bancos,-0.0023486953998784754
2025-09-17,16.17152976989746,44010600,BBDC4.SA,bancos,0.034726233884153634
2025-09-18,16.005950927734375,25877600,BBDC4.SA,bancos,-0.01023891026508228
2025-09-19,16.29111671447754,51887400,BBDC4.SA,bancos,0.017816235225927235
2025-09-22,16.318708419799805,31295400,BBDC4.SA,bancos,0.001693665683319745
2025-09-23,16.41989517211914,31896600,BBDC4.SA,bancos,0.006200659373052142
2025-09-24,16.29111671447754,24592400,BBDC4.SA,bancos,-0.007842830681420332
2025-09-25,16.162330627441406,22322600,BBDC4.SA,bancos,-0.007905295216606212
2025-09-26,16.245119094848633,17781600,BBDC4.SA,bancos,0.005122309975930328
2025-09-29,16.410703659057617,17152900,BBDC4.SA,bancos,0.010192880904239754
2025-09-30,16.547880172729492,31375900,BBDC4.SA,bancos,0.008358965984750055
2025-10-01,16.267250061035156,39717600,BBDC4.SA,bancos,-0.01695867439001686
2025-10-02,16.004051208496094,32063000,BBDC4.SA,bancos,-0.016179677053683506
2025-10-03,16.013416290283203,22193300,BBDC4.SA,bancos,0.0005851694464797941
2025-10-06,15.919769287109375,25025200,BBDC4.SA,bancos,-0.0058480340157429644
2025-10-07,15.657564163208008,42904900,BBDC4.SA,bancos,-0.016470409788770013
2025-10-08,15.910405158996582,25534300,BBDC4.SA,bancos,0.016148169226902986
2025-10-09,15.9946870803833,20125800,BBDC4.SA,bancos,0.005297283164348743
2025-10-10,15.779303550720215,28431400,BBDC4.SA,bancos,-0.013465942070679415
2025-10-13,15.844855308532715,15538000,BBDC4.SA,bancos,0.004154287139593649
2025-10-14,16.069604873657227,38399800,BBDC4.SA,bancos,0.014184387345177019
2025-10-15,16.256895065307617,35955800,BBDC4.SA,bancos,0.011654934463100286
2025-10-16,16.44418716430664,43635200,BBDC4.SA,bancos,0.011520779229159617
2025-10-17,16.556560516357422,33720300,BBDC4.SA,bancos,0.006833621566573855
2025-10-20,16.8655948638916,19858100,BBDC4.SA,bancos,0.01866537118194711
2025-10-21,16.640840530395508,18340400,BBDC4.SA,bancos,-0.013326202562666922
2025-10-22,16.659574508666992,17711400,BBDC4.SA,bancos,0.0011257831740689728
2025-10-23,16.837499618530273,21199100,BBDC4.SA,bancos,0.010680051268459279
2025-10-24,16.93114471435547,17723600,BBDC4.SA,bancos,0.005561698467516862
2025-10-27,17.071611404418945,25859200,BBDC4.SA,bancos,0.008296349268362091
2025-10-28,17.080978393554688,33329500,BBDC4.SA,bancos,0.0005486880478851042
2025-10-29,17.63348960876465,43232000,BBDC4.SA,bancos,0.03234657889494463
2025-10-30,16.949872970581055,66549800,BBDC4.SA,bancos,-0.03876808580440061
2025-10-31,17.006059646606445,35036500,BBDC4.SA,bancos,0.0033148729859457937
2025-11-03,17.1933536529541,35328300,BBDC4.SA,bancos,0.011013368777936128
2025-11-04,17.248605728149414,24920700,BBDC4.SA,bancos,0.0032135717272248066
2025-11-05,17.61420249938965,32489600,BBDC4.SA,bancos,0.02119572891874899
2025-11-06,17.539209365844727,23203700,BBDC4.SA,bancos,-0.004257537833320613
2025-11-07,17.557954788208008,15628600,BBDC4.SA,bancos,0.0010687723700810725
2025-11-10,17.886049270629883,28034500,BBDC4.SA,bancos,0.01868637243799176
2025-11-11,18.27039909362793,39993600,BBDC4.SA,bancos,0.021488804888242008
2025-11-12,18.223527908325195,30776900,BBDC4.SA,bancos,-0.0025654166098145748
2025-11-13,18.261024475097656,32477500,BBDC4.SA,bancos,0.002057590986832558
2025-11-14,18.251646041870117,26233700,BBDC4.SA,bancos,-0.0005135765104705703
2025-11-17,18.111034393310547,27809900,BBDC4.SA,bancos,-0.007704053006342582
2025-11-18,17.895427703857422,31226100,BBDC4.SA,bancos,-0.011904714262635396
2025-11-19,17.71731948852539,25755800,BBDC4.SA,bancos,-0.009952721906369422
2025-11-21,17.61420249938965,33815400,BBDC4.SA,bancos,-0.005820123591637305
2025-11-24,17.623573303222656,32487300,BBDC4.SA,bancos,0.0005320027309401176
2025-11-25,17.764188766479492,28601700,BBDC4.SA,bancos,0.007978828177320985
2025-11-26,18.298521041870117,33913900,BBDC4.SA,bancos,0.030079182472936505
2025-11-27,18.261024475097656,9964400,BBDC4.SA,bancos,-0.0020491583274223624
2025-11-28,18.420385360717773,25415300,BBDC4.SA,bancos,0.00872683160999177
2025-12-01,18.139162063598633,24721300,BBDC4.SA,bancos,-0.015266960577212552
2025-12-02,18.335220336914062,23940400,BBDC4.SA,bancos,0.010808562855771475
2025-12-03,17.828510284423828,63797200,BBDC4.SA,bancos,-0.027635885644094582
2025-12-04,18.081865310668945,35919800,BBDC4.SA,bancos,0.014210667195590831
2025-12-05,17.002769470214844,72531700,BBDC4.SA,bancos,-0.059678347444463986
2025-12-08,17.124755859375,34307900,BBDC4.SA,bancos,0.007174501152523938
2025-12-09,16.899551391601562,34063400,BBDC4.SA,bancos,-0.013150813338465683
2025-12-10,17.1998233795166,26416600,BBDC4.SA,bancos,0.017768044899952873
2025-12-11,17.396879196166992,22571700,BBDC4.SA,bancos,0.01145685117238271
2025-12-12,17.509475708007812,29409300,BBDC4.SA,bancos,0.006472224734745957
2025-12-15,17.75344467163086,22821300,BBDC4.SA,bancos,0.013933539055739352
2025-12-16,17.265506744384766,30577300,BBDC4.SA,bancos,-0.027484126955136468
2025-12-17,17.124755859375,48096300,BBDC4.SA,bancos,-0.00815214329319014
2025-12-18,17.1998233795166,22975800,BBDC4.SA,bancos,0.00438356731961842
2025-12-19,17.35934066772461,33688200,BBDC4.SA,bancos,0.009274356177283671
2025-12-22,17.115371704101562,19424900,BBDC4.SA,bancos,-0.014054045501661672
2025-12-23,17.27488899230957,26477700,BBDC4.SA,bancos,0.009320118251932685
2025-12-26,17.265506744384766,18043500,BBDC4.SA,bancos,-0.000543114802588951
2025-12-29,17.349956512451172,24923600,BBDC4.SA,bancos,0.004891241787263079
2025-12-30,17.432031631469727,18087700,BBDC4.SA,bancos,0.0047305662673939874
2026-01-02,17.46078109741211,19380800,BBDC4.SA,bancos,0.00164923208895984
2026-01-05,18.198450088500977,50153200,BBDC4.SA,bancos,0.04224719312231673
2026-01-06,18.303974151611328,24993300,BBDC4.SA,bancos,0.0057985192473632985
2026-01-07,18.07373809814453,17154200,BBDC4.SA,bancos,-0.012578473481209995
2026-01-08,17.766752243041992,30919300,BBDC4.SA,bancos,-0.01698518886549838
2026-01-09,17.785940170288086,16397800,BBDC4.SA,bancos,0.0010799907030620837
2026-01-12,17.651634216308594,18972100,BBDC4.SA,bancos,-0.007551242874630493
2026-01-13,17.45017433166504,25752700,BBDC4.SA,bancos,-0.011413101029332684
2026-01-14,17.766752243041992,31867300,BBDC4.SA,bancos,0.018141819408789006
2026-01-15,18.131296157836914,37422400,BBDC4.SA,bancos,0.020518320389011357
2026-01-16,18.14089012145996,28353400,BBDC4.SA,bancos,0.0005291383219119261
2026-01-19,18.131296157836914,10581700,BBDC4.SA,bancos,-0.0005288584826219633
2026-01-20,18.39031410217285,25010600,BBDC4.SA,bancos,0.014285682726768556
2026-01-21,18.956317901611328,74374300,BBDC4.SA,bancos,0.03077727744582681
2026-01-22,19.474353790283203,56520800,BBDC4.SA,bancos,0.02732787513696633
2026-01-23,19.944427490234375,37158300,BBDC4.SA,bancos,0.024138089767359316
2026-01-26,20.030763626098633,34782400,BBDC4.SA,bancos,0.004328835004490994
2026-01-27,20.55839729309082,34219200,BBDC4.SA,bancos,0.026341165860732207
2026-01-28,20.836599349975586,31338800,BBDC4.SA,bancos,0.013532283325328187
2026-01-29,20.567991256713867,31208200,BBDC4.SA,bancos,-0.012891167543711224
2026-01-30,20.443273544311523,26351100,BBDC4.SA,bancos,-0.0060636797655985175
2026-02-02,20.702295303344727,25109800,BBDC4.SA,bancos,0.012670268216671055
2026-02-03,20.816503524780273,24905100,BBDC4.SA,bancos,0.005516693669087802
2026-02-04,20.144380569458008,46217700,BBDC4.SA,bancos,-0.0322879850846306
2026-02-05,20.3076114654541,61032100,BBDC4.SA,bancos,0.008103048660805134
2026-02-06,19.789119720458984,94063600,BBDC4.SA,bancos,-0.02553189211233131
2026-02-09,20.077167510986328,40230200,BBDC4.SA,bancos,0.014555866789240923
2026-02-10,20.086769104003906,25521200,BBDC4.SA,bancos,0.0004782344427980423
2026-02-11,20.682077407836914,50967100,BBDC4.SA,bancos,0.02963683710160958
2026-02-12,20.38442039489746,32620300,BBDC4.SA,bancos,-0.014392026829309956
2026-02-13,20.13477897644043,45493100,BBDC4.SA,bancos,-0.01224667729672213
2026-02-18,20.077167510986328,28450400,BBDC4.SA,bancos,-0.0028612911778923555
2026-02-19,20.48044204711914,42690400,BBDC4.SA,bancos,0.020086226601045087
2026-02-20,20.893314361572266,36313800,BBDC4.SA,bancos,0.02015934585314283
2026-02-23,20.38442039489746,37464600,BBDC4.SA,bancos,-0.02435678503984895
2026-02-24,20.547651290893555,30613800,BBDC4.SA,bancos,0.008007629985739229
2026-02-25,20.326810836791992,34124600,BBDC4.SA,bancos,-0.010747722500013213
2026-02-26,20.144380569458008,40191400,BBDC4.SA,bancos,-0.008974859302757987
2026-02-27,20.3076114654541,69034600,BBDC4.SA,bancos,0.008103048660805134
2026-03-02,20.38442039489746,32108900,BBDC4.SA,bancos,0.003782272945984877
2026-03-03,19.412765502929688,57300000,BBDC4.SA,bancos,-0.047666544995853544
2026-03-04,19.691463470458984,64157000,BBDC4.SA,bancos,0.014356427861204946
2026-03-05,19.057188034057617,46790000,BBDC4.SA,bancos,-0.03221068039726471
2026-03-06,18.78809928894043,37187000,BBDC4.SA,bancos,-0.014120065596051834
2026-03-09,18.78809928894043,38655600,BBDC4.SA,bancos,0.0
2026-03-10,19.249393463134766,32907500,BBDC4.SA,bancos,0.02455246627666452
2026-03-11,19.16290283203125,23976900,BBDC4.SA,bancos,-0.004493161369949483
2026-03-12,18.634336471557617,45693900,BBDC4.SA,bancos,-0.027582791871705425
2026-03-13,18.249923706054688,33706400,BBDC4.SA,bancos,-0.020629270384254106
2026-03-16,18.259531021118164,34664900,BBDC4.SA,bancos,0.0005264304233933981
2026-03-17,18.115379333496094,24004200,BBDC4.SA,bancos,-0.007894599672650493
2026-03-18,17.903955459594727,26382300,BBDC4.SA,bancos,-0.011670960348615811
2026-03-19,17.913562774658203,33436700,BBDC4.SA,bancos,0.0005366029358795377
2026-03-20,17.615644454956055,53625700,BBDC4.SA,bancos,-0.01663088038095939
2026-03-23,18.259531021118164,30955400,BBDC4.SA,bancos,0.036551973321700126
2026-03-24,18.201873779296875,23064400,BBDC4.SA,bancos,-0.0031576518451982283
2026-03-25,18.528621673583984,29470000,BBDC4.SA,bancos,0.017951332826994904
2026-03-26,18.086549758911133,50872800,BBDC4.SA,bancos,-0.02385886670151549
2026-03-27,17.798240661621094,20727200,BBDC4.SA,bancos,-0.015940524927812172
2026-03-30,17.75018882751465,32459400,BBDC4.SA,bancos,-0.0026998080889006904
2026-03-31,18.422908782958984,41297600,BBDC4.SA,bancos,0.037899312620356396
2026-04-01,18.672779083251953,48850400,BBDC4.SA,bancos,0.013563021086230309
2026-04-02,18.392789840698242,29291200,BBDC4.SA,bancos,-0.014994513741387272
2026-04-06,18.59480094909668,27976500,BBDC4.SA,bancos,0.010983168412626698
2026-04-07,18.767553329467773,24923500,BBDC4.SA,bancos,0.009290359216213462
2026-04-08,19.7054443359375,67537800,BBDC4.SA,bancos,0.04997406907575441
2026-04-09,19.82267951965332,32822000,BBDC4.SA,bancos,0.005949380370074309
2026-04-10,19.96922492980957,33816800,BBDC4.SA,bancos,0.007392815386585649
2026-04-13,20.11577033996582,34692500,BBDC4.SA,bancos,0.007338562746994182
2026-04-14,20.301395416259766,32893100,BBDC4.SA,bancos,0.009227838315749137
2026-04-15,20.320932388305664,37389800,BBDC4.SA,bancos,0.0009623462646439762
2026-04-16,20.369781494140625,35466500,BBDC4.SA,bancos,0.0024038811261963833
2026-04-17,20.770339965820312,49218700,BBDC4.SA,bancos,0.019664347985024255
2026-04-20,20.545637130737305,20455500,BBDC4.SA,bancos,-0.010818447625449479
2026-04-22,19.939916610717773,35201800,BBDC4.SA,bancos,-0.02948171021249779
2026-04-23,19.510047912597656,19189100,BBDC4.SA,bancos,-0.021558199390315447
2026-04-24,19.46120262145996,21380800,BBDC4.SA,bancos,-0.0025035966777998686
2026-04-27,19.275577545166016,17874000,BBDC4.SA,bancos,-0.009538211995658297
2026-04-28,19.119260787963867,26064600,BBDC4.SA,bancos,-0.008109575800562707
2026-04-29,18.669858932495117,33825900,BBDC4.SA,bancos,-0.023505189894771572
2026-04-30,18.875019073486328,24009300,BBDC4.SA,bancos,0.01098884259024202
2026-05-04,18.474464416503906,27527900,BBDC4.SA,bancos,-0.021221417335947512
2026-05-05,18.766815185546875,23567700,BBDC4.SA,bancos,0.015824586978651523
2026-05-06,18.845050811767578,31056000,BBDC4.SA,bancos,0.004168828085489684
2026-05-07,18.111589431762695,53319900,BBDC4.SA,bancos,-0.03892063689989533
2026-05-08,18.1800479888916,37000000,BBDC4.SA,bancos,0.003779820505915854
2026-05-11,17.691072463989258,33701700,BBDC4.SA,bancos,-0.026896272507152763
2026-05-12,17.56393814086914,29020600,BBDC4.SA,bancos,-0.007186354777467763
2026-05-13,17.26077651977539,54103500,BBDC4.SA,bancos,-0.01726045825613165
2026-05-14,17.44658660888672,28467200,BBDC4.SA,bancos,0.010764874274251213
2026-05-15,17.299894332885742,34994000,BBDC4.SA,bancos,-0.008408078857457202
2026-05-18,17.270553588867188,17534300,BBDC4.SA,bancos,-0.0016960071231637563
2026-05-19,17.006507873535156,37267200,BBDC4.SA,bancos,-0.01528878121788979
2026-05-20,17.466144561767578,40845900,BBDC4.SA,bancos,0.02702710583797696
2026-05-21,17.50526237487793,20334500,BBDC4.SA,bancos,0.002239636398978284
2026-05-22,17.23143768310547,20095600,BBDC4.SA,bancos,-0.01564242145638617
2026-05-25,17.6715145111084,13186100,BBDC4.SA,bancos,0.025539182283925266
2026-05-26,17.44658660888672,26326900,BBDC4.SA,bancos,-0.012728275331482686
2026-05-27,17.603055953979492,23973800,BBDC4.SA,bancos,0.008968478969580973
2026-05-28,17.50526237487793,31080500,BBDC4.SA,bancos,-0.0055554887377071704
2026-05-29,17.309673309326172,59372500,BBDC4.SA,bancos,-0.011173158183133025
2026-06-01,17.11408233642578,27399600,BBDC4.SA,bancos,-0.011299518448739887
2026-06-02,17.37738037109375,21483700,BBDC4.SA,bancos,0.015384876003988968
2026-06-03,17.00535774230957,30635400,BBDC4.SA,bancos,-0.02140844136685971
2026-06-05,17.103256225585938,24164700,BBDC4.SA,bancos,0.005756919951927619
2026-06-08,16.838926315307617,18139400,BBDC4.SA,bancos,-0.01545494651965107
2026-06-09,17.064096450805664,26754000,BBDC4.SA,bancos,0.013372000760722758
2026-06-10,16.89766502380371,19825200,BBDC4.SA,bancos,-0.00975331026062587
2026-06-11,17.308847427368164,31243100,BBDC4.SA,bancos,0.024333681782969574
2026-06-12,17.426326751708984,22078400,BBDC4.SA,bancos,0.006787241313079395
2026-06-15,17.27947998046875,18201800,BBDC4.SA,bancos,-0.008426719717385844
2026-06-16,17.289268493652344,19627200,BBDC4.SA,bancos,0.0005664819308601743
2026-06-17,17.181577682495117,30207900,BBDC4.SA,bancos,-0.0062287661966013985
2026-06-18,17.103256225585938,25189700,BBDC4.SA,bancos,-0.00455845547810052
2026-06-19,17.103256225585938,20299600,BBDC4.SA,bancos,0.0
2026-06-22,17.308847427368164,21753800,BBDC4.SA,bancos,0.012020588306141944
2026-06-23,17.465492248535156,21980600,BBDC4.SA,bancos,0.009049985669138838
2026-06-24,17.27947998046875,76122900,BBDC4.SA,bancos,-0.010650273431715429
2026-06-25,17.25010871887207,51834700,BBDC4.SA,bancos,-0.0016997769394611062
2026-06-26,17.543811798095703,54809800,BBDC4.SA,bancos,0.017026158154140436
2026-06-29,17.788562774658203,18900500,BBDC4.SA,bancos,0.013950843715107908
2026-06-30,17.72003173828125,25467200,BBDC4.SA,bancos,-0.003852533633272648
2026-07-01,17.739612579345703,56556800,BBDC4.SA,bancos,0.0011050116249031738
2026-07-02,17.79737663269043,25735800,BBDC4.SA,bancos,0.0032562184256481608
2026-07-03,17.895381927490234,11813000,BBDC4.SA,bancos,0.005506727020643476
2026-07-06,17.901670455932617,35102000,BBDC4.SA,bancos,0.0003514050981343608
2026-07-07,17.80177116394043,22292100,BBDC4.SA,bancos,-0.005580445257223565
2026-07-08,17.671905517578125,34277500,BBDC4.SA,bancos,-0.007295096940992174
2026-07-09,17.98158836364746,20018900,BBDC4.SA,bancos,0.017524021151046565
2026-07-10,18.840709686279297,48063400,BBDC4.SA,bancos,0.04777783281752135
2026-07-13,18.75080108642578,24114300,BBDC4.SA,bancos,-0.004772038917355226
2026-07-14,18.610942840576172,53143500,BBDC4.SA,bancos,-0.007458787771518538
2026-07-15,18.580974578857422,22326000,BBDC4.SA,bancos,-0.001610249516935447
2026-07-16,18.39116859436035,19600800,BBDC4.SA,bancos,-0.010215071534140252
2026-07-17,18.271291732788086,55082500,BBDC4.SA,bancos,-0.006518175338190657
2026-07-20,18.39116859436035,12804800,BBDC4.SA,bancos,0.006560940700057083
2026-07-21,18.531024932861328,19403200,BBDC4.SA,bancos,0.00760453789455573
2026-07-22,18.95059585571289,36477500,BBDC4.SA,bancos,0.022641538952739237
2026-07-23,18.700851440429688,19179800,BBDC4.SA,bancos,-0.013178710431308915
2026-07-24,18.461097717285156,13967900,BBDC4.SA,bancos,-0.01282047097739114
2026-07-27,18.658658981323242,15130368,BBDC4.SA,bancos,0.010701490619006382
2026-07-28,18.718494415283203,20158531,BBDC4.SA,bancos,0.0032068453590290424
2026-07-29,18.299646377563477,22522604,BBDC4.SA,bancos,-0.022376160626345398
2026-07-30,18.339536666870117,48017329,BBDC4.SA,bancos,0.0021798393522811654
2026-07-31,18.379426956176758,25236379,BBDC4.SA,bancos,0.0021750979880914567
2026-08-03,18.49909782409668,18993223,BBDC4.SA,bancos,0.006511131614998611
2026-08-04,18.188608169555664,31739183,BBDC4.SA,bancos,-0.01678404306487724
2026-08-05,18.049999237060547,37330400,BBDC4.SA,bancos,-0.007620645362360512
2026-08-06,17.700000762939453,58573100,BBDC4.SA,bancos,-0.01939049800082382
2026-08-07,17.309999465942383,26547600,BBDC4.SA,bancos,-0.02203397063200474
2026-08-10,17.18000030517578,31144700,BBDC4.SA,bancos,-0.007510061512270738
2026-08-11,16.790000915527344,51847000,BBDC4.SA,bancos,-0.022700778970937696
2026-08-12,16.739999771118164,44453700,BBDC4.SA,bancos,-0.0029780310710370017
2026-08-13,16.65999984741211,41325600,BBDC4.SA,bancos,-0.004778968028666286
2026-08-14,16.540000915527344,41889000,BBDC4.SA,bancos,-0.007202817105872006
2026-08-17,16.219999313354492,40198100,BBDC4.SA,bancos,-0.01934713328053339
2026-08-18,16.1200008392334,26514900,BBDC4.SA,bancos,-0.006165134300515129
2026-08-19,16.020000457763672,38268000,BBDC4.SA,bancos,-0.0062034972868203475
2026-08-20,15.75,36972400,BBDC4.SA,bancos,-0.016853960677187363
2026-08-21,16.239999771118164,41406100,BBDC4.SA,bancos,0.031111096578930963
2026-08-24,16.270000457763672,26780200,BBDC4.SA,bancos,0.0018473329475572342
2026-08-25,16.780000686645508,46776100,BBDC4.SA,bancos,0.03134604883421965
2025-08-26,41.91217803955078,4472800,BPAC11.SA,financeiro_diversificado,
2025-08-27,42.866275787353516,5632600,BPAC11.SA,financeiro_diversificado,0.02276421299084941
2025-08-28,43.323856353759766,8611700,BPAC11.SA,financeiro_diversificado,0.010674605106265167
2025-08-29,43.674339294433594,10425500,BPAC11.SA,financeiro_diversificado,0.00808983710526534
2025-09-01,43.245967864990234,2485800,BPAC11.SA,financeiro_diversificado,-0.009808309326798548
2025-09-02,43.323856353759766,7235200,BPAC11.SA,financeiro_diversificado,0.001801057823765051
2025-09-03,43.12914276123047,7430000,BPAC11.SA,financeiro_diversificado,-0.004494373514198902
2025-09-04,44.200069427490234,6909800,BPAC11.SA,financeiro_diversificado,0.024830696779404526
2025-09-05,45.04707336425781,6882000,BPAC11.SA,financeiro_diversificado,0.019162954894382578
2025-09-08,44.268218994140625,8082400,BPAC11.SA,financeiro_diversificado,-0.01728978848013607
2025-09-09,44.355838775634766,5057000,BPAC11.SA,financeiro_diversificado,0.0019792931246169765
2025-09-10,44.404518127441406,15471400,BPAC11.SA,financeiro_diversificado,0.0010974733687909577
2025-09-11,45.144432067871094,7180900,BPAC11.SA,financeiro_diversificado,0.01666303276405623
2025-09-12,44.34610366821289,6734700,BPAC11.SA,financeiro_diversificado,-0.017683872918325294
2025-09-15,44.65764236450195,6509400,BPAC11.SA,financeiro_diversificado,0.007025165020582591
2025-09-16,44.823150634765625,6169000,BPAC11.SA,financeiro_diversificado,0.0037061578153358976
2025-09-17,45.46571350097656,8736400,BPAC11.SA,financeiro_diversificado,0.014335513169227099
2025-09-18,45.51438903808594,5922200,BPAC11.SA,financeiro_diversificado,0.0010705987734764832
2025-09-19,46.23482894897461,9928000,BPAC11.SA,financeiro_diversificado,0.0158288384424059
2025-09-22,45.90381622314453,4744300,BPAC11.SA,financeiro_diversificado,-0.00715938034929009
2025-09-23,46.54637145996094,4461500,BPAC11.SA,financeiro_diversificado,0.01399786095545652
2025-09-24,46.56584548950195,7463600,BPAC11.SA,financeiro_diversificado,0.00041837911162989627
2025-09-25,46.09852600097656,5263200,BPAC11.SA,financeiro_diversificado,-0.010035670642568828
2025-09-26,46.770294189453125,3814800,BPAC11.SA,financeiro_diversificado,0.014572443996633044
2025-09-29,47.55888366699219,6690500,BPAC11.SA,financeiro_diversificado,0.016860904794498754
2025-09-30,46.98447799682617,7678700,BPAC11.SA,financeiro_diversificado,-0.012077778658305172
2025-10-01,46.55610656738281,6326700,BPAC11.SA,financeiro_diversificado,-0.009117296769207361
2025-10-02,45.99143600463867,4768900,BPAC11.SA,financeiro_diversificado,-0.012128818416696108
2025-10-03,46.53663635253906,4618000,BPAC11.SA,financeiro_diversificado,0.01185438845278508
2025-10-06,46.371131896972656,4015200,BPAC11.SA,financeiro_diversificado,-0.0035564335658603285
2025-10-07,44.823150634765625,16249000,BPAC11.SA,financeiro_diversificado,-0.03338243426203902
2025-10-08,46.18614959716797,9710500,BPAC11.SA,financeiro_diversificado,0.03040837029749488
2025-10-09,46.15694046020508,6340900,BPAC11.SA,financeiro_diversificado,-0.0006324219970196276
2025-10-10,45.89407730102539,8014700,BPAC11.SA,financeiro_diversificado,-0.005694986638170252
2025-10-13,46.05958938598633,3143100,BPAC11.SA,financeiro_diversificado,0.0036063931272727334
2025-10-14,45.17363739013672,10120900,BPAC11.SA,financeiro_diversificado,-0.019234908683731344
2025-10-15,46.176414489746094,24915000,BPAC11.SA,financeiro_diversificado,0.02219828106709687
2025-10-16,44.5602912902832,13862700,BPAC11.SA,financeiro_diversificado,-0.034998888876956125
2025-10-17,45.15416717529297,7795300,BPAC11.SA,financeiro_diversificado,0.013327468645593532
2025-10-20,45.44623947143555,5951900,BPAC11.SA,financeiro_diversificado,0.006468335358920996
2025-10-21,45.64094924926758,5120200,BPAC11.SA,financeiro_diversificado,0.004284398007329271
2025-10-22,46.04985046386719,6351400,BPAC11.SA,financeiro_diversificado,0.008959086551123097
2025-10-23,46.03038024902344,6050900,BPAC11.SA,financeiro_diversificado,-0.0004228073413403699
2025-10-24,46.390602111816406,4187800,BPAC11.SA,financeiro_diversificado,0.007825741626381832
2025-10-27,46.4976921081543,5240600,BPAC11.SA,financeiro_diversificado,0.0023084416123715368
2025-10-28,46.682674407958984,4268400,BPAC11.SA,financeiro_diversificado,0.0039783114261759955
2025-10-29,48.250118255615234,11214000,BPAC11.SA,financeiro_diversificado,0.033576564914820084
2025-10-30,47.821746826171875,12866200,BPAC11.SA,financeiro_diversificado,-0.008878142581412396
2025-10-31,47.5296745300293,7662800,BPAC11.SA,financeiro_diversificado,-0.006107520438436431
2025-11-03,47.218135833740234,5588700,BPAC11.SA,financeiro_diversificado,-0.006554614551215421
2025-11-04,47.743865966796875,6048900,BPAC11.SA,financeiro_diversificado,0.011134072190138733
2025-11-05,49.05818176269531,9600800,BPAC11.SA,financeiro_diversificado,0.02752847448115059
2025-11-06,48.89267349243164,5821100,BPAC11.SA,financeiro_diversificado,-0.003373713911051013
2025-11-07,49.25289535522461,6100800,BPAC11.SA,financeiro_diversificado,0.007367604122706206
2025-11-10,49.85650634765625,10668100,BPAC11.SA,financeiro_diversificado,0.012255340281586369
2025-11-11,51.01506042480469,18905300,BPAC11.SA,financeiro_diversificado,0.023237770995618634
2025-11-12,52.251487731933594,14058900,BPAC11.SA,financeiro_diversificado,0.024236515586439022
2025-11-13,52.57276916503906,17188900,BPAC11.SA,financeiro_diversificado,0.006148751873893854
2025-11-14,51.9788932800293,10473800,BPAC11.SA,financeiro_diversificado,-0.011296264101010922
2025-11-17,51.57972717285156,14274000,BPAC11.SA,financeiro_diversificado,-0.0076793883437894506
2025-11-18,51.00531768798828,6671900,BPAC11.SA,financeiro_diversificado,-0.01113634205427938
2025-11-19,50.74245834350586,7483600,BPAC11.SA,financeiro_diversificado,-0.005153567439583395
2025-11-21,49.85650634765625,7939700,BPAC11.SA,financeiro_diversificado,-0.01745977677809918
2025-11-24,49.837032318115234,9202500,BPAC11.SA,financeiro_diversificado,-0.0003906015677316299
2025-11-25,50.40170669555664,5878200,BPAC11.SA,financeiro_diversificado,0.011330417385951641
2025-11-26,51.27791976928711,7409000,BPAC11.SA,financeiro_diversificado,0.017384591339795197
2025-11-27,51.268184661865234,2457800,BPAC11.SA,financeiro_diversificado,-0.00018984988988779428
2025-11-28,52.57276916503906,6504800,BPAC11.SA,financeiro_diversificado,0.02544627846252201
2025-12-01,52.251487731933594,3445200,BPAC11.SA,financeiro_diversificado,-0.006111175770423749
2025-12-02,53.721580505371094,5700500,BPAC11.SA,financeiro_diversificado,0.028134945764215047
2025-12-03,54.59779357910156,8799600,BPAC11.SA,financeiro_diversificado,0.01631026238408717
2025-12-04,55.41558837890625,10489900,BPAC11.SA,financeiro_diversificado,0.014978532028402602
2025-12-05,51.03452682495117,15402400,BPAC11.SA,financeiro_diversificado,-0.07905828814808202
2025-12-08,51.54077911376953,10922400,BPAC11.SA,financeiro_diversificado,0.009919799796612283
2025-12-09,50.82033920288086,15113500,BPAC11.SA,financeiro_diversificado,-0.013978056274593698
2025-12-10,52.0178337097168,10755900,BPAC11.SA,financeiro_diversificado,0.02356329228845544
2025-12-11,53.3321533203125,9599300,BPAC11.SA,financeiro_diversificado,0.02526671175755224
2025-12-12,53.82867431640625,7252300,BPAC11.SA,financeiro_diversificado,0.009309974662220055
2025-12-15,54.967750549316406,6660700,BPAC11.SA,financeiro_diversificado,0.02116114222346699
2025-12-16,52.09571838378906,10155500,BPAC11.SA,financeiro_diversificado,-0.052249403274208794
2025-12-17,50.38223648071289,14692300,BPAC11.SA,financeiro_diversificado,-0.03289103128308846
2025-12-18,51.36553955078125,9506600,BPAC11.SA,financeiro_diversificado,0.01951686028159516
2025-12-19,51.36064910888672,7955000,BPAC11.SA,financeiro_diversificado,-9.5208615295439e-05
2025-12-22,50.672698974609375,4724200,BPAC11.SA,financeiro_diversificado,-0.013394498438266678
2025-12-23,51.95032501220703,3988600,BPAC11.SA,financeiro_diversificado,0.025213301510500497
2025-12-26,51.54738235473633,2571800,BPAC11.SA,financeiro_diversificado,-0.007756306767590426
2025-12-29,51.53755187988281,4830000,BPAC11.SA,financeiro_diversificado,-0.00019070754720118543
2025-12-30,51.82176971435547,4172300,BPAC11.SA,financeiro_diversificado,0.005514771736443214
2026-01-02,51.43739318847656,3901500,BPAC11.SA,financeiro_diversificado,-0.007417279031526891
2026-01-05,52.82706069946289,5441900,BPAC11.SA,financeiro_diversificado,0.02701667842875155
2026-01-06,53.526824951171875,4560900,BPAC11.SA,financeiro_diversificado,0.013246321912362191
2026-01-07,52.48210906982422,4471400,BPAC11.SA,financeiro_diversificado,-0.01951761350128023
2026-01-08,53.61552429199219,6647300,BPAC11.SA,financeiro_diversificado,0.021596220926640486
2026-01-09,53.930912017822266,5274500,BPAC11.SA,financeiro_diversificado,0.005882395630647297
2026-01-12,53.290283203125,4598600,BPAC11.SA,financeiro_diversificado,-0.01187869425396626
2026-01-13,52.620086669921875,7179100,BPAC11.SA,financeiro_diversificado,-0.012576336489872997
2026-01-14,53.714080810546875,7456700,BPAC11.SA,financeiro_diversificado,0.02079042832991629
2026-01-15,54.28572082519531,7038100,BPAC11.SA,financeiro_diversificado,0.010642274912320504
2026-01-16,53.61552429199219,5636300,BPAC11.SA,financeiro_diversificado,-0.012345724124419699
2026-01-19,54.02946853637695,2129900,BPAC11.SA,financeiro_diversificado,0.007720604243845575
2026-01-20,54.30542755126953,5683800,BPAC11.SA,financeiro_diversificado,0.005107564859846425
2026-01-21,56.89750289916992,11414100,BPAC11.SA,financeiro_diversificado,0.0477314232624948
2026-01-22,57.46914291381836,16209600,BPAC11.SA,financeiro_diversificado,0.010046838358819699
2026-01-23,58.237892150878906,11815900,BPAC11.SA,financeiro_diversificado,0.013376730504113699
2026-01-26,59.361454010009766,11168400,BPAC11.SA,financeiro_diversificado,0.019292625773954963
2026-01-27,60.81025695800781,11595100,BPAC11.SA,financeiro_diversificado,0.024406459918480783
2026-01-28,61.322757720947266,7986400,BPAC11.SA,financeiro_diversificado,0.008427867083234952
2026-01-29,60.090782165527344,20184000,BPAC11.SA,financeiro_diversificado,-0.020090022060424872
2026-01-30,59.08549118041992,7466500,BPAC11.SA,financeiro_diversificado,-0.01672953735796323
2026-02-02,60.238616943359375,11794800,BPAC11.SA,financeiro_diversificado,0.019516225386336128
2026-02-03,60.33717727661133,11319800,BPAC11.SA,financeiro_diversificado,0.001636165274920387
2026-02-04,57.36072540283203,14129300,BPAC11.SA,financeiro_diversificado,-0.049330313550035254
2026-02-05,58.129478454589844,15395500,BPAC11.SA,financeiro_diversificado,0.01340208036699364
2026-02-06,59.400875091552734,8950000,BPAC11.SA,financeiro_diversificado,0.02187180533463917
2026-02-09,59.331886291503906,19528000,BPAC11.SA,financeiro_diversificado,-0.0011614105001398478
2026-02-10,58.09005355834961,11375400,BPAC11.SA,financeiro_diversificado,-0.0209302756203138
2026-02-11,58.35615921020508,15363700,BPAC11.SA,financeiro_diversificado,0.004580915932332008
2026-02-12,57.65639877319336,10400400,BPAC11.SA,financeiro_diversificado,-0.01199120103999829
2026-02-13,58.730682373046875,13019500,BPAC11.SA,financeiro_diversificado,0.018632513003101314
2026-02-18,59.45015335083008,7790400,BPAC11.SA,financeiro_diversificado,0.01225034255882207
2026-02-19,60.958091735839844,7157700,BPAC11.SA,financeiro_diversificado,0.02536475181335618
2026-02-20,61.28333282470703,5465400,BPAC11.SA,financeiro_diversificado,0.00533548671891837
2026-02-23,59.7359733581543,6658000,BPAC11.SA,financeiro_diversificado,-0.02524927080873285
2026-02-24,60.2681884765625,8188300,BPAC11.SA,financeiro_diversificado,0.008909457542731314
2026-02-25,60.9088134765625,8997900,BPAC11.SA,financeiro_diversificado,0.010629571191593579
2026-02-26,61.14535140991211,11718500,BPAC11.SA,financeiro_diversificado,0.003883476295932553
2026-02-27,60.3765983581543,10421600,BPAC11.SA,financeiro_diversificado,-0.01257255104487287
2026-03-02,60.20905303955078,7548900,BPAC11.SA,financeiro_diversificado,-0.002775004275822779
2026-03-03,56.6806755065918,21363700,BPAC11.SA,financeiro_diversificado,-0.05860210972993085
2026-03-04,59.0263557434082,12691800,BPAC11.SA,financeiro_diversificado,0.041384126350851425
2026-03-05,56.325870513916016,12883000,BPAC11.SA,financeiro_diversificado,-0.045750499001350975
2026-03-06,55.19245147705078,9962200,BPAC11.SA,financeiro_diversificado,-0.020122530313760656
2026-03-09,55.88235855102539,12474600,BPAC11.SA,financeiro_diversificado,0.012500025918607216
2026-03-10,57.08476257324219,10675500,BPAC11.SA,financeiro_diversificado,0.021516701395466242
2026-03-11,57.38043975830078,4985700,BPAC11.SA,financeiro_diversificado,0.0051796166214972406
2026-03-12,55.29100799560547,11722700,BPAC11.SA,financeiro_diversificado,-0.03641365893144888
2026-03-13,54.315284729003906,7846700,BPAC11.SA,financeiro_diversificado,-0.017647051518379087
2026-03-16,55.093894958496094,4283300,BPAC11.SA,financeiro_diversificado,0.014335011468262104
2026-03-17,55.29100799560547,7097900,BPAC11.SA,financeiro_diversificado,0.0035777655084627824
2026-03-18,54.62081527709961,10772900,BPAC11.SA,financeiro_diversificado,-0.012121188287236961
2026-03-19,54.315284729003906,11706900,BPAC11.SA,financeiro_diversificado,-0.0055936650990231485
2026-03-20,51.97946548461914,18114700,BPAC11.SA,financeiro_diversificado,-0.0430048237073396
2026-03-23,54.433555603027344,12812700,BPAC11.SA,financeiro_diversificado,0.047212684769418756
2026-03-24,54.827789306640625,6165400,BPAC11.SA,financeiro_diversificado,0.007242475698048256
2026-03-25,55.86264419555664,10106000,BPAC11.SA,financeiro_diversificado,0.01887464189242216
2026-03-26,54.403987884521484,5861800,BPAC11.SA,financeiro_diversificado,-0.026111479899320278
2026-03-27,52.7580680847168,14128200,BPAC11.SA,financeiro_diversificado,-0.03025366087681547
2026-03-30,52.629947662353516,10362400,BPAC11.SA,financeiro_diversificado,-0.002428451742348736
2026-03-31,55.478271484375,12745600,BPAC11.SA,financeiro_diversificado,0.054119830030895155
2026-04-01,56.769378662109375,9892000,BPAC11.SA,financeiro_diversificado,0.02327230360985566
2026-04-02,56.44413757324219,6127500,BPAC11.SA,financeiro_diversificado,-0.005729164146802024
2026-04-06,56.87779235839844,4491900,BPAC11.SA,financeiro_diversificado,0.007682902136533443
2026-04-07,57.370582580566406,4506400,BPAC11.SA,financeiro_diversificado,0.008664018094492798
2026-04-08,61.22419738769531,18658200,BPAC11.SA,financeiro_diversificado,0.0671705712891657
2026-04-09,62.140785217285156,11089100,BPAC11.SA,financeiro_diversificado,0.014971006051506919
2026-04-10,61.87467956542969,7803800,BPAC11.SA,financeiro_diversificado,-0.004282302692587336
2026-04-13,62.87997055053711,10530300,BPAC11.SA,financeiro_diversificado,0.016247211172130127
2026-04-14,62.3379020690918,8523900,BPAC11.SA,financeiro_diversificado,-0.008620685994273014
2026-04-15,63.4023323059082,7588000,BPAC11.SA,financeiro_diversificado,0.01707516938309306
2026-04-16,63.41218185424805,5036900,BPAC11.SA,financeiro_diversificado,0.0001553499371651501
2026-04-17,62.68285369873047,8357200,BPAC11.SA,financeiro_diversificado,-0.01150138875829776
2026-04-20,63.2052116394043,4243100,BPAC11.SA,financeiro_diversificado,0.008333346519040274
2026-04-22,61.135494232177734,6396500,BPAC11.SA,financeiro_diversificado,-0.03274599283101254
2026-04-23,60.08092498779297,5330800,BPAC11.SA,financeiro_diversificado,-0.017249705062983067
2026-04-24,60.002079010009766,4296900,BPAC11.SA,financeiro_diversificado,-0.001312329625404729
2026-04-27,59.637413024902344,2601900,BPAC11.SA,financeiro_diversificado,-0.006077555830133585
2026-04-28,59.31217575073242,7849400,BPAC11.SA,financeiro_diversificado,-0.005453577841046053
2026-04-29,57.72539138793945,6087700,BPAC11.SA,financeiro_diversificado,-0.026753096522064035
2026-04-30,58.48428726196289,9514200,BPAC11.SA,financeiro_diversificado,0.01314665619022537
2026-05-04,57.27202606201172,6426000,BPAC11.SA,financeiro_diversificado,-0.02072798108184526
2026-05-05,57.10447311401367,6316300,BPAC11.SA,financeiro_diversificado,-0.0029255634821898635
2026-05-06,58.16890335083008,7356200,BPAC11.SA,financeiro_diversificado,0.018640050048114087
2026-05-07,56.37514877319336,7742800,BPAC11.SA,financeiro_diversificado,-0.030837001805211428
2026-05-08,57.804237365722656,9091400,BPAC11.SA,financeiro_diversificado,0.025349619887989228
2026-05-11,56.138607025146484,12253600,BPAC11.SA,financeiro_diversificado,-0.02881502146698811
2026-05-12,56.17803192138672,17384700,BPAC11.SA,financeiro_diversificado,0.0007022777786875878
2026-05-13,54.137882232666016,18127600,BPAC11.SA,financeiro_diversificado,-0.03631579140357932
2026-05-14,54.59124755859375,13168800,BPAC11.SA,financeiro_diversificado,0.008374271530964705
2026-05-15,53.714080810546875,8815400,BPAC11.SA,financeiro_diversificado,-0.01606790075836606
2026-05-18,53.39869689941406,8557600,BPAC11.SA,financeiro_diversificado,-0.005871531381970274
2026-05-19,52.30470275878906,10589600,BPAC11.SA,financeiro_diversificado,-0.020487281603252083
2026-05-20,53.41840744018555,16101300,BPAC11.SA,financeiro_diversificado,0.02129262996737591
2026-05-21,53.58595657348633,12222800,BPAC11.SA,financeiro_diversificado,0.0031365430257048743
2026-05-22,53.15230178833008,8871900,BPAC11.SA,financeiro_diversificado,-0.008092694670133405
2026-05-25,55.093894958496094,5612600,BPAC11.SA,financeiro_diversificado,0.03652886337637984
2026-05-26,54.69966125488281,9069500,BPAC11.SA,financeiro_diversificado,-0.007155669496779482
2026-05-27,54.197017669677734,7089600,BPAC11.SA,financeiro_diversificado,-0.009189153528079808
2026-05-28,53.516963958740234,11597400,BPAC11.SA,financeiro_diversificado,-0.012547806875321421
2026-05-29,52.97489929199219,14559100,BPAC11.SA,financeiro_diversificado,-0.010128838159914277
2026-06-01,51.98931884765625,12828100,BPAC11.SA,financeiro_diversificado,-0.018604668579047634
2026-06-02,52.48210906982422,8932700,BPAC11.SA,financeiro_diversificado,0.009478682027206142
2026-06-03,49.978736877441406,14867300,BPAC11.SA,financeiro_diversificado,-0.047699534884397043
2026-06-05,49.91960144042969,9846200,BPAC11.SA,financeiro_diversificado,-0.001183211915833926
2026-06-08,49.77176284790039,5479800,BPAC11.SA,financeiro_diversificado,-0.0029615339117984307
2026-06-09,50.11671447753906,16494900,BPAC11.SA,financeiro_diversificado,0.006930669317315896
2026-06-10,48.49051284790039,14645300,BPAC11.SA,financeiro_diversificado,-0.03244828889107432
2026-06-11,49.752052307128906,11346000,BPAC11.SA,financeiro_diversificado,0.02601621193790149
2026-06-12,49.66334915161133,7441800,BPAC11.SA,financeiro_diversificado,-0.0017829044512575054
2026-06-15,50.14628601074219,10725400,BPAC11.SA,financeiro_diversificado,0.009724210456619753
2026-06-16,49.96887969970703,38493700,BPAC11.SA,financeiro_diversificado,-0.0035377756788838033
2026-06-17,49.66334915161133,12655300,BPAC11.SA,financeiro_diversificado,-0.006114416611535445
2026-06-18,50.11671447753906,10210500,BPAC11.SA,financeiro_diversificado,0.009128770686481769
2026-06-19,49.90974426269531,6356200,BPAC11.SA,financeiro_diversificado,-0.004129764231382449
2026-06-22,51.45710372924805,9634100,BPAC11.SA,financeiro_diversificado,0.03100315358075867
2026-06-23,52.038597106933594,11615900,BPAC11.SA,financeiro_diversificado,0.011300546193683703
2026-06-24,52.88619613647461,15130900,BPAC11.SA,financeiro_diversificado,0.016287891616280303
2026-06-25,53.516963958740234,8896800,BPAC11.SA,financeiro_diversificado,0.011926889592095202
2026-06-26,53.87177658081055,8258000,BPAC11.SA,financeiro_diversificado,0.006629909393661704
2026-06-29,53.72393798828125,4023600,BPAC11.SA,financeiro_diversificado,-0.0027442679991726004
2026-06-30,53.309993743896484,6276200,BPAC11.SA,financeiro_diversificado,-0.00770502423845143
2026-07-01,53.221290588378906,5629300,BPAC11.SA,financeiro_diversificado,-0.0016639123227759622
2026-07-02,53.75350570678711,10354300,BPAC11.SA,financeiro_diversificado,0.010000041572167717
2026-07-03,55.034759521484375,10866000,BPAC11.SA,financeiro_diversificado,0.023835725648968964
2026-07-06,54.58139419555664,7904300,BPAC11.SA,financeiro_diversificado,-0.008237799708214366
2026-07-07,53.76335906982422,8742500,BPAC11.SA,financeiro_diversificado,-0.014987435513309388
2026-07-08,53.17201614379883,10184300,BPAC11.SA,financeiro_diversificado,-0.010998995156857538
2026-07-09,54.87706756591797,6957300,BPAC11.SA,financeiro_diversificado,0.03206670624465291
2026-07-10,57.88308334350586,15106000,BPAC11.SA,financeiro_diversificado,0.05477726691531193
2026-07-13,56.69053268432617,8271000,BPAC11.SA,financeiro_diversificado,-0.020602749375020712
2026-07-14,57.11433410644531,12486600,BPAC11.SA,financeiro_diversificado,0.007475700122258955
2026-07-15,56.21745681762695,7741000,BPAC11.SA,financeiro_diversificado,-0.015703190851298898
2026-07-16,55.77394485473633,5047800,BPAC11.SA,financeiro_diversificado,-0.007889221391309209
2026-07-17,55.36985778808594,5467200,BPAC11.SA,financeiro_diversificado,-0.007245086710341853
2026-07-20,55.034759521484375,4782500,BPAC11.SA,financeiro_diversificado,-0.006051997964019784
2026-07-21,54.571537017822266,5416600,BPAC11.SA,financeiro_diversificado,-0.008416907926730888
2026-07-22,56.1977424621582,7459100,BPAC11.SA,financeiro_diversificado,0.02979951698638872
2026-07-23,55.48812484741211,14839600,BPAC11.SA,financeiro_diversificado,-0.012627155178411842
2026-07-24,53.881629943847656,3987200,BPAC11.SA,financeiro_diversificado,-0.028952048893023274
2026-07-27,54.748939514160156,3226300,BPAC11.SA,financeiro_diversificado,0.016096572639253015
2026-07-28,55.034759521484375,6390200,BPAC11.SA,financeiro_diversificado,0.005220557874920928
2026-07-29,53.87177658081055,6016600,BPAC11.SA,financeiro_diversificado,-0.02113178926892234
2026-07-30,55.80350875854492,4774300,BPAC11.SA,financeiro_diversificado,0.035857963117972735
2026-07-31,55.98091506958008,5155600,BPAC11.SA,financeiro_diversificado,0.00317912466405601
2026-08-03,56.29629898071289,6082800,BPAC11.SA,financeiro_diversificado,0.005633775559774401
2026-08-04,55.931636810302734,5792900,BPAC11.SA,financeiro_diversificado,-0.006477551402359283
2026-08-05,55.99077224731445,4633900,BPAC11.SA,financeiro_diversificado,0.0010572806444459903
2026-08-06,55.38956832885742,23863700,BPAC11.SA,financeiro_diversificado,-0.010737553606181338
2026-08-07,53.132591247558594,15220400,BPAC11.SA,financeiro_diversificado,-0.04074733112016271
2026-08-10,53.08331298828125,8649700,BPAC11.SA,financeiro_diversificado,-0.0009274582345841775
2026-08-11,50.130001068115234,38429900,BPAC11.SA,financeiro_diversificado,-0.05563541071405986
2026-08-12,49.599998474121094,22461900,BPAC11.SA,financeiro_diversificado,-0.010572562990253886
2026-08-13,50.2400016784668,15762600,BPAC11.SA,financeiro_diversificado,0.012903290807148471
2026-08-14,51.0,16691200,BPAC11.SA,financeiro_diversificado,0.015127354620669609
2026-08-17,50.0,14447100,BPAC11.SA,financeiro_diversificado,-0.019607843137254943
2026-08-18,50.220001220703125,8424700,BPAC11.SA,financeiro_diversificado,0.004400024414062509
2026-08-19,50.5099983215332,8212000,BPAC11.SA,financeiro_diversificado,0.0057745339263457485
2026-08-20,49.86000061035156,5745900,BPAC11.SA,financeiro_diversificado,-0.012868693977060364
2026-08-21,51.849998474121094,13327100,BPAC11.SA,financeiro_diversificado,0.039911709574997234
2026-08-24,52.599998474121094,8525300,BPAC11.SA,financeiro_diversificado,0.01446480274004891
2026-08-25,54.20000076293945,13879400,BPAC11.SA,financeiro_diversificado,0.030418295346634983
2025-08-26,9.827627182006836,10147100,CMIG4.SA,utilities,
2025-08-27,9.899166107177734,7242900,CMIG4.SA,utilities,0.00727936905277371
2025-08-28,9.943879127502441,13007000,CMIG4.SA,utilities,0.0045168471607206495
2025-08-29,9.9349365234375,15792300,CMIG4.SA,utilities,-0.000899307398076532
2025-09-01,9.854454040527344,5609000,CMIG4.SA,utilities,-0.008100955926622189
2025-09-02,9.702435493469238,12489600,CMIG4.SA,utilities,-0.015426379425274583
2025-09-03,9.71137809753418,8919500,CMIG4.SA,utilities,0.0009216865261263418
2025-09-04,9.908110618591309,8640100,CMIG4.SA,utilities,0.020257940642541827
2025-09-05,9.961764335632324,4542600,CMIG4.SA,utilities,0.005415131007958429
2025-09-08,9.917052268981934,8522600,CMIG4.SA,utilities,-0.004488368239194296
2025-09-09,9.908110618591309,10289600,CMIG4.SA,utilities,-0.0009016439712223878
2025-09-10,9.899166107177734,6425000,CMIG4.SA,utilities,-0.0009027464223896331
2025-09-11,9.872339248657227,7020900,CMIG4.SA,utilities,-0.002710011957578584
2025-09-12,9.79185962677002,4706500,CMIG4.SA,utilities,-0.00815203163709688
2025-09-15,9.925994873046875,13340600,CMIG4.SA,utilities,0.013698648815404058
2025-09-16,10.006474494934082,9039700,CMIG4.SA,utilities,0.008107965288773444
2025-09-17,10.19426441192627,9521900,CMIG4.SA,utilities,0.01876684111744442
2025-09-18,10.104841232299805,5882000,CMIG4.SA,utilities,-0.00877191095042118
2025-09-19,10.095898628234863,13158200,CMIG4.SA,utilities,-0.000884982144633506
2025-09-22,10.086956977844238,6655900,CMIG4.SA,utilities,-0.0008856715701975881
2025-09-23,10.212149620056152,4979200,CMIG4.SA,utilities,0.012411338968421948
2025-09-24,10.238975524902344,9274000,CMIG4.SA,utilities,0.00262686171317994
2025-09-25,9.997533798217773,9271900,CMIG4.SA,utilities,-0.02358065278087218
2025-09-26,10.069070816040039,7583300,CMIG4.SA,utilities,0.00715546646464138
2025-09-29,10.086956977844238,12359000,CMIG4.SA,utilities,0.0017763468080596034
2025-09-30,10.161131858825684,11574600,CMIG4.SA,utilities,0.007353543902721915
2025-10-01,9.84217357635498,22647900,CMIG4.SA,utilities,-0.03139003478177138
2025-10-02,9.851287841796875,8693200,CMIG4.SA,utilities,0.0009260419328298575
2025-10-03,9.87862777709961,7034500,CMIG4.SA,utilities,0.0027752650964818493
2025-10-06,9.87862777709961,5113900,CMIG4.SA,utilities,0.0
2025-10-07,9.72370433807373,4926700,CMIG4.SA,utilities,-0.015682688175074122
2025-10-08,9.732816696166992,7800600,CMIG4.SA,utilities,0.0009371282565207029
2025-10-09,9.614346504211426,11361500,CMIG4.SA,utilities,-0.012172241156275243
2025-10-10,9.632572174072266,7098500,CMIG4.SA,utilities,0.0018956743292803946
2025-10-13,9.732816696166992,6291300,CMIG4.SA,utilities,0.010406828029231097
2025-10-14,9.769269943237305,7096700,CMIG4.SA,utilities,0.003745395419259223
2025-10-15,9.769269943237305,10480000,CMIG4.SA,utilities,0.0
2025-10-16,9.778382301330566,6718700,CMIG4.SA,utilities,0.0009327573243658183
2025-10-17,9.869514465332031,15676200,CMIG4.SA,utilities,0.009319758748751683
2025-10-20,9.924192428588867,10985300,CMIG4.SA,utilities,0.005540086439804082
2025-10-21,9.8057222366333,4938400,CMIG4.SA,utilities,-0.01193751459456649
2025-10-22,9.787495613098145,4937200,CMIG4.SA,utilities,-0.001858774202991742
2025-10-23,9.86039924621582,15217100,CMIG4.SA,utilities,0.007448650400426526
2025-10-24,9.76015567779541,6608700,CMIG4.SA,utilities,-0.010166278861262201
2025-10-27,9.896852493286133,7929100,CMIG4.SA,utilities,0.014005597861693087
2025-10-28,10.088228225708008,14713700,CMIG4.SA,utilities,0.019337029884167745
2025-10-29,10.133794784545898,8479700,CMIG4.SA,utilities,0.004516804915433381
2025-10-30,10.252264976501465,5542200,CMIG4.SA,utilities,0.011690604997866672
2025-10-31,10.334282875061035,15879600,CMIG4.SA,utilities,0.007999978419164666
2025-11-03,10.443639755249023,8846900,CMIG4.SA,utilities,0.010581951501626774
2025-11-04,10.52565860748291,7277900,CMIG4.SA,utilities,0.007853473899524621
2025-11-05,10.771712303161621,8232000,CMIG4.SA,utilities,0.023376560541664038
2025-11-06,10.68969440460205,9767300,CMIG4.SA,utilities,-0.007614193198930641
2025-11-07,10.543883323669434,6041200,CMIG4.SA,utilities,-0.013640341380558474
2025-11-10,10.680582046508789,5828600,CMIG4.SA,utilities,0.012964741608292307
2025-11-11,11.063333511352539,10544800,CMIG4.SA,utilities,0.03583619911134539
2025-11-12,10.94486141204834,9377300,CMIG4.SA,utilities,-0.010708535468322511
2025-11-13,10.817278861999512,9267200,CMIG4.SA,utilities,-0.011656844727917948
2025-11-14,10.24315071105957,23442600,CMIG4.SA,utilities,-0.053075099409410686
2025-11-17,10.507431983947754,11442700,CMIG4.SA,utilities,0.0258007795006705
2025-11-18,10.443639755249023,11125200,CMIG4.SA,utilities,-0.006071153141527508
2025-11-19,10.124680519104004,10427200,CMIG4.SA,utilities,-0.030541003291951863
2025-11-21,10.033550262451172,10118100,CMIG4.SA,utilities,-0.009000803183950468
2025-11-24,10.20669937133789,22378300,CMIG4.SA,utilities,0.017257013156618983
2025-11-25,10.270491600036621,10452200,CMIG4.SA,utilities,0.006250035038542379
2025-11-26,10.434528350830078,9199800,CMIG4.SA,utilities,0.01597165522172972
2025-11-27,10.452754020690918,3125300,CMIG4.SA,utilities,0.001746669255001887
2025-11-28,10.480093002319336,8593800,CMIG4.SA,utilities,0.002615481199911729
2025-12-01,10.261378288269043,14524500,CMIG4.SA,utilities,-0.020869539421252248
2025-12-02,10.316056251525879,12998400,CMIG4.SA,utilities,0.005328520372291923
2025-12-03,10.316056251525879,15670800,CMIG4.SA,utilities,0.0
2025-12-04,10.461865425109863,16364400,CMIG4.SA,utilities,0.014134197219253908
2025-12-05,10.097341537475586,14109500,CMIG4.SA,utilities,-0.034843106159573756
2025-12-08,10.133794784545898,11797100,CMIG4.SA,utilities,0.0036101826342129772
2025-12-09,10.088228225708008,12810200,CMIG4.SA,utilities,-0.004496495124154287
2025-12-10,10.042662620544434,11789000,CMIG4.SA,utilities,-0.004516710382052924
2025-12-11,9.978872299194336,9775200,CMIG4.SA,utilities,-0.006351933123751596
2025-12-12,10.133794784545898,8524000,CMIG4.SA,utilities,0.01552504939501742
2025-12-15,10.234038352966309,11848300,CMIG4.SA,utilities,0.009892006948204912
2025-12-16,10.0153226852417,11427700,CMIG4.SA,utilities,-0.02137139418294398
2025-12-17,9.997097969055176,16318100,CMIG4.SA,utilities,-0.001819683375092751
2025-12-18,9.997097969055176,9029700,CMIG4.SA,utilities,0.0
2025-12-19,10.097341537475586,13913500,CMIG4.SA,utilities,0.010027266785891387
2025-12-22,10.06088924407959,8718400,CMIG4.SA,utilities,-0.003610088186153382
2025-12-23,10.297192573547363,11931900,CMIG4.SA,utilities,0.023487320428144942
2025-12-26,10.492323875427246,9211600,CMIG4.SA,utilities,0.018949951696655587
2025-12-29,10.454582214355469,10899900,CMIG4.SA,utilities,-0.0035970735863546377
2025-12-30,10.567808151245117,9433900,CMIG4.SA,utilities,0.010830268925923647
2026-01-02,10.53006649017334,12023400,CMIG4.SA,utilities,-0.0035713802267814954
2026-01-05,10.558371543884277,8810900,CMIG4.SA,utilities,0.0026880223156569016
2026-01-06,10.492323875427246,13051700,CMIG4.SA,utilities,-0.0062554787149243785
2026-01-07,10.379096984863281,14402900,CMIG4.SA,utilities,-0.010791402544210404
2026-01-08,10.33191967010498,26339000,CMIG4.SA,utilities,-0.0045454161211812005
2026-01-09,10.341354370117188,10626600,CMIG4.SA,utilities,0.000913160410983993
2026-01-12,10.284740447998047,8306500,CMIG4.SA,utilities,-0.005474517175693583
2026-01-13,10.11490249633789,16707000,CMIG4.SA,utilities,-0.016513586562431515
2026-01-14,10.133771896362305,11341800,CMIG4.SA,utilities,0.0018655048856126566
2026-01-15,10.180951118469238,9194500,CMIG4.SA,utilities,0.004655642794157311
2026-01-16,10.162079811096191,15225600,CMIG4.SA,utilities,-0.0018535898221544445
2026-01-19,10.180951118469238,5648300,CMIG4.SA,utilities,0.0018570319977648797
2026-01-20,10.24699878692627,11535700,CMIG4.SA,utilities,0.00648737703270319
2026-01-21,10.53006649017334,17330900,CMIG4.SA,utilities,0.02762444976652323
2026-01-22,10.8225679397583,27435400,CMIG4.SA,utilities,0.027777740041615484
2026-01-23,11.049019813537598,15403400,CMIG4.SA,utilities,0.020924042707774815
2026-01-26,10.775389671325684,18044000,CMIG4.SA,utilities,-0.024765105577659874
2026-01-27,10.973536491394043,14654500,CMIG4.SA,utilities,0.018388831041131315
2026-01-28,10.93579387664795,13898200,CMIG4.SA,utilities,-0.003439421263664033
2026-01-29,10.860309600830078,11449100,CMIG4.SA,utilities,-0.006902496212831788
2026-01-30,10.832001686096191,19989700,CMIG4.SA,utilities,-0.002606547674453341
2026-02-02,10.945229530334473,15577100,CMIG4.SA,utilities,0.010453085913346927
2026-02-03,11.171682357788086,11215300,CMIG4.SA,utilities,0.020689637145205886
2026-02-04,10.907486915588379,12555600,CMIG4.SA,utilities,-0.023648671143565836
2026-02-05,10.879180908203125,11617000,CMIG4.SA,utilities,-0.0025950989081454656
2026-02-06,10.709341049194336,9611500,CMIG4.SA,utilities,-0.015611456454476813
2026-02-09,10.775389671325684,12202300,CMIG4.SA,utilities,0.006167384326257519
2026-02-10,10.803696632385254,11507000,CMIG4.SA,utilities,0.0026270011501206003
2026-02-11,11.247166633605957,16587200,CMIG4.SA,utilities,0.04104798721313152
2026-02-12,11.18111801147461,8343500,CMIG4.SA,utilities,-0.005872467643005974
2026-02-13,11.096198081970215,9251200,CMIG4.SA,utilities,-0.0075949408115758565
2026-02-18,11.001843452453613,10221900,CMIG4.SA,utilities,-0.00850332959267508
2026-02-19,11.19998836517334,7993000,CMIG4.SA,utilities,0.01801015562310493
2026-02-20,11.28490924835205,11491000,CMIG4.SA,utilities,0.007582229588985578
2026-02-23,11.20942497253418,16174300,CMIG4.SA,utilities,-0.006688957275300611
2026-02-24,11.483055114746094,13005800,CMIG4.SA,utilities,0.024410720699980182
2026-02-25,11.64345932006836,12985000,CMIG4.SA,utilities,0.013968774313055432
2026-02-26,11.577411651611328,11909600,CMIG4.SA,utilities,-0.005672512493189452
2026-02-27,11.388700485229492,14330500,CMIG4.SA,utilities,-0.016299944414222445
2026-03-02,11.25660228729248,11402500,CMIG4.SA,utilities,-0.011599058040760335
2026-03-03,10.888615608215332,17785700,CMIG4.SA,utilities,-0.03269074181403453
2026-03-04,11.143376350402832,11499200,CMIG4.SA,utilities,0.023396981889532986
2026-03-05,10.907486915588379,10401000,CMIG4.SA,utilities,-0.021168578301308583
2026-03-06,10.907486915588379,8878000,CMIG4.SA,utilities,0.0
2026-03-09,11.020713806152344,12529100,CMIG4.SA,utilities,0.010380657931585269
2026-03-10,11.22829532623291,15780500,CMIG4.SA,utilities,0.018835578505330908
2026-03-11,11.18111801147461,9726100,CMIG4.SA,utilities,-0.004201645342198912
2026-03-12,11.020713806152344,12662500,CMIG4.SA,utilities,-0.014345989833722483
2026-03-13,11.058456420898438,10657500,CMIG4.SA,utilities,0.003424697838085855
2026-03-16,11.275473594665527,10187200,CMIG4.SA,utilities,0.019624544828604318
2026-03-17,11.247166633605957,7697300,CMIG4.SA,utilities,-0.002510489765411017
2026-03-18,11.143376350402832,12144900,CMIG4.SA,utilities,-0.009228127099407013
2026-03-19,11.50192642211914,16706500,CMIG4.SA,utilities,0.03217607127693811
2026-03-20,11.549104690551758,52434300,CMIG4.SA,utilities,0.004101771016539413
2026-03-23,11.756686210632324,12560000,CMIG4.SA,utilities,0.01797381923902619
2026-03-24,11.64345932006836,18304400,CMIG4.SA,utilities,-0.009630850780177003
2026-03-25,11.979975700378418,11018600,CMIG4.SA,utilities,0.028901752568504024
2026-03-26,11.826139450073242,8604000,CMIG4.SA,utilities,-0.012841115387263846
2026-03-27,11.845369338989258,7252200,CMIG4.SA,utilities,0.0016260495656421625
2026-03-30,11.83575439453125,12840600,CMIG4.SA,utilities,-0.0008117049104040541
2026-03-31,12.12419605255127,17186200,CMIG4.SA,utilities,0.024370365285147688
2026-04-01,12.143426895141602,10827600,CMIG4.SA,utilities,0.001586154043284882
2026-04-02,12.268418312072754,9619800,CMIG4.SA,utilities,0.01029292785392899
2026-04-06,12.316492080688477,6274700,CMIG4.SA,utilities,0.003918497673690791
2026-04-07,12.422253608703613,7758300,CMIG4.SA,utilities,0.008586984615608584
2026-04-08,12.797228813171387,20072200,CMIG4.SA,utilities,0.03018576308931964
2026-04-09,12.999138832092285,33694800,CMIG4.SA,utilities,0.01577763607016891
2026-04-10,13.27796745300293,19398500,CMIG4.SA,utilities,0.021449776366898377
2026-04-13,13.220277786254883,23473500,CMIG4.SA,utilities,-0.00434476639231407
2026-04-14,13.124130249023438,24974100,CMIG4.SA,utilities,-0.0072727319944373425
2026-04-15,13.11451530456543,16491900,CMIG4.SA,utilities,-0.0007326157448585002
2026-04-16,12.999138832092285,16696800,CMIG4.SA,utilities,-0.008797616213309767
2026-04-17,13.11451530456543,54956100,CMIG4.SA,utilities,0.008875701226322974
2026-04-20,13.201047897338867,9640600,CMIG4.SA,utilities,0.00659823033973006
2026-04-22,12.90299129486084,24361800,CMIG4.SA,utilities,-0.0225782532414045
2026-04-23,12.82607364654541,19621300,CMIG4.SA,utilities,-0.005961226087633276
2026-04-24,12.547245979309082,24999700,CMIG4.SA,utilities,-0.0217391288183838
2026-04-27,12.306877136230469,7721700,CMIG4.SA,utilities,-0.019157099771136332
2026-04-28,12.297262191772461,10222500,CMIG4.SA,utilities,-0.0007812659825539026
2026-04-29,11.931901931762695,10031700,CMIG4.SA,utilities,-0.02971069936641768
2026-04-30,12.056894302368164,13143800,CMIG4.SA,utilities,0.010475477532440935
2026-05-04,11.93572998046875,10728000,CMIG4.SA,utilities,-0.01004938078254658
2026-05-05,11.818136215209961,22562200,CMIG4.SA,utilities,-0.009852247449566587
2026-05-06,11.729941368103027,9656400,CMIG4.SA,utilities,-0.007462669705348812
2026-05-07,11.435957908630371,11405600,CMIG4.SA,utilities,-0.025062653788882394
2026-05-08,11.533952713012695,15415700,CMIG4.SA,utilities,0.008569007088454761
2026-05-11,11.563350677490234,18698800,CMIG4.SA,utilities,0.002548819577209871
2026-05-12,11.239968299865723,15890400,CMIG4.SA,utilities,-0.027966148103942157
2026-05-13,11.024380683898926,27985300,CMIG4.SA,utilities,-0.019180446974158438
2026-05-14,11.053778648376465,6044500,CMIG4.SA,utilities,0.00266663183361171
2026-05-15,11.04397964477539,18250200,CMIG4.SA,utilities,-0.0008864845147331657
2026-05-18,11.269367218017578,21195400,CMIG4.SA,utilities,0.020408184412836317
2026-05-19,11.08317756652832,24763300,CMIG4.SA,utilities,-0.016521748549605864
2026-05-20,11.298765182495117,14871100,CMIG4.SA,utilities,0.01945178760086641
2026-05-21,11.132174491882324,12143100,CMIG4.SA,utilities,-0.014744150172346981
2026-05-22,10.994982719421387,10395700,CMIG4.SA,utilities,-0.012323897057217259
2026-05-25,11.04397964477539,5513000,CMIG4.SA,utilities,0.004456298532189207
2026-05-26,10.975382804870605,13105400,CMIG4.SA,utilities,-0.006211242877221079
2026-05-27,10.936185836791992,11414800,CMIG4.SA,utilities,-0.0035713531614787186
2026-05-28,10.828392028808594,9768300,CMIG4.SA,utilities,-0.009856618165791753
2026-05-29,10.544207572937012,24648500,CMIG4.SA,utilities,-0.026244381909661052
2026-06-01,10.593205451965332,25310500,CMIG4.SA,utilities,0.004646900081337391
2026-06-02,10.779394149780273,9943600,CMIG4.SA,utilities,0.017576237774223236
2026-06-03,10.64220142364502,14788500,CMIG4.SA,utilities,-0.012727313263524276
2026-06-05,10.6618013381958,6138300,CMIG4.SA,utilities,0.0018417161798154336
2026-06-08,10.544207572937012,31421100,CMIG4.SA,utilities,-0.011029446294174572
2026-06-09,10.593205451965332,9290700,CMIG4.SA,utilities,0.004646900081337391
2026-06-10,10.514808654785156,19227000,CMIG4.SA,utilities,-0.00740066805422257
2026-06-11,10.593205451965332,9775100,CMIG4.SA,utilities,0.007455846297735436
2026-06-12,10.514808654785156,6545500,CMIG4.SA,utilities,-0.00740066805422257
2026-06-15,10.514808654785156,7683400,CMIG4.SA,utilities,0.0
2026-06-16,10.505009651184082,13372100,CMIG4.SA,utilities,-0.0009319241008360901
2026-06-17,10.426614761352539,16218800,CMIG4.SA,utilities,-0.007462619496280687
2026-06-18,10.505009651184082,9298600,CMIG4.SA,utilities,0.007518728909226002
2026-06-19,10.465812683105469,52128200,CMIG4.SA,utilities,-0.0037312643567343207
2026-06-22,10.720597267150879,25272100,CMIG4.SA,utilities,0.02434446246651234
2026-06-23,10.7695951461792,20307500,CMIG4.SA,utilities,0.004570443027316795
2026-06-24,10.720000267028809,17602900,CMIG4.SA,utilities,-0.004605082965257634
2026-06-25,10.789999961853027,10178900,CMIG4.SA,utilities,0.006529822115724615
2026-06-26,10.960000038146973,8799300,CMIG4.SA,utilities,0.0157553361348437
2026-06-29,10.949999809265137,7967700,CMIG4.SA,utilities,-0.0009124296393274722
2026-06-30,10.869999885559082,15103100,CMIG4.SA,utilities,-0.007305929232835573
2026-07-01,10.8100004196167,11644300,CMIG4.SA,utilities,-0.00551973013560858
2026-07-02,10.970000267028809,14695200,CMIG4.SA,utilities,0.014801095393276897
2026-07-03,11.029999732971191,14750000,CMIG4.SA,utilities,0.005469413352952701
2026-07-06,10.880000114440918,10659900,CMIG4.SA,utilities,-0.013599240449833405
2026-07-07,10.930000305175781,12519100,CMIG4.SA,utilities,0.004595605717733209
2026-07-08,10.800000190734863,16147900,CMIG4.SA,utilities,-0.011893880220603226
2026-07-09,11.079999923706055,10242900,CMIG4.SA,utilities,0.02592590074316825
2026-07-10,11.380000114440918,10804000,CMIG4.SA,utilities,0.027075829675142993
2026-07-13,11.069999694824219,10760500,CMIG4.SA,utilities,-0.027240809885697326
2026-07-14,11.199999809265137,7351900,CMIG4.SA,utilities,0.011743461429515545
2026-07-15,11.149999618530273,11628700,CMIG4.SA,utilities,-0.004464302820210819
2026-07-16,11.09000015258789,7740900,CMIG4.SA,utilities,-0.005381118205840085
2026-07-17,11.119999885559082,18058700,CMIG4.SA,utilities,0.002705115649993095
2026-07-20,11.020000457763672,6398600,CMIG4.SA,utilities,-0.008992754390696911
2026-07-21,11.020000457763672,8895800,CMIG4.SA,utilities,0.0
2026-07-22,11.210000038146973,7317000,CMIG4.SA,utilities,0.017241340516410242
2026-07-23,11.1899995803833,8874500,CMIG4.SA,utilities,-0.001784162149474744
2026-07-24,10.979999542236328,8425800,CMIG4.SA,utilities,-0.018766760144934613
2026-07-27,11.170000076293945,8168200,CMIG4.SA,utilities,0.017304238795889715
2026-07-28,11.1899995803833,10977700,CMIG4.SA,utilities,0.0017904658865490752
2026-07-29,11.0,8516200,CMIG4.SA,utilities,-0.016979409071326557
2026-07-30,11.229999542236328,7188800,CMIG4.SA,utilities,0.020909049294211668
2026-07-31,11.34000015258789,9550800,CMIG4.SA,utilities,0.009795246200843266
2026-08-03,11.279999732971191,17645100,CMIG4.SA,utilities,-0.005291042223046771
2026-08-04,11.279999732971191,9407900,CMIG4.SA,utilities,0.0
2026-08-05,11.25,7242700,CMIG4.SA,utilities,-0.002659550858277293
2026-08-06,11.109999656677246,9671000,CMIG4.SA,utilities,-0.012444474962022611
2026-08-07,10.920000076293945,14034500,CMIG4.SA,utilities,-0.017101672930215472
2026-08-10,10.680000305175781,13020800,CMIG4.SA,utilities,-0.021978000864594893
2026-08-11,10.399999618530273,15796000,CMIG4.SA,utilities,-0.026217292007923665
2026-08-12,10.329999923706055,12957500,CMIG4.SA,utilities,-0.006730740133826241
2026-08-13,10.300000190734863,14068400,CMIG4.SA,utilities,-0.0029041368047201255
2026-08-14,10.229999542236328,25688200,CMIG4.SA,utilities,-0.006796179340025854
2026-08-17,10.210000038146973,31271000,CMIG4.SA,utilities,-0.001954985824464961
2026-08-18,10.170000076293945,25197100,CMIG4.SA,utilities,-0.003917723967049813
2026-08-19,10.170000076293945,13182500,CMIG4.SA,utilities,0.0
2026-08-20,9.949999809265137,27622100,CMIG4.SA,utilities,-0.02163227781498489
2026-08-21,10.039999961853027,14179700,CMIG4.SA,utilities,0.009045241639510815
2026-08-24,10.210000038146973,11954300,CMIG4.SA,utilities,0.01693227857966728
2026-08-25,10.510000228881836,9768500,CMIG4.SA,utilities,0.02938297645582688
2025-08-26,7.25,6634500,CSNA3.SA,commodities,
2025-08-27,7.380000114440918,5972800,CSNA3.SA,commodities,0.0179310502677128
2025-08-28,7.730000019073486,11866000,CSNA3.SA,commodities,0.047425460596904445
2025-08-29,7.610000133514404,10010700,CSNA3.SA,commodities,-0.01552391788654417
2025-09-01,7.539999961853027,3961200,CSNA3.SA,commodities,-0.009198445523423415
2025-09-02,7.440000057220459,6330800,CSNA3.SA,commodities,-0.013262586888394656
2025-09-03,7.429999828338623,5586400,CSNA3.SA,commodities,-0.0013441167748554639
2025-09-04,7.650000095367432,8148700,CSNA3.SA,commodities,0.02960972706751752
2025-09-05,7.789999961853027,5059700,CSNA3.SA,commodities,0.018300635913766072
2025-09-08,7.840000152587891,7415800,CSNA3.SA,commodities,0.006418509753493007
2025-09-09,7.789999961853027,8214100,CSNA3.SA,commodities,-0.0063775752247094974
2025-09-10,7.75,4787200,CSNA3.SA,commodities,-0.005134783318216152
2025-09-11,7.820000171661377,3854400,CSNA3.SA,commodities,0.009032280214371191
2025-09-12,7.829999923706055,6311800,CSNA3.SA,commodities,0.00127874064260447
2025-09-15,7.869999885559082,3699500,CSNA3.SA,commodities,0.005108552010572032
2025-09-16,8.069999694824219,8507700,CSNA3.SA,commodities,0.025412936743763215
2025-09-17,8.109999656677246,8515000,CSNA3.SA,commodities,0.004956624952375366
2025-09-18,7.909999847412109,7828900,CSNA3.SA,commodities,-0.02466088997925786
2025-09-19,8.010000228881836,9306400,CSNA3.SA,commodities,0.012642273501742629
2025-09-22,7.949999809265137,7252900,CSNA3.SA,commodities,-0.007490688876681251
2025-09-23,7.980000019073486,6707100,CSNA3.SA,commodities,0.003773611387183573
2025-09-24,8.039999961853027,4854700,CSNA3.SA,commodities,0.007518789804026538
2025-09-25,7.949999809265137,7224900,CSNA3.SA,commodities,-0.011194048882451457
2025-09-26,7.989999771118164,5853600,CSNA3.SA,commodities,0.005031441863232455
2025-09-29,8.039999961853027,9482100,CSNA3.SA,commodities,0.006257846328807437
2025-09-30,7.900000095367432,5374700,CSNA3.SA,commodities,-0.017412918799732058
2025-10-01,8.210000038146973,10169100,CSNA3.SA,commodities,0.03924049861231338
2025-10-02,8.15999984741211,6599600,CSNA3.SA,commodities,-0.006090157186667722
2025-10-03,8.199999809265137,4725500,CSNA3.SA,commodities,0.004901956201103674
2025-10-06,8.729999542236328,12121200,CSNA3.SA,commodities,0.06463411528038665
2025-10-07,8.399999618530273,8080000,CSNA3.SA,commodities,-0.03780068052804497
2025-10-08,8.460000038146973,6440100,CSNA3.SA,commodities,0.007142907421607392
2025-10-09,8.420000076293945,6902300,CSNA3.SA,commodities,-0.004728127857288822
2025-10-10,7.909999847412109,14064900,CSNA3.SA,commodities,-0.06057009789319523
2025-10-13,8.40999984741211,11000000,CSNA3.SA,commodities,0.06321112637740223
2025-10-14,8.449999809265137,5892100,CSNA3.SA,commodities,0.0047562381187600256
2025-10-15,8.520000457763672,8456800,CSNA3.SA,commodities,0.008284100601017919
2025-10-16,8.300000190734863,7920400,CSNA3.SA,commodities,-0.02582162619819317
2025-10-17,8.34000015258789,7206500,CSNA3.SA,commodities,0.004819272401665575
2025-10-20,8.720000267028809,11324400,CSNA3.SA,commodities,0.04556356204897716
2025-10-21,8.649999618530273,5290700,CSNA3.SA,commodities,-0.008027597059052205
2025-10-22,8.609999656677246,6953300,CSNA3.SA,commodities,-0.004624273250525723
2025-10-23,8.760000228881836,5550000,CSNA3.SA,commodities,0.017421669940284046
2025-10-24,8.630000114440918,16996000,CSNA3.SA,commodities,-0.014840195324687944
2025-10-27,8.920000076293945,7942700,CSNA3.SA,commodities,0.03360370312947736
2025-10-28,9.119999885559082,9375000,CSNA3.SA,commodities,0.02242150308907087
2025-10-29,9.3100004196167,9943800,CSNA3.SA,commodities,0.020833392153707164
2025-10-30,9.359999656677246,5756900,CSNA3.SA,commodities,0.005370487089903397
2025-10-31,9.4399995803833,6345400,CSNA3.SA,commodities,0.008547000709448138
2025-11-03,9.300000190734863,5144500,CSNA3.SA,commodities,-0.01483044447791737
2025-11-04,9.130000114440918,8438600,CSNA3.SA,commodities,-0.018279577721225015
2025-11-05,8.710000038146973,21873300,CSNA3.SA,commodities,-0.04600219836028607
2025-11-06,8.5,17317400,CSNA3.SA,commodities,-0.024110222414149285
2025-11-07,8.350000381469727,12546300,CSNA3.SA,commodities,-0.017647013944738
2025-11-10,8.289999961853027,7346100,CSNA3.SA,commodities,-0.007185678667734119
2025-11-11,8.3100004196167,9109600,CSNA3.SA,commodities,0.002412600465103276
2025-11-12,8.729999542236328,13456000,CSNA3.SA,commodities,0.05054140811210717
2025-11-13,8.609999656677246,7011500,CSNA3.SA,commodities,-0.013745692079193628
2025-11-14,8.649999618530273,4933900,CSNA3.SA,commodities,0.004645756498028009
2025-11-17,8.350000381469727,7356900,CSNA3.SA,commodities,-0.034681994253257575
2025-11-18,8.149999618530273,9688800,CSNA3.SA,commodities,-0.023952186084122085
2025-11-19,8.109999656677246,6040500,CSNA3.SA,commodities,-0.004907971009235568
2025-11-21,8.100000381469727,6643000,CSNA3.SA,commodities,-0.0012329563046635794
2025-11-24,8.109999656677246,7535800,CSNA3.SA,commodities,0.001234478362543534
2025-11-25,8.3100004196167,5493800,CSNA3.SA,commodities,0.0246610075716569
2025-11-26,8.640000343322754,7654500,CSNA3.SA,commodities,0.039711180149528236
2025-11-27,8.479999542236328,5755400,CSNA3.SA,commodities,-0.01851861050099135
2025-11-28,8.4399995803833,4383100,CSNA3.SA,commodities,-0.004716976888241464
2025-12-01,8.449999809265137,4916300,CSNA3.SA,commodities,0.001184861300832063
2025-12-02,8.579999923706055,7283700,CSNA3.SA,commodities,0.015384629275183803
2025-12-03,9.050000190734863,14863500,CSNA3.SA,commodities,0.05477858638788846
2025-12-04,9.289999961853027,9321400,CSNA3.SA,commodities,0.026519311166851578
2025-12-05,8.90999984741211,11792900,CSNA3.SA,commodities,-0.04090421054911619
2025-12-08,8.760000228881836,7143100,CSNA3.SA,commodities,-0.016834974309661854
2025-12-09,9.050000190734863,8034900,CSNA3.SA,commodities,0.03310501761140294
2025-12-10,9.630000114440918,20382300,CSNA3.SA,commodities,0.06408838800907901
2025-12-11,9.770000457763672,6954000,CSNA3.SA,commodities,0.0145379378669801
2025-12-12,9.699999809265137,9208400,CSNA3.SA,commodities,-0.007164856214813109
2025-12-15,9.579999923706055,7176800,CSNA3.SA,commodities,-0.012371122465843931
2025-12-16,9.680000305175781,6897400,CSNA3.SA,commodities,0.010438453263686531
2025-12-17,9.5600004196167,8310500,CSNA3.SA,commodities,-0.012396682001644121
2025-12-18,9.59000015258789,6191000,CSNA3.SA,commodities,0.003138047244185538
2025-12-19,9.279999732971191,11424600,CSNA3.SA,commodities,-0.03232538213599967
2025-12-22,9.199999809265137,10686600,CSNA3.SA,commodities,-0.008620681681899223
2025-12-23,9.210000038146973,5403700,CSNA3.SA,commodities,0.0010869814227350005
2025-12-26,9.15999984741211,4919000,CSNA3.SA,commodities,-0.005428902337433983
2025-12-29,8.930000305175781,8095700,CSNA3.SA,commodities,-0.02510912074974625
2025-12-30,8.9399995803833,5246500,CSNA3.SA,commodities,0.00111973962662959
2026-01-02,8.699999809265137,12462400,CSNA3.SA,commodities,-0.026845613241949895
2026-01-05,9.050000190734863,6496100,CSNA3.SA,commodities,0.04022992978654916
2026-01-06,9.319999694824219,10117700,CSNA3.SA,commodities,0.029834198718114324
2026-01-07,9.850000381469727,16022900,CSNA3.SA,commodities,0.05686702832617474
2026-01-08,9.859999656677246,9840400,CSNA3.SA,commodities,0.001015154804088203
2026-01-09,9.84000015258789,7617400,CSNA3.SA,commodities,-0.0020283473413522657
2026-01-12,9.920000076293945,6705000,CSNA3.SA,commodities,0.008130073421291018
2026-01-13,10.050000190734863,7113900,CSNA3.SA,commodities,0.013104850145271962
2026-01-14,10.270000457763672,11163200,CSNA3.SA,commodities,0.02189057341825995
2026-01-15,9.949999809265137,22666400,CSNA3.SA,commodities,-0.031158776459121684
2026-01-16,9.510000228881836,23261500,CSNA3.SA,commodities,-0.044221064202793925
2026-01-19,9.210000038146973,9019900,CSNA3.SA,commodities,-0.031545760621936036
2026-01-20,8.930000305175781,11011600,CSNA3.SA,commodities,-0.030401708122851034
2026-01-21,9.369999885559082,18339000,CSNA3.SA,commodities,0.049272067787979656
2026-01-22,9.539999961853027,18182900,CSNA3.SA,commodities,0.01814301796907669
2026-01-23,10.140000343322754,14107400,CSNA3.SA,commodities,0.06289312199883734
2026-01-26,9.960000038146973,13318700,CSNA3.SA,commodities,-0.01775150878513654
2026-01-27,10.670000076293945,15581700,CSNA3.SA,commodities,0.07128514411924303
2026-01-28,10.890000343322754,16432200,CSNA3.SA,commodities,0.02061858157973151
2026-01-29,10.520000457763672,13276700,CSNA3.SA,commodities,-0.03397611330526251
2026-01-30,10.069999694824219,14357700,CSNA3.SA,commodities,-0.04277573606067253
2026-02-02,10.010000228881836,9347700,CSNA3.SA,commodities,-0.005958239102352825
2026-02-03,10.369999885559082,10266600,CSNA3.SA,commodities,0.035964000843730304
2026-02-04,10.229999542236328,8461000,CSNA3.SA,commodities,-0.013500515416370762
2026-02-05,9.899999618530273,12052200,CSNA3.SA,commodities,-0.032258058501722586
2026-02-06,9.510000228881836,13482600,CSNA3.SA,commodities,-0.03939387926020299
2026-02-09,9.850000381469727,16122100,CSNA3.SA,commodities,0.03575185535278025
2026-02-10,9.390000343322754,15926400,CSNA3.SA,commodities,-0.04670050967839001
2026-02-11,9.619999885559082,16317200,CSNA3.SA,commodities,0.024494093059312938
2026-02-12,8.699999809265137,20952500,CSNA3.SA,commodities,-0.09563410470253642
2026-02-13,8.729999542236328,22917800,CSNA3.SA,commodities,0.003448245244700221
2026-02-18,8.59000015258789,10116000,CSNA3.SA,commodities,-0.016036586138534203
2026-02-19,8.529999732971191,13833600,CSNA3.SA,commodities,-0.006984914848764401
2026-02-20,8.579999923706055,17145000,CSNA3.SA,commodities,0.0058616872567529565
2026-02-23,8.529999732971191,17903700,CSNA3.SA,commodities,-0.005827528109495161
2026-02-24,8.529999732971191,11964200,CSNA3.SA,commodities,0.0
2026-02-25,8.619999885559082,8774800,CSNA3.SA,commodities,0.010551014701678296
2026-02-26,8.630000114440918,12533800,CSNA3.SA,commodities,0.00116011937524374
2026-02-27,8.619999885559082,10525600,CSNA3.SA,commodities,-0.0011587750578475609
2026-03-02,8.420000076293945,11092600,CSNA3.SA,commodities,-0.02320183432950995
2026-03-03,7.909999847412109,15801000,CSNA3.SA,commodities,-0.06057009789319523
2026-03-04,8.0,9134600,CSNA3.SA,commodities,0.011378022038437186
2026-03-05,7.510000228881836,16286500,CSNA3.SA,commodities,-0.06124997138977051
2026-03-06,7.190000057220459,14698000,CSNA3.SA,commodities,-0.04260987508771641
2026-03-09,7.190000057220459,14806000,CSNA3.SA,commodities,0.0
2026-03-10,7.269999980926514,12211700,CSNA3.SA,commodities,0.011126553973489273
2026-03-11,7.130000114440918,12147100,CSNA3.SA,commodities,-0.01925720314345225
2026-03-12,6.099999904632568,47734400,CSNA3.SA,commodities,-0.14446005515795346
2026-03-13,5.71999979019165,36465200,CSNA3.SA,commodities,-0.0622951017019413
2026-03-16,6.03000020980835,22389100,CSNA3.SA,commodities,0.054195879543259995
2026-03-17,6.340000152587891,24449900,CSNA3.SA,commodities,0.051409607295750614
2026-03-18,6.059999942779541,25082400,CSNA3.SA,commodities,-0.04416406988477084
2026-03-19,6.090000152587891,27897500,CSNA3.SA,commodities,0.0049505297180894026
2026-03-20,5.989999771118164,37070700,CSNA3.SA,commodities,-0.01642042347523298
2026-03-23,6.539999961853027,20968700,CSNA3.SA,commodities,0.09181973484987194
2026-03-24,6.570000171661377,13347500,CSNA3.SA,commodities,0.004587188070846571
2026-03-25,6.599999904632568,12946400,CSNA3.SA,commodities,0.004566169282702592
2026-03-26,6.440000057220459,8907000,CSNA3.SA,commodities,-0.024242401473340114
2026-03-27,6.179999828338623,10938800,CSNA3.SA,commodities,-0.04037270598939302
2026-03-30,6.139999866485596,10759800,CSNA3.SA,commodities,-0.006472485916521498
2026-03-31,6.329999923706055,12148400,CSNA3.SA,commodities,0.030944635399350773
2026-04-01,6.519999980926514,8816600,CSNA3.SA,commodities,0.030015807189649912
2026-04-02,6.46999979019165,6972300,CSNA3.SA,commodities,-0.0076687409326891
2026-04-06,6.409999847412109,5826700,CSNA3.SA,commodities,-0.009273561781330986
2026-04-07,6.360000133514404,8722900,CSNA3.SA,commodities,-0.007800267564419872
2026-04-08,6.71999979019165,15227400,CSNA3.SA,commodities,0.05660371841506828
2026-04-09,6.789999961853027,11007700,CSNA3.SA,commodities,0.010416692536739047
2026-04-10,6.420000076293945,17337000,CSNA3.SA,commodities,-0.05449188330453347
2026-04-13,6.519999980926514,9895200,CSNA3.SA,commodities,0.01557630894769324
2026-04-14,6.639999866485596,12944700,CSNA3.SA,commodities,0.018404890477013325
2026-04-15,6.639999866485596,8756700,CSNA3.SA,commodities,0.0
2026-04-16,6.619999885559082,20928300,CSNA3.SA,commodities,-0.003012045380823114
2026-04-17,6.789999961853027,13922600,CSNA3.SA,commodities,0.02567977027685231
2026-04-20,6.820000171661377,8061000,CSNA3.SA,commodities,0.004418293074653024
2026-04-22,6.639999866485596,11049800,CSNA3.SA,commodities,-0.02639300595969518
2026-04-23,6.389999866485596,10110900,CSNA3.SA,commodities,-0.037650603166701435
2026-04-24,6.429999828338623,7715100,CSNA3.SA,commodities,0.006259775068669482
2026-04-27,6.400000095367432,6646500,CSNA3.SA,commodities,-0.004665588456001957
2026-04-28,6.420000076293945,5183000,CSNA3.SA,commodities,0.003124996973201677
2026-04-29,6.159999847412109,9126900,CSNA3.SA,commodities,-0.04049847753770208
2026-04-30,6.230000019073486,11200500,CSNA3.SA,commodities,0.011363664512229699
2026-05-04,6.079999923706055,6692800,CSNA3.SA,commodities,-0.024077061783017384
2026-05-05,6.269999980926514,7487200,CSNA3.SA,commodities,0.03125000980339565
2026-05-06,6.699999809265137,14649900,CSNA3.SA,commodities,0.06858051509516638
2026-05-07,6.579999923706055,6886800,CSNA3.SA,commodities,-0.0179104311903322
2026-05-08,6.679999828338623,6923000,CSNA3.SA,commodities,0.015197554071740171
2026-05-11,6.679999828338623,6631000,CSNA3.SA,commodities,0.0
2026-05-12,6.550000190734863,7013700,CSNA3.SA,commodities,-0.019461024093482937
2026-05-13,6.369999885559082,10192400,CSNA3.SA,commodities,-0.02748096182201587
2026-05-14,6.670000076293945,13518600,CSNA3.SA,commodities,0.04709579217025883
2026-05-15,6.420000076293945,17569700,CSNA3.SA,commodities,-0.03748125894159027
2026-05-18,6.150000095367432,15875200,CSNA3.SA,commodities,-0.0420560712956215
2026-05-19,5.900000095367432,12762200,CSNA3.SA,commodities,-0.04065040587370328
2026-05-20,6.130000114440918,12356300,CSNA3.SA,commodities,0.03898305345013098
2026-05-21,6.340000152587891,10279500,CSNA3.SA,commodities,0.03425775435994849
2026-05-22,6.730000019073486,13506800,CSNA3.SA,commodities,0.06151417304405005
2026-05-25,6.71999979019165,6152300,CSNA3.SA,commodities,-0.001485918106016948
2026-05-26,6.690000057220459,9424400,CSNA3.SA,commodities,-0.004464246117236281
2026-05-27,6.550000190734863,12617300,CSNA3.SA,commodities,-0.020926736216466124
2026-05-28,6.800000190734863,15221500,CSNA3.SA,commodities,0.03816793781985406
2026-05-29,6.710000038146973,11728700,CSNA3.SA,commodities,-0.013235316185802093
2026-06-01,6.550000190734863,28197100,CSNA3.SA,commodities,-0.023844984575632666
2026-06-02,7.130000114440918,30525000,CSNA3.SA,commodities,0.08854960409413093
2026-06-03,6.679999828338623,25347200,CSNA3.SA,commodities,-0.06311364360161453
2026-06-05,6.0,34714100,CSNA3.SA,commodities,-0.10179638410376202
2026-06-08,5.900000095367432,15866000,CSNA3.SA,commodities,-0.016666650772094727
2026-06-09,6.070000171661377,23202800,CSNA3.SA,commodities,0.02881357178746935
2026-06-10,6.039999961853027,14973700,CSNA3.SA,commodities,-0.004942373799000865
2026-06-11,6.010000228881836,14982400,CSNA3.SA,commodities,-0.004966843238520147
2026-06-12,6.050000190734863,11031700,CSNA3.SA,commodities,0.006655567442543919
2026-06-15,6.090000152587891,14845000,CSNA3.SA,commodities,0.006611563734210124
2026-06-16,6.019999980926514,15586500,CSNA3.SA,commodities,-0.011494280772986643
2026-06-17,5.630000114440918,29027900,CSNA3.SA,commodities,-0.06478403118293241
2026-06-18,5.179999828338623,30296000,CSNA3.SA,commodities,-0.07992900123537239
2026-06-19,5.260000228881836,11756200,CSNA3.SA,commodities,0.015444093280765792
2026-06-22,5.340000152587891,13340200,CSNA3.SA,commodities,0.015209110308928908
2026-06-23,5.269999980926514,14610600,CSNA3.SA,commodities,-0.013108646003961888
2026-06-24,5.059999942779541,22735800,CSNA3.SA,commodities,-0.03984820472618911
2026-06-25,4.820000171661377,22842500,CSNA3.SA,commodities,-0.04743078534232714
2026-06-26,4.730000019073486,13198500,CSNA3.SA,commodities,-0.01867223016236308
2026-06-29,4.639999866485596,12128800,CSNA3.SA,commodities,-0.01902751632663202
2026-06-30,4.619999885559082,12366600,CSNA3.SA,commodities,-0.004310340840949611
2026-07-01,4.590000152587891,10307700,CSNA3.SA,commodities,-0.006493448855910744
2026-07-02,4.619999885559082,14941400,CSNA3.SA,commodities,0.006535889318931121
2026-07-03,4.820000171661377,10136000,CSNA3.SA,commodities,0.043290106289275876
2026-07-06,4.760000228881836,8350300,CSNA3.SA,commodities,-0.012448120465286205
2026-07-07,4.739999771118164,11105200,CSNA3.SA,commodities,-0.0042017766390675115
2026-07-08,4.670000076293945,11110800,CSNA3.SA,commodities,-0.014767868819475893
2026-07-09,4.800000190734863,8796500,CSNA3.SA,commodities,0.02783728315141376
2026-07-10,5.179999828338623,14770400,CSNA3.SA,commodities,0.07916658802165233
2026-07-13,5.239999771118164,16903300,CSNA3.SA,commodities,0.011583000920442954
2026-07-14,5.199999809265137,12410700,CSNA3.SA,commodities,-0.007633580839735754
2026-07-15,5.239999771118164,10836400,CSNA3.SA,commodities,0.0076923006385032355
2026-07-16,5.099999904632568,8780300,CSNA3.SA,commodities,-0.026717532939075084
2026-07-17,5.050000190734863,7647600,CSNA3.SA,commodities,-0.009803865653465582
2026-07-20,5.070000171661377,6909900,CSNA3.SA,commodities,0.003960392113094846
2026-07-21,5.059999942779541,9070800,CSNA3.SA,commodities,-0.001972431665334451
2026-07-22,5.380000114440918,13106000,CSNA3.SA,commodities,0.0632411413596965
2026-07-23,5.300000190734863,12179400,CSNA3.SA,commodities,-0.01486987397850048
2026-07-24,5.360000133514404,8159600,CSNA3.SA,commodities,0.011320743513260512
2026-07-27,5.710000038146973,11673300,CSNA3.SA,commodities,0.06529848804370886
2026-07-28,5.639999866485596,14734700,CSNA3.SA,commodities,-0.012259224377184741
2026-07-29,5.199999809265137,20422900,CSNA3.SA,commodities,-0.0780141963894464
2026-07-30,4.949999809265137,20635800,CSNA3.SA,commodities,-0.04807692484037418
2026-07-31,4.840000152587891,10338400,CSNA3.SA,commodities,-0.022222153720360738
2026-08-03,4.510000228881836,34155300,CSNA3.SA,commodities,-0.06818180026907805
2026-08-04,4.789999961853027,17629800,CSNA3.SA,commodities,0.062084194847283225
2026-08-05,4.889999866485596,10302100,CSNA3.SA,commodities,0.02087680697890515
2026-08-06,4.739999771118164,6892700,CSNA3.SA,commodities,-0.030674866965842207
2026-08-07,4.570000171661377,11262300,CSNA3.SA,commodities,-0.03586489613198529
2026-08-10,4.460000038146973,13699900,CSNA3.SA,commodities,-0.024070050193108594
2026-08-11,4.28000020980835,25893200,CSNA3.SA,commodities,-0.0403587055603275
2026-08-12,4.320000171661377,15709400,CSNA3.SA,commodities,0.009345785021542818
2026-08-13,4.559999942779541,18722100,CSNA3.SA,commodities,0.05555550036607193
2026-08-14,4.489999771118164,15097100,CSNA3.SA,commodities,-0.015350915030649892
2026-08-17,4.570000171661377,14312400,CSNA3.SA,commodities,0.017817462053743016
2026-08-18,4.539999961853027,10573900,CSNA3.SA,commodities,-0.006564597085659041
2026-08-19,4.429999828338623,16134900,CSNA3.SA,commodities,-0.02422910450190996
2026-08-20,4.449999809265137,16917300,CSNA3.SA,commodities,0.004514668555645196
2026-08-21,4.789999961853027,17103400,CSNA3.SA,commodities,0.0764045319462694
2026-08-24,5.159999847412109,22276100,CSNA3.SA,commodities,0.07724423559618288
2026-08-25,5.079999923706055,14069500,CSNA3.SA,commodities,-0.015503861641813277
2025-08-26,34.17111587524414,7967200,EQTL3.SA,utilities,
2025-08-27,34.76572799682617,5638700,EQTL3.SA,utilities,0.017401015634166184
2025-08-28,35.1397590637207,6899100,EQTL3.SA,utilities,0.010758614545010481
2025-08-29,35.07262420654297,7484100,EQTL3.SA,utilities,-0.001910509888698897
2025-09-01,34.813682556152344,3949300,EQTL3.SA,utilities,-0.007383013283115525
2025-09-02,34.420467376708984,5110200,EQTL3.SA,utilities,-0.011294845893109029
2025-09-03,34.12316131591797,6671400,EQTL3.SA,utilities,-0.008637478902805085
2025-09-04,34.37251281738281,9022300,EQTL3.SA,utilities,0.007307397434730856
2025-09-05,35.0918083190918,4509400,EQTL3.SA,utilities,0.020926474172270115
2025-09-08,34.92876434326172,3525000,EQTL3.SA,utilities,-0.004646211855129034
2025-09-09,34.72736740112305,3873600,EQTL3.SA,utilities,-0.0057659337776581054
2025-09-10,34.957542419433594,4009500,EQTL3.SA,utilities,0.006628058374016144
2025-09-11,34.938358306884766,6205500,EQTL3.SA,utilities,-0.0005487832158980188
2025-09-12,34.689002990722656,4485900,EQTL3.SA,utilities,-0.007137007239203075
2025-09-15,35.06303787231445,4243100,EQTL3.SA,utilities,0.010782520376611204
2025-09-16,34.76572799682617,21540900,EQTL3.SA,utilities,-0.008479295963201072
2025-09-17,35.158939361572266,7088200,EQTL3.SA,utilities,0.01131031585997544
2025-09-18,35.11098861694336,8788300,EQTL3.SA,utilities,-0.001363827962379216
2025-09-19,35.667236328125,12662300,EQTL3.SA,utilities,0.015842553374108448
2025-09-22,35.082218170166016,5030200,EQTL3.SA,utilities,-0.016402116288939284
2025-09-23,35.71519470214844,3604100,EQTL3.SA,utilities,0.018042659928519278
2025-09-24,35.40829086303711,3211000,EQTL3.SA,utilities,-0.008593088786741698
2025-09-25,35.13016891479492,4095600,EQTL3.SA,utilities,-0.007854712595928182
2025-09-26,35.22607421875,3238300,EQTL3.SA,utilities,0.002729998372273279
2025-09-29,35.49460983276367,4236600,EQTL3.SA,utilities,0.007623205820384449
2025-09-30,35.437068939208984,6519500,EQTL3.SA,utilities,-0.0016211163843129484
2025-10-01,35.216487884521484,6579000,EQTL3.SA,utilities,-0.006224585195403698
2025-10-02,34.76572799682617,7774900,EQTL3.SA,utilities,-0.012799683181735855
2025-10-03,34.76572799682617,4691600,EQTL3.SA,utilities,0.0
2025-10-06,34.6314582824707,5390300,EQTL3.SA,utilities,-0.0038621286563516044
2025-10-07,33.77790451049805,26233100,EQTL3.SA,utilities,-0.02464677533965398
2025-10-08,33.84503936767578,20706800,EQTL3.SA,utilities,0.0019875376566615977
2025-10-09,33.883399963378906,6721400,EQTL3.SA,utilities,0.0011334185576323819
2025-10-10,33.80667495727539,24800700,EQTL3.SA,utilities,-0.002264383331850972
2025-10-13,33.940940856933594,5046900,EQTL3.SA,utilities,0.003971579572018991
2025-10-14,33.81626510620117,7482400,EQTL3.SA,utilities,-0.00367331451588071
2025-10-15,34.22865676879883,11827400,EQTL3.SA,utilities,0.012195068299308831
2025-10-16,34.4108772277832,5982600,EQTL3.SA,utilities,0.0053236228408026776
2025-10-17,34.84245681762695,12510900,EQTL3.SA,utilities,0.012541952563048797
2025-10-20,35.005489349365234,5660000,EQTL3.SA,utilities,0.004679134212367098
2025-10-21,34.77531814575195,4577200,EQTL3.SA,utilities,-0.006575288844446803
2025-10-22,35.07262420654297,7354800,EQTL3.SA,utilities,0.008549341217956252
2025-10-23,35.178123474121094,4933000,EQTL3.SA,utilities,0.0030080232079823244
2025-10-24,35.58092498779297,4514500,EQTL3.SA,utilities,0.011450341118058649
2025-10-27,35.7535514831543,6292200,EQTL3.SA,utilities,0.004851658449592122
2025-10-28,34.612281799316406,28331500,EQTL3.SA,utilities,-0.03192045647201269
2025-10-29,35.197303771972656,20986400,EQTL3.SA,utilities,0.016902149822084267
2025-10-30,35.302799224853516,8951200,EQTL3.SA,utilities,0.0029972594936338304
2025-10-31,35.149349212646484,6697300,EQTL3.SA,utilities,-0.004346681157765042
2025-11-03,36.06045150756836,28416100,EQTL3.SA,utilities,0.02592088659764058
2025-11-04,36.21390151977539,12611600,EQTL3.SA,utilities,0.004255354711097503
2025-11-05,36.971553802490234,14694500,EQTL3.SA,utilities,0.020921586764163225
2025-11-06,37.46982192993164,7561100,EQTL3.SA,utilities,0.013477067534225284
2025-11-07,37.6591682434082,9811300,EQTL3.SA,utilities,0.005053301663152876
2025-11-10,37.958126068115234,7535000,EQTL3.SA,utilities,0.007938513744507825
2025-11-11,38.984561920166016,14677900,EQTL3.SA,utilities,0.027041267796225288
2025-11-12,39.36324691772461,8010000,EQTL3.SA,utilities,0.00971371688962619
2025-11-13,39.144004821777344,6939700,EQTL3.SA,utilities,-0.005569715740307624
2025-11-14,39.32338333129883,8784600,EQTL3.SA,utilities,0.004582528291067645
2025-11-17,39.12407302856445,14334600,EQTL3.SA,utilities,-0.005068493243706618
2025-11-18,39.04435348510742,5676000,EQTL3.SA,utilities,-0.0020376084923169335
2025-11-19,38.77528762817383,5599400,EQTL3.SA,utilities,-0.0068912872903945654
2025-11-21,38.70553207397461,6434200,EQTL3.SA,utilities,-0.0017989693556401676
2025-11-24,38.615840911865234,6905800,EQTL3.SA,utilities,-0.0023172698398243874
2025-11-25,39.01445770263672,3851200,EQTL3.SA,utilities,0.010322623601056957
2025-11-26,39.56255340576172,15332100,EQTL3.SA,utilities,0.014048528043181241
2025-11-27,39.52268981933594,5508900,EQTL3.SA,utilities,-0.001007609039207713
2025-11-28,39.622344970703125,6191000,EQTL3.SA,utilities,0.0025214668288704445
2025-12-01,39.163936614990234,5007100,EQTL3.SA,utilities,-0.011569440325953417
2025-12-02,40.060821533203125,7442900,EQTL3.SA,utilities,0.022900785664881296
2025-12-03,40.02096176147461,4379000,EQTL3.SA,utilities,-0.0009949813858779466
2025-12-04,41.10718536376953,10095100,EQTL3.SA,utilities,0.027141366785956578
2025-12-05,39.104148864746094,11180400,EQTL3.SA,utilities,-0.04872716244855935
2025-12-08,38.79521942138672,12514600,EQTL3.SA,utilities,-0.007900170501802917
2025-12-09,38.416534423828125,7562800,EQTL3.SA,utilities,-0.009761125293438533
2025-12-10,38.36670684814453,4771800,EQTL3.SA,utilities,-0.001297034634459071
2025-12-11,38.745391845703125,5080600,EQTL3.SA,utilities,0.009870145985096723
2025-12-12,39.69210433959961,7896400,EQTL3.SA,utilities,0.024434195882354404
2025-12-15,40.30995559692383,6487500,EQTL3.SA,utilities,0.015566099797530875
2025-12-16,38.84504699707031,10856300,EQTL3.SA,utilities,-0.03634111172192178
2025-12-17,37.958126068115234,23444200,EQTL3.SA,utilities,-0.022832278437505016
2025-12-18,38.416534423828125,9794500,EQTL3.SA,utilities,0.012076685632222306
2025-12-19,38.57598114013672,11808700,EQTL3.SA,utilities,0.004150471110941689
2025-12-22,37.46982192993164,5912100,EQTL3.SA,utilities,-0.02867481727001797
2025-12-23,38.29695129394531,3469100,EQTL3.SA,utilities,0.022074547500129604
2025-12-26,38.36670684814453,2191900,EQTL3.SA,utilities,0.0018214388310917595
2025-12-29,38.36670684814453,5633500,EQTL3.SA,utilities,0.0
2025-12-30,38.5,5154100,EQTL3.SA,utilities,0.0034741879823838584
2026-01-02,38.29999923706055,5026900,EQTL3.SA,utilities,-0.005194825011414328
2026-01-05,38.599998474121094,4763000,EQTL3.SA,utilities,0.007832878408265298
2026-01-06,38.9900016784668,4652600,EQTL3.SA,utilities,0.01010371035654778
2026-01-07,38.25,4184200,EQTL3.SA,utilities,-0.01897926767403757
2026-01-08,38.79999923706055,4982900,EQTL3.SA,utilities,0.014379065021190796
2026-01-09,38.88999938964844,3916200,EQTL3.SA,utilities,0.0023195916071545586
2026-01-12,38.29999923706055,5179700,EQTL3.SA,utilities,-0.015170999276100106
2026-01-13,37.33000183105469,6433000,EQTL3.SA,utilities,-0.025326303533375838
2026-01-14,37.59000015258789,6290100,EQTL3.SA,utilities,0.00696486227645754
2026-01-15,37.75,7115500,EQTL3.SA,utilities,0.004256447107279238
2026-01-16,37.439998626708984,10849300,EQTL3.SA,utilities,-0.008211956908371287
2026-01-19,37.470001220703125,3876500,EQTL3.SA,utilities,0.000801351364706937
2026-01-20,37.959999084472656,8577800,EQTL3.SA,utilities,0.01307707093158017
2026-01-21,39.09000015258789,9504900,EQTL3.SA,utilities,0.029768205884321386
2026-01-22,40.25,13526100,EQTL3.SA,utilities,0.029675104704119937
2026-01-23,40.90999984741211,8490600,EQTL3.SA,utilities,0.016397511736946813
2026-01-26,40.720001220703125,9272400,EQTL3.SA,utilities,-0.004644307685593985
2026-01-27,41.5,7037400,EQTL3.SA,utilities,0.019155175734628882
2026-01-28,41.400001525878906,7559900,EQTL3.SA,utilities,-0.0024096017860504304
2026-01-29,40.81999969482422,6401500,EQTL3.SA,utilities,-0.014009705547767481
2026-01-30,40.91999816894531,7658600,EQTL3.SA,utilities,0.0024497421574889433
2026-02-02,40.95000076293945,8254600,EQTL3.SA,utilities,0.0007332012545617772
2026-02-03,41.209999084472656,7468100,EQTL3.SA,utilities,0.006349165242714783
2026-02-04,40.2599983215332,5604600,EQTL3.SA,utilities,-0.023052676147653717
2026-02-05,40.43000030517578,5608000,EQTL3.SA,utilities,0.0042226028497287516
2026-02-06,40.88999938964844,7328400,EQTL3.SA,utilities,0.011377667103647404
2026-02-09,41.40999984741211,12313700,EQTL3.SA,utilities,0.012717057117279218
2026-02-10,41.380001068115234,5762600,EQTL3.SA,utilities,-0.0007244332143785392
2026-02-11,42.04999923706055,7980900,EQTL3.SA,utilities,0.016191352142365556
2026-02-12,41.369998931884766,6128100,EQTL3.SA,utilities,-0.016171232283316295
2026-02-13,41.0,6374000,EQTL3.SA,utilities,-0.008943653406758956
2026-02-18,40.849998474121094,6695500,EQTL3.SA,utilities,-0.0036585738019245806
2026-02-19,41.27000045776367,9213500,EQTL3.SA,utilities,0.010281566691089372
2026-02-20,41.709999084472656,8309400,EQTL3.SA,utilities,0.010661464061753279
2026-02-23,41.5099983215332,7186200,EQTL3.SA,utilities,-0.00479503158306005
2026-02-24,42.36000061035156,8900400,EQTL3.SA,utilities,0.02047704946250084
2026-02-25,42.2400016784668,5423000,EQTL3.SA,utilities,-0.002832835933799349
2026-02-26,42.900001525878906,6877500,EQTL3.SA,utilities,0.015624995766715832
2026-02-27,42.11000061035156,7391500,EQTL3.SA,utilities,-0.018414939100894534
2026-03-02,41.70000076293945,4932800,EQTL3.SA,utilities,-0.009736400889800101
2026-03-03,40.4900016784668,10778000,EQTL3.SA,utilities,-0.02901676408476317
2026-03-04,41.790000915527344,7393000,EQTL3.SA,utilities,0.03210667283701074
2026-03-05,40.5,6045500,EQTL3.SA,utilities,-0.030868650090123295
2026-03-06,40.470001220703125,5801300,EQTL3.SA,utilities,-0.0007407105999228669
2026-03-09,40.900001525878906,6534600,EQTL3.SA,utilities,0.010625161655686055
2026-03-10,41.65999984741211,7598100,EQTL3.SA,utilities,0.018581865358912708
2026-03-11,41.400001525878906,7468600,EQTL3.SA,utilities,-0.006240958292978771
2026-03-12,40.150001525878906,7453800,EQTL3.SA,utilities,-0.030193235602144375
2026-03-13,40.0,5778200,EQTL3.SA,utilities,-0.0037360278998301855
2026-03-16,40.540000915527344,4077100,EQTL3.SA,utilities,0.013500022888183638
2026-03-17,40.560001373291016,4476000,EQTL3.SA,utilities,0.0004933511917117883
2026-03-18,40.130001068115234,6419300,EQTL3.SA,utilities,-0.010601585074376696
2026-03-19,41.29999923706055,12194600,EQTL3.SA,utilities,0.02915519904819841
2026-03-20,39.97999954223633,12866800,EQTL3.SA,utilities,-0.03196125228108282
2026-03-23,41.36000061035156,5632200,EQTL3.SA,utilities,0.03451728574077029
2026-03-24,41.16999816894531,7439500,EQTL3.SA,utilities,-0.004593869405279838
2026-03-25,42.209999084472656,5881400,EQTL3.SA,utilities,0.02526113582176004
2026-03-26,40.0,14796800,EQTL3.SA,utilities,-0.05235724075828341
2026-03-27,39.08000183105469,7766200,EQTL3.SA,utilities,-0.022999954223632768
2026-03-30,39.599998474121094,6219700,EQTL3.SA,utilities,0.013305952372120844
2026-03-31,40.77000045776367,8894300,EQTL3.SA,utilities,0.029545505775895098
2026-04-01,40.61000061035156,9133500,EQTL3.SA,utilities,-0.003924450468865359
2026-04-02,40.5,5013700,EQTL3.SA,utilities,-0.0027087074291627378
2026-04-06,40.459999084472656,2505100,EQTL3.SA,utilities,-0.0009876769266010665
2026-04-07,41.09000015258789,6182000,EQTL3.SA,utilities,0.015570961007683515
2026-04-08,43.150001525878906,13656400,EQTL3.SA,utilities,0.05013388575422706
2026-04-09,43.79999923706055,10028000,EQTL3.SA,utilities,0.01506367759435201
2026-04-10,44.77000045776367,9782200,EQTL3.SA,utilities,0.022146146977152892
2026-04-13,44.650001525878906,8365700,EQTL3.SA,utilities,-0.002680342431489846
2026-04-14,45.040000915527344,12749400,EQTL3.SA,utilities,0.008734588495420192
2026-04-15,45.349998474121094,14546000,EQTL3.SA,utilities,0.006882716525142829
2026-04-16,45.2599983215332,6591000,EQTL3.SA,utilities,-0.0019845679297927354
2026-04-17,45.189998626708984,10841200,EQTL3.SA,utilities,-0.0015466128462252593
2026-04-20,45.060001373291016,6630000,EQTL3.SA,utilities,-0.0028766819510619435
2026-04-22,43.75,8093900,EQTL3.SA,utilities,-0.029072377571375485
2026-04-23,43.91999816894531,6909500,EQTL3.SA,utilities,0.003885672433035614
2026-04-24,44.11000061035156,7616600,EQTL3.SA,utilities,0.004326103126766512
2026-04-27,43.38999938964844,5949200,EQTL3.SA,utilities,-0.016322856738618108
2026-04-28,42.63999938964844,5363300,EQTL3.SA,utilities,-0.017285088973265306
2026-04-29,41.70000076293945,7250400,EQTL3.SA,utilities,-0.022044996251505244
2026-04-30,42.31999969482422,6754000,EQTL3.SA,utilities,0.014868079629288378
2026-05-04,42.04999923706055,9215700,EQTL3.SA,utilities,-0.006379973055545496
2026-05-05,42.93000030517578,7033700,EQTL3.SA,utilities,0.020927493081608572
2026-05-06,43.68000030517578,7008900,EQTL3.SA,utilities,0.017470300364977653
2026-05-07,42.20000076293945,8576500,EQTL3.SA,utilities,-0.033882773166120095
2026-05-08,42.310001373291016,5512400,EQTL3.SA,utilities,0.0026066494872711843
2026-05-11,41.52000045776367,5357700,EQTL3.SA,utilities,-0.018671729848395713
2026-05-12,40.900001525878906,7331700,EQTL3.SA,utilities,-0.014932536730471901
2026-05-13,39.25,12449200,EQTL3.SA,utilities,-0.04034233409098753
2026-05-14,38.79999923706055,9622000,EQTL3.SA,utilities,-0.011464987590814046
2026-05-15,38.59000015258789,8292000,EQTL3.SA,utilities,-0.005412347644380144
2026-05-18,38.61000061035156,5209900,EQTL3.SA,utilities,0.0005182808417876217
2026-05-19,37.81999969482422,8716400,EQTL3.SA,utilities,-0.02046104384975167
2026-05-20,38.54999923706055,9417300,EQTL3.SA,utilities,0.01930194468870483
2026-05-21,38.13999938964844,7931500,EQTL3.SA,utilities,-0.010635534514302991
2026-05-22,37.66999816894531,10685700,EQTL3.SA,utilities,-0.012323052654025113
2026-05-25,38.5,4852300,EQTL3.SA,utilities,0.022033498046170052
2026-05-26,38.599998474121094,14406400,EQTL3.SA,utilities,0.0025973629641842244
2026-05-27,37.9900016784668,7859000,EQTL3.SA,utilities,-0.015803026418855004
2026-05-28,38.20000076293945,8927800,EQTL3.SA,utilities,0.005527746122519606
2026-05-29,38.54999923706055,17971300,EQTL3.SA,utilities,0.009162263537456639
2026-06-01,38.43000030517578,7339900,EQTL3.SA,utilities,-0.0031128128212620787
2026-06-02,39.06999969482422,9850000,EQTL3.SA,utilities,0.01665363998350644
2026-06-03,39.810001373291016,10919400,EQTL3.SA,utilities,0.018940406558662692
2026-06-05,38.90999984741211,13214800,EQTL3.SA,utilities,-0.02260742262829274
2026-06-08,38.599998474121094,9780300,EQTL3.SA,utilities,-0.007967138897628012
2026-06-09,38.7599983215332,7948100,EQTL3.SA,utilities,0.004145073931010046
2026-06-10,38.40999984741211,16091300,EQTL3.SA,utilities,-0.009029888784248263
2026-06-11,38.88999938964844,8273100,EQTL3.SA,utilities,0.01249673377097582
2026-06-12,38.77000045776367,9025100,EQTL3.SA,utilities,-0.003085598708358561
2026-06-15,38.41999816894531,7930000,EQTL3.SA,utilities,-0.009027657587975857
2026-06-16,37.599998474121094,10982400,EQTL3.SA,utilities,-0.021343043568570974
2026-06-17,37.09000015258789,9744400,EQTL3.SA,utilities,-0.013563785697603636
2026-06-18,36.86000061035156,8392000,EQTL3.SA,utilities,-0.006201120013214156
2026-06-19,37.04999923706055,11620000,EQTL3.SA,utilities,0.005154601832958905
2026-06-22,37.650001525878906,6860500,EQTL3.SA,utilities,0.016194394093757225
2026-06-23,38.20000076293945,7057300,EQTL3.SA,utilities,0.014608212875702131
2026-06-24,38.0,6542900,EQTL3.SA,utilities,-0.005235621961910741
2026-06-25,39.04999923706055,8518300,EQTL3.SA,utilities,0.02763155887001445
2026-06-26,39.75,5435500,EQTL3.SA,utilities,0.017925756123321923
2026-06-29,39.7400016784668,3543700,EQTL3.SA,utilities,-0.00025153010146428123
2026-06-30,38.939998626708984,7208300,EQTL3.SA,utilities,-0.02013092647128134
2026-07-01,38.7400016784668,9657600,EQTL3.SA,utilities,-0.00513602864138285
2026-07-02,39.29999923706055,8557400,EQTL3.SA,utilities,0.014455279667812126
2026-07-03,39.439998626708984,4509600,EQTL3.SA,utilities,0.003562325505503283
2026-07-06,39.060001373291016,5861200,EQTL3.SA,utilities,-0.009634819134112016
2026-07-07,39.13999938964844,4955200,EQTL3.SA,utilities,0.0020480802238815876
2026-07-08,38.650001525878906,3817800,EQTL3.SA,utilities,-0.012519107598635393
2026-07-09,39.5099983215332,7561400,EQTL3.SA,utilities,0.022250886460598585
2026-07-10,40.90999984741211,9731600,EQTL3.SA,utilities,0.035434107450110774
2026-07-13,40.209999084472656,4096700,EQTL3.SA,utilities,-0.01711074958568437
2026-07-14,40.95000076293945,15613500,EQTL3.SA,utilities,0.018403424404765945
2026-07-15,40.33000183105469,5563800,EQTL3.SA,utilities,-0.015140388774934399
2026-07-16,39.849998474121094,4475200,EQTL3.SA,utilities,-0.011901892763217847
2026-07-17,39.5,6527200,EQTL3.SA,utilities,-0.008782898055777477
2026-07-20,39.290000915527344,3214000,EQTL3.SA,utilities,-0.005316432518295056
2026-07-21,38.83000183105469,7346900,EQTL3.SA,utilities,-0.011707790118448802
2026-07-22,39.349998474121094,5110500,EQTL3.SA,utilities,0.01339162035914554
2026-07-23,39.02000045776367,3844900,EQTL3.SA,utilities,-0.008386226916233475
2026-07-24,38.34000015258789,8200900,EQTL3.SA,utilities,-0.017426968149624522
2026-07-27,38.79999923706055,3113200,EQTL3.SA,utilities,0.011997889479445023
2026-07-28,38.83000183105469,4941900,EQTL3.SA,utilities,0.0007732627470127262
2026-07-29,37.81999969482422,9642300,EQTL3.SA,utilities,-0.026010870167477274
2026-07-30,38.65999984741211,4032700,EQTL3.SA,utilities,0.02221047486425154
2026-07-31,38.65999984741211,3594100,EQTL3.SA,utilities,0.0
2026-08-03,38.88999938964844,4351800,EQTL3.SA,utilities,0.005949289786449041
2026-08-04,39.209999084472656,5300100,EQTL3.SA,utilities,0.008228328615232483
2026-08-05,39.18000030517578,3846400,EQTL3.SA,utilities,-0.0007650798265066427
2026-08-06,38.43000030517578,4224600,EQTL3.SA,utilities,-0.01914241945273598
2026-08-07,37.279998779296875,9908600,EQTL3.SA,utilities,-0.029924577589035883
2026-08-10,36.77000045776367,5984300,EQTL3.SA,utilities,-0.013680212935425984
2026-08-11,35.810001373291016,10469900,EQTL3.SA,utilities,-0.026108215189591055
2026-08-12,35.5,12427100,EQTL3.SA,utilities,-0.008656837793986516
2026-08-13,34.81999969482422,20627300,EQTL3.SA,utilities,-0.01915493817396563
2026-08-14,34.900001525878906,22107700,EQTL3.SA,utilities,0.0022975827615121514
2026-08-17,34.22999954223633,19369700,EQTL3.SA,utilities,-0.01919776373493165
2026-08-18,34.5,19576400,EQTL3.SA,utilities,0.007887831182425753
2026-08-19,34.83000183105469,10693500,EQTL3.SA,utilities,0.00956527046535327
2026-08-20,34.970001220703125,18190700,EQTL3.SA,utilities,0.00401950566432685
2026-08-21,35.77000045776367,15802500,EQTL3.SA,utilities,0.022876728885754982
2026-08-24,36.33000183105469,14271600,EQTL3.SA,utilities,0.015655615491317887
2026-08-25,37.150001525878906,9229800,EQTL3.SA,utilities,0.022570868524517618
2025-08-26,16.175899505615234,14287300,GGBR4.SA,industria,
2025-08-27,16.156641006469727,5602600,GGBR4.SA,industria,-0.0011905674326687654
2025-08-28,16.166271209716797,8579700,GGBR4.SA,industria,0.0005960523133003992
2025-08-29,16.041099548339844,13469900,GGBR4.SA,industria,-0.00774276639016902
2025-09-01,16.27218246459961,4035300,GGBR4.SA,industria,0.014405678087302975
2025-09-02,16.291439056396484,5878800,GGBR4.SA,industria,0.0011834055965613821
2025-09-03,16.13738441467285,8400600,GGBR4.SA,industria,-0.009456171501506905
2025-09-04,16.36846923828125,6165900,GGBR4.SA,industria,0.014319843765900897
2025-09-05,16.792125701904297,10602100,GGBR4.SA,industria,0.025882473031273667
2025-09-08,16.7247257232666,9834700,GGBR4.SA,industria,-0.004013784784260621
2025-09-09,16.45512580871582,8151700,GGBR4.SA,industria,-0.016119840708402555
2025-09-10,16.291439056396484,10034600,GGBR4.SA,industria,-0.009947462828429732
2025-09-11,16.36846923828125,8422600,GGBR4.SA,industria,0.004728261365868791
2025-09-12,15.694472312927246,18474900,GGBR4.SA,industria,-0.041176539818257085
2025-09-15,16.079614639282227,10133000,GGBR4.SA,industria,0.024539998457784762
2025-09-16,16.156641006469727,6643200,GGBR4.SA,industria,0.00479031176526612
2025-09-17,16.21441078186035,7276700,GGBR4.SA,industria,0.0035756055585745017
2025-09-18,16.185527801513672,7345400,GGBR4.SA,industria,-0.0017813154443448997
2025-09-19,16.14701271057129,10277700,GGBR4.SA,industria,-0.0023796005551811605
2025-09-22,16.118125915527344,6292200,GGBR4.SA,industria,-0.0017889869514398082
2025-09-23,16.23366928100586,10488600,GGBR4.SA,industria,0.007168535975215828
2025-09-24,16.079614639282227,6711100,GGBR4.SA,industria,-0.009489822606148834
2025-09-25,16.06035614013672,5233200,GGBR4.SA,industria,-0.0011976965603678336
2025-09-26,16.002586364746094,4193200,GGBR4.SA,industria,-0.0035970419887670912
2025-09-29,16.13738441467285,7457600,GGBR4.SA,industria,0.008423516477543913
2025-09-30,15.992958068847656,6908300,GGBR4.SA,industria,-0.008949798933579167
2025-10-01,16.329954147338867,12948700,GGBR4.SA,industria,0.021071528921696947
2025-10-02,16.532154083251953,11154800,GGBR4.SA,industria,0.012382149642841345
2025-10-03,16.84989356994629,12692300,GGBR4.SA,industria,0.019219484956060517
2025-10-06,16.801753997802734,12044600,GGBR4.SA,industria,-0.0028569659472162945
2025-10-07,16.551410675048828,13850000,GGBR4.SA,industria,-0.01489983264762984
2025-10-08,16.878780364990234,15887100,GGBR4.SA,industria,0.019778960015469416
2025-10-09,16.917295455932617,9644400,GGBR4.SA,industria,0.002281864572529768
2025-10-10,16.705469131469727,9632200,GGBR4.SA,industria,-0.012521287756347976
2025-10-13,17.061721801757812,13685900,GGBR4.SA,industria,0.021325511273249997
2025-10-14,17.052091598510742,10039600,GGBR4.SA,industria,-0.0005644332593723878
2025-10-15,17.25429344177246,13860300,GGBR4.SA,industria,0.011857890986193054
2025-10-16,17.013580322265625,11717500,GGBR4.SA,industria,-0.01395091142498317
2025-10-17,17.331321716308594,12028300,GGBR4.SA,industria,0.01867575125425791
2025-10-20,17.581661224365234,11361500,GGBR4.SA,industria,0.014444340261774435
2025-10-21,17.514259338378906,8315300,GGBR4.SA,industria,-0.0038336471807863814
2025-10-22,17.331321716308594,9522200,GGBR4.SA,industria,-0.01044506756100394
2025-10-23,17.514259338378906,5624000,GGBR4.SA,industria,0.01055531857666514
2025-10-24,17.533519744873047,4950900,GGBR4.SA,industria,0.0010996986011242438
2025-10-27,17.54314613342285,8605500,GGBR4.SA,industria,0.0005490277303061841
2025-10-28,17.77423095703125,9056800,GGBR4.SA,industria,0.013172370671195699
2025-10-29,18.534883499145508,19719900,GGBR4.SA,industria,0.04279524351591446
2025-10-30,18.024572372436523,12657500,GGBR4.SA,industria,-0.027532470151890087
2025-10-31,18.236400604248047,15122000,GGBR4.SA,industria,0.011752191809857093
2025-11-03,18.014944076538086,10484600,GGBR4.SA,industria,-0.012143653373044128
2025-11-04,17.889774322509766,9600000,GGBR4.SA,industria,-0.006948106721648695
2025-11-05,18.380828857421875,12573100,GGBR4.SA,industria,0.027448894885959474
2025-11-06,18.409713745117188,12505000,GGBR4.SA,industria,0.0015714681812974973
2025-11-07,18.323057174682617,8119200,GGBR4.SA,industria,-0.0047071112367270684
2025-11-10,18.390457153320312,8972900,GGBR4.SA,industria,0.003678424293235505
2025-11-11,18.468629837036133,11665000,GGBR4.SA,industria,0.00425071998287474
2025-11-12,18.615205764770508,11431200,GGBR4.SA,industria,0.007936480888281139
2025-11-13,18.478403091430664,8617100,GGBR4.SA,industria,-0.007348974546321885
2025-11-14,18.341598510742188,7175700,GGBR4.SA,industria,-0.007403485031231893
2025-11-17,18.273195266723633,12081200,GGBR4.SA,industria,-0.003729404717832674
2025-11-18,18.224336624145508,11608800,GGBR4.SA,industria,-0.0026737875814799583
2025-11-19,18.0679874420166,5682400,GGBR4.SA,industria,-0.008579142569269615
2025-11-21,18.048444747924805,8705100,GGBR4.SA,industria,-0.001081619862450811
2025-11-24,18.16570472717285,10011700,GGBR4.SA,industria,0.006496957543199455
2025-11-25,18.331825256347656,9926000,GGBR4.SA,industria,0.009144733533311022
2025-11-26,18.693378448486328,6610200,GGBR4.SA,industria,0.019722705572565946
2025-11-27,18.673837661743164,2499800,GGBR4.SA,industria,-0.0010453320033622093
2025-11-28,18.605436325073242,5313600,GGBR4.SA,industria,-0.0036629501610188075
2025-12-01,18.71292495727539,9203800,GGBR4.SA,industria,0.005777270165779003
2025-12-02,18.673837661743164,6269000,GGBR4.SA,industria,-0.0020887859926478347
2025-12-03,19.181968688964844,12653900,GGBR4.SA,industria,0.0272108516966858
2025-12-04,19.15265464782715,9828900,GGBR4.SA,industria,-0.0015282081632507216
2025-12-05,18.664066314697266,18903500,GGBR4.SA,industria,-0.0255102147516304
2025-12-08,18.615205764770508,9864600,GGBR4.SA,industria,-0.0026178941449795934
2025-12-09,18.644521713256836,14842900,GGBR4.SA,industria,0.0015748388095611077
2025-12-10,19.14288330078125,14169200,GGBR4.SA,industria,0.02672965255901749
2025-12-11,19.406721115112305,7479800,GGBR4.SA,industria,0.013782553557137645
2025-12-12,19.475120544433594,9598600,GGBR4.SA,industria,0.003524522711259248
2025-12-15,19.905078887939453,13121100,GGBR4.SA,industria,0.022077313592225867
2025-12-16,20.17868995666504,12326000,GGBR4.SA,industria,0.013745791728128731
2025-12-17,19.84644889831543,12937300,GGBR4.SA,industria,-0.01646494688520994
2025-12-18,19.96371078491211,9087300,GGBR4.SA,industria,0.005908456832629305
2025-12-19,19.905078887939453,12971100,GGBR4.SA,industria,-0.0029369237815731752
2025-12-22,20.100515365600586,7241100,GGBR4.SA,industria,0.009818422662948967
2025-12-23,20.276405334472656,4248900,GGBR4.SA,industria,0.008750520355964797
2025-12-26,20.276405334472656,6177000,GGBR4.SA,industria,0.0
2025-12-29,20.06142807006836,6726100,GGBR4.SA,industria,-0.010602336107318089
2025-12-30,19.924623489379883,5129900,GGBR4.SA,industria,-0.006819284260854208
2026-01-02,20.041885375976562,5849100,GGBR4.SA,industria,0.0058852749041498065
2026-01-05,20.23731803894043,6662200,GGBR4.SA,industria,0.009751211490218514
2026-01-06,20.56955909729004,9874300,GGBR4.SA,industria,0.01641724746877604
2026-01-07,20.78453826904297,9547500,GGBR4.SA,industria,0.01045132619207445
2026-01-08,20.716136932373047,7742900,GGBR4.SA,industria,-0.0032909721536513725
2026-01-09,20.56955909729004,5859200,GGBR4.SA,industria,-0.007075539013934207
2026-01-12,20.76499366760254,6443700,GGBR4.SA,industria,0.009501155050924082
2026-01-13,21.16563606262207,13492400,GGBR4.SA,industria,0.019294125557312913
2026-01-14,21.703083038330078,12114600,GGBR4.SA,industria,0.025392432059111236
2026-01-15,21.771486282348633,5843800,GGBR4.SA,industria,0.003151775436593285
2026-01-16,21.536962509155273,6596300,GGBR4.SA,industria,-0.010772060765713576
2026-01-19,21.507648468017578,2849100,GGBR4.SA,industria,-0.0013611037826357641
2026-01-20,21.69331169128418,8888200,GGBR4.SA,industria,0.008632427833414225
2026-01-21,22.045093536376953,13048000,GGBR4.SA,industria,0.016216143025968188
2026-01-22,22.553226470947266,16595100,GGBR4.SA,industria,0.023049706445193108
2026-01-23,22.71934700012207,16298800,GGBR4.SA,industria,0.007365710151884475
2026-01-26,22.211214065551758,13549200,GGBR4.SA,industria,-0.02236564873838942
2026-01-27,22.963642120361328,20037400,GGBR4.SA,industria,0.03387604354219165
2026-01-28,23.188392639160156,12010700,GGBR4.SA,industria,0.009787233123597083
2026-01-29,22.22098731994629,18487400,GGBR4.SA,industria,-0.04171937806418413
2026-01-30,21.908292770385742,12859100,GGBR4.SA,industria,-0.014072036721782477
2026-02-02,22.074411392211914,8184500,GGBR4.SA,industria,0.007582453985219617
2026-02-03,22.514141082763672,10723400,GGBR4.SA,industria,0.019920335937333222
2026-02-04,21.88874626159668,14668500,GGBR4.SA,industria,-0.02777786720212838
2026-02-05,21.507648468017578,14913800,GGBR4.SA,industria,-0.017410672544901695
2026-02-06,21.46856117248535,14272000,GGBR4.SA,industria,-0.0018173672305622501
2026-02-09,21.742170333862305,13151100,GGBR4.SA,industria,0.01274464362929062
2026-02-10,21.644454956054688,14652000,GGBR4.SA,industria,-0.004494278920050165
2026-02-11,22.133041381835938,24385900,GGBR4.SA,industria,0.02257328386292201
2026-02-12,21.68354034423828,13817100,GGBR4.SA,industria,-0.020309049707310067
2026-02-13,21.155864715576172,27229400,GGBR4.SA,industria,-0.024335307808824758
2026-02-18,21.12655258178711,7824800,GGBR4.SA,industria,-0.0013855322948572724
2026-02-19,21.028831481933594,9139800,GGBR4.SA,industria,-0.004625510928733312
2026-02-20,21.146093368530273,8893300,GGBR4.SA,industria,0.005576243582408491
2026-02-23,21.116777420043945,11733900,GGBR4.SA,industria,-0.0013863529293763888
2026-02-24,20.647733688354492,24680000,GGBR4.SA,industria,-0.022211899209783725
2026-02-25,20.921342849731445,12711600,GGBR4.SA,industria,0.013251292636114798
2026-02-26,20.598875045776367,14080800,GGBR4.SA,industria,-0.015413341594333496
2026-02-27,20.510927200317383,15728400,GGBR4.SA,industria,-0.0042695460438271216
2026-03-02,20.32526397705078,6548400,GGBR4.SA,industria,-0.00905191761705093
2026-03-03,19.299230575561523,19616000,GGBR4.SA,industria,-0.050480692533575455
2026-03-04,19.406721115112305,7907000,GGBR4.SA,industria,0.0055696800517475165
2026-03-05,18.879043579101562,10704700,GGBR4.SA,industria,-0.027190452878710802
2026-03-06,18.468629837036133,12677700,GGBR4.SA,industria,-0.021739117256964424
2026-03-09,18.322053909301758,18152400,GGBR4.SA,industria,-0.007936480888281028
2026-03-10,18.419771194458008,8949100,GGBR4.SA,industria,0.005333315011514017
2026-03-11,18.3411808013916,13797600,GGBR4.SA,industria,-0.00426663242646852
2026-03-12,17.712453842163086,14559700,GGBR4.SA,industria,-0.03427952464111861
2026-03-13,17.417736053466797,16608500,GGBR4.SA,industria,-0.016639015199279572
2026-03-16,17.48650360107422,6974400,GGBR4.SA,industria,0.003948133522997832
2026-03-17,17.348968505859375,8748800,GGBR4.SA,industria,-0.00786521413042196
2026-03-18,17.083723068237305,11277300,GGBR4.SA,industria,-0.015288830430033151
2026-03-19,17.181962966918945,10455400,GGBR4.SA,industria,0.005750497025106327
2026-03-20,17.142667770385742,19846400,GGBR4.SA,industria,-0.002287002748688205
2026-03-23,17.682979583740234,14630100,GGBR4.SA,industria,0.03151853728903786
2026-03-24,17.918752670288086,7146700,GGBR4.SA,industria,0.01333333477151366
2026-03-25,18.134878158569336,8663400,GGBR4.SA,industria,0.012061413662995513
2026-03-26,18.10540771484375,8307500,GGBR4.SA,industria,-0.001625069849816474
2026-03-27,17.81068992614746,4543100,GGBR4.SA,industria,-0.016277887432198712
2026-03-30,18.036640167236328,7983900,GGBR4.SA,industria,0.012686214965606402
2026-03-31,18.665369033813477,13972800,GGBR4.SA,industria,0.034858424892194595
2026-04-01,19.3726863861084,17665700,GGBR4.SA,industria,0.03789463530099901
2026-04-02,19.461103439331055,10957800,GGBR4.SA,industria,0.004564005810059335
2026-04-06,19.274450302124023,7754600,GGBR4.SA,industria,-0.009591087051611047
2026-04-07,19.353042602539062,15873300,GGBR4.SA,industria,0.004077537838076628
2026-04-08,20.08000946044922,21697800,GGBR4.SA,industria,0.03756344017011459
2026-04-09,20.95433235168457,16432400,GGBR4.SA,industria,0.043541956140880744
2026-04-10,20.9150390625,12263800,GGBR4.SA,industria,-0.00187518688379551
2026-04-13,20.748031616210938,11296700,GGBR4.SA,industria,-0.007985041088854672
2026-04-14,21.21957778930664,10286300,GGBR4.SA,industria,0.022727272727272707
2026-04-15,21.416053771972656,12007400,GGBR4.SA,industria,0.009259184354036831
2026-04-16,21.15081214904785,11557200,GGBR4.SA,industria,-0.012385177294984562
2026-04-17,21.160634994506836,11316100,GGBR4.SA,industria,0.0004644193040799216
2026-04-20,21.062395095825195,7470300,GGBR4.SA,industria,-0.004642578008984266
2026-04-22,21.33746337890625,14006900,GGBR4.SA,industria,0.013059686793909675
2026-04-23,21.298168182373047,12421300,GGBR4.SA,industria,-0.0018416058101849986
2026-04-24,21.38658332824707,5866200,GGBR4.SA,industria,0.00415130283116083
2026-04-27,21.278520584106445,9566800,GGBR4.SA,industria,-0.005052828798412956
2026-04-28,22.162668228149414,21269700,GGBR4.SA,industria,0.041551180240573915
2026-04-29,22.064430236816406,15853300,GGBR4.SA,industria,-0.004432588636066548
2026-04-30,22.211790084838867,13197300,GGBR4.SA,industria,0.00667861560171068
2026-05-04,22.25108528137207,7688700,GGBR4.SA,industria,0.0017691143479707794
2026-05-05,23.33171272277832,16149900,GGBR4.SA,industria,0.04856515660882921
2026-05-06,23.93096923828125,13736700,GGBR4.SA,industria,0.02568420598278176
2026-05-07,23.35135841369629,7274600,GGBR4.SA,industria,-0.024220114898555134
2026-05-08,23.45941925048828,10948100,GGBR4.SA,industria,0.00462760387972172
2026-05-11,23.2825927734375,6177300,GGBR4.SA,industria,-0.007537547079180196
2026-05-12,23.204002380371094,9649600,GGBR4.SA,industria,-0.0033755000498083554
2026-05-13,23.076290130615234,23349400,GGBR4.SA,industria,-0.005503888840482696
2026-05-14,23.343584060668945,6526900,GGBR4.SA,industria,0.011583054665233794
2026-05-15,23.105989456176758,9444300,GGBR4.SA,industria,-0.010178154471682244
2026-05-18,23.026792526245117,8065800,GGBR4.SA,industria,-0.003427549816979125
2026-05-19,22.78919792175293,5951300,GGBR4.SA,industria,-0.010318180624652173
2026-05-20,23.23468589782715,7110500,GGBR4.SA,industria,0.01954820777825561
2026-05-21,23.264385223388672,5696400,GGBR4.SA,industria,0.0012782322813453817
2026-05-22,23.769271850585938,5256700,GGBR4.SA,industria,0.02170212633384705
2026-05-25,23.93756866455078,3249200,GGBR4.SA,industria,0.007080436246543975
2026-05-26,23.37328338623047,7751600,GGBR4.SA,industria,-0.023573207714949085
2026-05-27,23.501977920532227,9704900,GGBR4.SA,industria,0.005506052879912238
2026-05-28,23.264385223388672,10557800,GGBR4.SA,industria,-0.010109476655408844
2026-05-29,22.541704177856445,25837800,GGBR4.SA,industria,-0.031063835927445216
2026-06-01,22.90799331665039,11527200,GGBR4.SA,industria,0.01624939871022546
2026-06-02,24.402854919433594,19052000,GGBR4.SA,industria,0.0652550217786505
2026-06-03,23.8880672454834,13017800,GGBR4.SA,industria,-0.021095387226198525
2026-06-05,23.244585037231445,10640800,GGBR4.SA,industria,-0.026937391026208624
2026-06-08,23.442581176757812,8306800,GGBR4.SA,industria,0.00851794683403595
2026-06-09,23.23468589782715,8666400,GGBR4.SA,industria,-0.00886827595319506
2026-06-10,23.195087432861328,18269200,GGBR4.SA,industria,-0.0017042823449369138
2026-06-11,23.5811767578125,10097000,GGBR4.SA,industria,0.016645305867835747
2026-06-12,23.640575408935547,9298900,GGBR4.SA,industria,0.002518901059650025
2026-06-15,23.125789642333984,9809600,GGBR4.SA,industria,-0.02177551763003982
2026-06-16,23.05649185180664,6778000,GGBR4.SA,industria,-0.0029965588894091955
2026-06-17,22.581302642822266,8822600,GGBR4.SA,industria,-0.020609779321095645
2026-06-18,21.432933807373047,20239300,GGBR4.SA,industria,-0.050854853398559
2026-06-19,21.442832946777344,11260500,GGBR4.SA,industria,0.00046186581329754617
2026-06-22,21.68042755126953,10433000,GGBR4.SA,industria,0.011080373805173682
2026-06-23,21.482433319091797,11955800,GGBR4.SA,industria,-0.009132395184989761
2026-06-24,21.165639877319336,12239200,GGBR4.SA,industria,-0.014746627491724618
2026-06-25,21.225040435791016,8014900,GGBR4.SA,industria,0.0028064617377967505
2026-06-26,21.20524024963379,9578200,GGBR4.SA,industria,-0.0009328691842601655
2026-06-29,21.0765438079834,5304000,GGBR4.SA,industria,-0.006069086703821336
2026-06-30,20.571657180786133,8895800,GGBR4.SA,industria,-0.023954906069847404
2026-07-01,20.680553436279297,6435000,GGBR4.SA,industria,0.005293509148833753
2026-07-02,20.937946319580078,5693100,GGBR4.SA,industria,0.012446131294012952
2026-07-03,21.225040435791016,6278600,GGBR4.SA,industria,0.013711665500950376
2026-07-06,21.621028900146484,13387500,GGBR4.SA,industria,0.018656664780140053
2026-07-07,21.63092803955078,10964100,GGBR4.SA,industria,0.00045784774859769506
2026-07-08,21.918020248413086,10140200,GGBR4.SA,industria,0.013272301971388956
2026-07-09,22.25461196899414,9419900,GGBR4.SA,industria,0.01535684869190801
2026-07-10,22.779298782348633,10455600,GGBR4.SA,industria,0.02357654287953892
2026-07-13,22.591203689575195,7928400,GGBR4.SA,industria,-0.008257281954578422
2026-07-14,23.08618927001953,6220100,GGBR4.SA,industria,0.021910544796369003
2026-07-15,23.957366943359375,15383900,GGBR4.SA,industria,0.037735880233433994
2026-07-16,23.67027473449707,8000700,GGBR4.SA,industria,-0.011983462520779309
2026-07-17,23.79897117614746,5373300,GGBR4.SA,industria,0.005437048918694121
2026-07-20,23.383182525634766,4278300,GGBR4.SA,industria,-0.01747086659483077
2026-07-21,23.254486083984375,4029600,GGBR4.SA,industria,-0.005503803492501569
2026-07-22,23.818769454956055,7459800,GGBR4.SA,industria,0.024265570476756704
2026-07-23,23.818769454956055,7630100,GGBR4.SA,industria,0.0
2026-07-24,24.016765594482422,5544000,GGBR4.SA,industria,0.00831260993145766
2026-07-27,24.234560012817383,5246800,GGBR4.SA,industria,0.00906843252802525
2026-07-28,24.887941360473633,11177000,GGBR4.SA,industria,0.02696072663628657
2026-07-29,24.541452407836914,8309800,GGBR4.SA,industria,-0.013921961146493356
2026-07-30,24.72954559326172,9151900,GGBR4.SA,industria,0.007664305367873769
2026-07-31,24.72954559326172,5769200,GGBR4.SA,industria,0.0
2026-08-03,25.373029708862305,7410900,GGBR4.SA,industria,0.026020862905621778
2026-08-04,25.610624313354492,13538000,GGBR4.SA,industria,0.00936406125789535
2026-08-05,26.04621124267578,14974000,GGBR4.SA,industria,0.017008055875239014
2026-08-06,25.3928279876709,9874800,GGBR4.SA,industria,-0.02508553927161339
2026-08-07,24.798843383789062,6067900,GGBR4.SA,industria,-0.0233918256040736
2026-08-10,24.99683952331543,5337200,GGBR4.SA,industria,0.007984087663370554
2026-08-11,23.917768478393555,13829000,GGBR4.SA,industria,-0.043168299092986806
2026-08-12,24.63054847717285,10955700,GGBR4.SA,industria,0.029801275124106796
2026-08-13,24.541452407836914,8492600,GGBR4.SA,industria,-0.003617299444976241
2026-08-14,24.402854919433594,10371200,GGBR4.SA,industria,-0.005647485165102162
2026-08-17,24.531553268432617,5987200,GGBR4.SA,industria,0.005273905427210179
2026-08-18,23.957366943359375,8805500,GGBR4.SA,industria,-0.023406032173760027
2026-08-19,22.71000099182129,27361900,GGBR4.SA,industria,-0.05206607030259802
2026-08-20,22.149999618530273,18708300,GGBR4.SA,industria,-0.024658800036719164
2026-08-21,22.149999618530273,14608300,GGBR4.SA,industria,0.0
2026-08-24,22.139999389648438,16977100,GGBR4.SA,industria,-0.0004514776096641304
2026-08-25,22.450000762939453,9019300,GGBR4.SA,industria,0.014001869098332342
2025-08-26,33.18190383911133,22088247,ITUB4.SA,bancos,
2025-08-27,33.73866653442383,12612968,ITUB4.SA,bancos,0.016779106407277533
2025-08-28,34.43912887573242,25167947,ITUB4.SA,bancos,0.020761411557089993
2025-08-29,34.564842224121094,32600942,ITUB4.SA,bancos,0.0036503056985641713
2025-09-01,34.841251373291016,14863209,ITUB4.SA,bancos,0.007996829477121992
2025-09-02,34.2482795715332,24358676,ITUB4.SA,bancos,-0.017019245244801362
2025-09-03,33.951805114746094,20686108,ITUB4.SA,bancos,-0.008656623354404536
2025-09-04,34.08656692504883,15877244,ITUB4.SA,bancos,0.003969208996319473
2025-09-05,34.46390914916992,15664343,ITUB4.SA,bancos,0.011070115243662082
2025-09-08,34.30219268798828,11800195,ITUB4.SA,bancos,-0.004692342371310332
2025-09-09,34.005706787109375,19497179,ITUB4.SA,bancos,-0.008643351274238764
2025-09-10,34.03266143798828,14517129,ITUB4.SA,bancos,0.0007926508055737802
2025-09-11,34.09555435180664,18078972,ITUB4.SA,bancos,0.0018480163219958268
2025-09-12,33.58344650268555,22589754,ITUB4.SA,bancos,-0.0150197836303535
2025-09-15,34.140472412109375,14196181,ITUB4.SA,bancos,0.016586323544228287
2025-09-16,34.050628662109375,19993536,ITUB4.SA,bancos,-0.0026315907089831114
2025-09-17,34.53578186035156,25226348,ITUB4.SA,bancos,0.01424799533237553
2025-09-18,34.58070373535156,15433005,ITUB4.SA,bancos,0.0013007342697972657
2025-09-19,35.03890609741211,26702853,ITUB4.SA,bancos,0.01325023242925294
2025-09-22,34.53578186035156,18325039,ITUB4.SA,bancos,-0.014359016678825665
2025-09-23,35.08382797241211,16930110,ITUB4.SA,bancos,0.015868936000250855
2025-09-24,34.85023498535156,18713452,ITUB4.SA,bancos,-0.006658138537340652
2025-09-25,34.57172393798828,15146768,ITUB4.SA,bancos,-0.007991654790286074
2025-09-26,34.7424201965332,12786935,ITUB4.SA,bancos,0.004937452897955108
2025-09-29,34.94008255004883,19124422,ITUB4.SA,bancos,0.0056893662674470935
2025-09-30,35.10179901123047,33263438,ITUB4.SA,bancos,0.004628393792430074
2025-10-01,34.470497131347656,25519177,ITUB4.SA,bancos,-0.017984886748420914
2025-10-02,34.09298324584961,17094601,ITUB4.SA,bancos,-0.010951796954350668
2025-10-03,34.34465789794922,17766985,ITUB4.SA,bancos,0.007382007326397488
2025-10-06,33.94916915893555,14832309,ITUB4.SA,bancos,-0.011515291262728988
2025-10-07,33.409854888916016,20705472,ITUB4.SA,bancos,-0.015885934277056757
2025-10-08,33.47278594970703,15395204,ITUB4.SA,bancos,0.0018836077259316575
2025-10-09,33.41884231567383,18067539,ITUB4.SA,bancos,-0.0016115669043578196
2025-10-10,33.382896423339844,23250808,ITUB4.SA,bancos,-0.001075617521230643
2025-10-13,33.51772689819336,8194989,ITUB4.SA,bancos,0.004038908821561993
2025-10-14,33.66154098510742,21154861,ITUB4.SA,bancos,0.004290687353318612
2025-10-15,33.66154098510742,21972166,ITUB4.SA,bancos,0.0
2025-10-16,33.58064270019531,15847580,ITUB4.SA,bancos,-0.002403285249118592
2025-10-17,33.69749450683594,17469315,ITUB4.SA,bancos,0.0034797370522019477
2025-10-20,34.299713134765625,19114019,ITUB4.SA,bancos,0.017871317637800033
2025-10-21,33.976131439208984,14013871,ITUB4.SA,bancos,-0.009433947575166801
2025-10-22,34.25477981567383,13890374,ITUB4.SA,bancos,0.008201297930678475
2025-10-23,34.22781753540039,11432588,ITUB4.SA,bancos,-0.0007871100155517619
2025-10-24,34.18286895751953,10169911,ITUB4.SA,bancos,-0.0013132177602142026
2025-10-27,34.470497131347656,11194349,ITUB4.SA,bancos,0.008414395356503679
2025-10-28,34.58734130859375,10478499,ITUB4.SA,bancos,0.0033896864556628437
2025-10-29,35.360347747802734,27235466,ITUB4.SA,bancos,0.022349403277693414
2025-10-30,35.31540298461914,18657008,ITUB4.SA,bancos,-0.0012710498070932497
2025-10-31,35.45022964477539,16449821,ITUB4.SA,bancos,0.003817786256466338
2025-11-03,36.041622161865234,17968144,ITUB4.SA,bancos,0.016682332470503436
2025-11-04,35.9337043762207,20386481,ITUB4.SA,bancos,-0.0029942543973150437
2025-11-05,36.086578369140625,36312135,ITUB4.SA,bancos,0.004254334351931899
2025-11-06,36.086578369140625,23226500,ITUB4.SA,bancos,0.0
2025-11-07,36.1225471496582,12706904,ITUB4.SA,bancos,0.0009967356879792
2025-11-10,36.3653450012207,16552409,ITUB4.SA,bancos,0.006721504177337634
2025-11-11,37.06675720214844,37289193,ITUB4.SA,bancos,0.01928792923329037
2025-11-12,36.221466064453125,36789128,ITUB4.SA,bancos,-0.022804561323921724
2025-11-13,36.3653450012207,33686974,ITUB4.SA,bancos,0.003972200807983883
2025-11-14,36.50922393798828,17006742,ITUB4.SA,bancos,0.003956484855643483
2025-11-17,36.23944854736328,43985120,ITUB4.SA,bancos,-0.007389239253160262
2025-11-18,36.05960464477539,17147337,ITUB4.SA,bancos,-0.00496265560864817
2025-11-19,35.83478927612305,25766686,ITUB4.SA,bancos,-0.00623454890498687
2025-11-21,35.94269943237305,16502454,ITUB4.SA,bancos,0.003011323867945892
2025-11-24,35.80780792236328,29014997,ITUB4.SA,bancos,-0.0037529599095239563
2025-11-25,35.88874816894531,30345963,ITUB4.SA,bancos,0.002260407751223381
2025-11-26,36.73403549194336,22251296,ITUB4.SA,bancos,0.02355298989585486
2025-11-27,36.60813903808594,9469408,ITUB4.SA,bancos,-0.003427242669404862
2025-11-28,37.44443130493164,45311657,ITUB4.SA,bancos,0.02284443538568426
2025-12-01,37.15444564819336,15912985,ITUB4.SA,bancos,-0.007744426784767056
2025-12-02,37.98208999633789,21175667,ITUB4.SA,bancos,0.022275782445559722
2025-12-03,37.98208999633789,23159653,ITUB4.SA,bancos,0.0
2025-12-04,38.91770553588867,23199514,ITUB4.SA,bancos,0.024633071525052674
2025-12-05,37.11845779418945,39832160,ITUB4.SA,bancos,-0.046232112528833635
2025-12-08,37.29838180541992,40458400,ITUB4.SA,bancos,0.00484729220777691
2025-12-09,37.217411041259766,24725047,ITUB4.SA,bancos,-0.0021708921470794396
2025-12-10,37.51032638549805,25643189,ITUB4.SA,bancos,0.007870384748513315
2025-12-11,37.481788635253906,21275268,ITUB4.SA,bancos,-0.0007607971722467521
2025-12-12,37.814666748046875,17595593,ITUB4.SA,bancos,0.008881062641708626
2025-12-15,38.38530731201172,17767809,ITUB4.SA,bancos,0.015090455980134143
2025-12-16,37.39618682861328,20379168,ITUB4.SA,bancos,-0.02576820540626279
2025-12-17,37.06331253051758,31625017,ITUB4.SA,bancos,-0.008901289845974603
2025-12-18,37.2535285949707,21898830,ITUB4.SA,bancos,0.005132192766000188
2025-12-19,37.595916748046875,35446214,ITUB4.SA,bancos,0.009190757654092163
2025-12-22,37.6720085144043,15858704,ITUB4.SA,bancos,0.0020239369840975296
2025-12-23,38.290199279785156,10490138,ITUB4.SA,bancos,0.016409816990365256
2025-12-26,38.302555084228516,12196300,ITUB4.SA,bancos,0.00032268843400573566
2025-12-29,38.18500900268555,10657000,ITUB4.SA,bancos,-0.003068883558407065
2025-12-30,38.42991638183594,13764900,ITUB4.SA,bancos,0.006413704894849381
2026-01-02,38.36932373046875,18846800,ITUB4.SA,bancos,-0.0015767052617327026
2026-01-05,38.92795944213867,24438700,ITUB4.SA,bancos,0.014559435959678124
2026-01-06,39.163169860839844,21959800,ITUB4.SA,bancos,0.006042197486636258
2026-01-07,38.53593444824219,20894500,ITUB4.SA,bancos,-0.016015951079201174
2026-01-08,39.13377380371094,17209400,ITUB4.SA,bancos,0.015513814937372583
2026-01-09,39.05536651611328,17023600,ITUB4.SA,bancos,-0.0020035708283830944
2026-01-12,38.70254898071289,10672200,ITUB4.SA,bancos,-0.009033778629495837
2026-01-13,38.3889274597168,17397400,ITUB4.SA,bancos,-0.008103381540900179
2026-01-14,38.81034851074219,21222100,ITUB4.SA,bancos,0.01097767192031096
2026-01-15,39.143577575683594,19093500,ITUB4.SA,bancos,0.008586087930881892
2026-01-16,38.820152282714844,19742500,ITUB4.SA,bancos,-0.008262537892542166
2026-01-19,38.7613410949707,7190900,ITUB4.SA,bancos,-0.0015149654054893436
2026-01-20,39.12397003173828,20693900,ITUB4.SA,bancos,0.009355428025028534
2026-01-21,40.839073181152344,39510800,ITUB4.SA,bancos,0.043837656250700796
2026-01-22,42.22096252441406,42959700,ITUB4.SA,bancos,0.03383743154826235
2026-01-23,42.70119094848633,41025100,ITUB4.SA,bancos,0.011374170444233167
2026-01-26,43.269622802734375,25371700,ITUB4.SA,bancos,0.0133118501292806
2026-01-27,44.41629409790039,40280000,ITUB4.SA,bancos,0.026500607606257054
2026-01-28,45.415958404541016,36337500,ITUB4.SA,bancos,0.022506702257446554
2026-01-29,45.229740142822266,36252700,ITUB4.SA,bancos,-0.0041002825495835005
2026-01-30,44.59270477294922,38117000,ITUB4.SA,bancos,-0.014084435768622061
2026-02-02,44.98310470581055,28095400,ITUB4.SA,bancos,0.008754793745952671
2026-02-03,45.23801803588867,48570600,ITUB4.SA,bancos,0.00566686829967078
2026-02-04,43.74773025512695,48683500,ITUB4.SA,bancos,-0.03294325979487933
2026-02-05,44.63014221191406,36014400,ITUB4.SA,bancos,0.020170462596369676
2026-02-06,45.83609390258789,38175900,ITUB4.SA,bancos,0.02702101384637534
2026-02-09,47.3656005859375,41656900,ITUB4.SA,bancos,0.03336904507177585
2026-02-10,47.47344970703125,43939300,ITUB4.SA,bancos,0.002276950355523777
2026-02-11,48.40487289428711,45819200,ITUB4.SA,bancos,0.019619875804346876
2026-02-12,47.296966552734375,42023800,ITUB4.SA,bancos,-0.022888322503652136
2026-02-13,46.83615493774414,32353500,ITUB4.SA,bancos,-0.009742942276783184
2026-02-18,47.05185317993164,23368500,ITUB4.SA,bancos,0.0046053789529523215
2026-02-19,47.60090255737305,32026400,ITUB4.SA,bancos,0.011669027686152633
2026-02-20,48.267616271972656,31655900,ITUB4.SA,bancos,0.014006325064866765
2026-02-23,46.52240753173828,34148200,ITUB4.SA,bancos,-0.036156928289159285
2026-02-24,47.228336334228516,38465900,ITUB4.SA,bancos,0.0151739525089849
2026-02-25,46.85576629638672,28980200,ITUB4.SA,bancos,-0.007888697056893323
2026-02-26,46.73810577392578,26516600,ITUB4.SA,bancos,-0.002511121506725056
2026-02-27,45.86551284790039,44765800,ITUB4.SA,bancos,-0.01866983934364308
2026-03-02,45.03982162475586,47144000,ITUB4.SA,bancos,-0.018002441744905284
2026-03-03,43.52934265136719,54352300,ITUB4.SA,bancos,-0.03353652210199798
2026-03-04,44.14726638793945,27146100,ITUB4.SA,bancos,0.014195567838487744
2026-03-05,42.67601776123047,37085400,ITUB4.SA,bancos,-0.03332592812838153
2026-03-06,42.107139587402344,26063600,ITUB4.SA,bancos,-0.013330160677384684
2026-03-09,42.332725524902344,40970400,ITUB4.SA,bancos,0.005357427260803238
2026-03-10,42.96045684814453,50383100,ITUB4.SA,bancos,0.014828511877245543
2026-03-11,43.048736572265625,18482600,ITUB4.SA,bancos,0.002054906548902391
2026-03-12,41.87173843383789,27095200,ITUB4.SA,bancos,-0.027341061135485734
2026-03-13,41.58729934692383,24896600,ITUB4.SA,bancos,-0.006793104312196374
2026-03-16,42.1757926940918,17777300,ITUB4.SA,bancos,0.014150794988121662
2026-03-17,41.891353607177734,22436600,ITUB4.SA,bancos,-0.0067441313783275225
2026-03-18,41.4695930480957,23872800,ITUB4.SA,bancos,-0.010067962067708547
2026-03-19,41.76384735107422,32908000,ITUB4.SA,bancos,0.007095664108332178
2026-03-20,41.090267181396484,37660900,ITUB4.SA,bancos,-0.016128307433352584
2026-03-23,42.3066520690918,27535500,ITUB4.SA,bancos,0.02960274953495623
2026-03-24,42.069305419921875,18609000,ITUB4.SA,bancos,-0.005610149646970597
2026-03-25,42.62310791015625,35148900,ITUB4.SA,bancos,0.013164051193774284
2026-03-26,41.47594451904297,18260900,ITUB4.SA,bancos,-0.026914118828015754
2026-03-27,40.99136734008789,27910700,ITUB4.SA,bancos,-0.011683330773397893
2026-03-30,41.13970184326172,18528100,ITUB4.SA,bancos,0.0036186766336228082
2026-03-31,42.9989013671875,33419700,ITUB4.SA,bancos,0.04519234317762311
2026-04-01,43.3631706237793,26681100,ITUB4.SA,bancos,0.008471594506127778
2026-04-02,42.83880615234375,17811800,ITUB4.SA,bancos,-0.012092392320316114
2026-04-06,43.02678680419922,11004600,ITUB4.SA,bancos,0.00438809268369833
2026-04-07,42.997108459472656,20302000,ITUB4.SA,bancos,-0.0006897643754254501
2026-04-08,44.500911712646484,35777600,ITUB4.SA,bancos,0.034974520544590826
2026-04-09,45.262718200683594,22162900,ITUB4.SA,bancos,0.017118896191527178
2026-04-10,45.579307556152344,29705900,ITUB4.SA,bancos,0.006994483938526974
2026-04-13,45.34186553955078,31011600,ITUB4.SA,bancos,-0.005209425709441495
2026-04-14,46.0344123840332,23343300,ITUB4.SA,bancos,0.015273893922126414
2026-04-15,46.53898239135742,28907200,ITUB4.SA,bancos,0.01096071354435768
2026-04-16,46.47962188720703,22566300,ITUB4.SA,bancos,-0.0012755006899638488
2026-04-17,46.30153274536133,39165500,ITUB4.SA,bancos,-0.0038315531541516235
2026-04-20,45.8761100769043,19194500,ITUB4.SA,bancos,-0.009188090398576487
2026-04-22,44.550384521484375,25440000,ITUB4.SA,bancos,-0.028897950440818665
2026-04-23,43.709442138671875,20444200,ITUB4.SA,bancos,-0.018876209304253155
2026-04-24,43.89741516113281,18234600,ITUB4.SA,bancos,0.004300512961583403
2026-04-27,43.52146530151367,13718400,ITUB4.SA,bancos,-0.008564282389729616
2026-04-28,43.63029098510742,27131800,ITUB4.SA,bancos,0.0025005059650407002
2026-04-29,42.41339111328125,18628100,ITUB4.SA,bancos,-0.027891170201948534
2026-04-30,42.729976654052734,22735500,ITUB4.SA,bancos,0.007464282681993506
2026-05-04,41.966064453125,25336300,ITUB4.SA,bancos,-0.017877664832641083
2026-05-05,42.02545166015625,29386700,ITUB4.SA,bancos,0.0014151245251405875
2026-05-06,41.35240936279297,38718400,ITUB4.SA,bancos,-0.01601511157585922
2026-05-07,40.37254333496094,36335300,ITUB4.SA,bancos,-0.023695500284771076
2026-05-08,40.837730407714844,35920000,ITUB4.SA,bancos,0.011522362336560343
2026-05-11,39.9172477722168,41215600,ITUB4.SA,bancos,-0.022540004704182937
2026-05-12,39.46195983886719,43381700,ITUB4.SA,bancos,-0.011405794706780825
2026-05-13,39.22441482543945,48564700,ITUB4.SA,bancos,-0.006019594931363947
2026-05-14,39.98653793334961,34925200,ITUB4.SA,bancos,0.019429814601488182
2026-05-15,39.293701171875,46869600,ITUB4.SA,bancos,-0.01732675038357767
2026-05-18,39.214515686035156,22993100,ITUB4.SA,bancos,-0.0020152208490994417
2026-05-19,38.38311004638672,41150400,ITUB4.SA,bancos,-0.021201476675243303
2026-05-20,39.263999938964844,38261500,ITUB4.SA,bancos,0.022949935310441205
2026-05-21,39.70940017700195,40949800,ITUB4.SA,bancos,0.0113437306114883
2026-05-22,39.026466369628906,21539700,ITUB4.SA,bancos,-0.017198290690086382
2026-05-25,39.907352447509766,11436200,ITUB4.SA,bancos,0.02257150492534432
2026-05-26,39.65001678466797,23046600,ITUB4.SA,bancos,-0.006448327114164543
2026-05-27,39.907352447509766,21601400,ITUB4.SA,bancos,0.006490177904320715
2026-05-28,39.59062576293945,20196600,ITUB4.SA,bancos,-0.007936549661792358
2026-05-29,39.630218505859375,80334400,ITUB4.SA,bancos,0.0010000534762191204
2026-06-01,38.974876403808594,32832400,ITUB4.SA,bancos,-0.01653642414194334
2026-06-02,39.17292022705078,23121000,ITUB4.SA,bancos,0.005081320109660004
2026-06-03,38.34114074707031,40844400,ITUB4.SA,bancos,-0.021233532633242014
2026-06-05,38.4500617980957,34727700,ITUB4.SA,bancos,0.002840840123770061
2026-06-08,38.143096923828125,23153100,ITUB4.SA,bancos,-0.007983468944197658
2026-06-09,38.83625030517578,28212000,ITUB4.SA,bancos,0.018172446320546154
2026-06-10,38.974876403808594,41470600,ITUB4.SA,bancos,0.00356950265649969
2026-06-11,40.103721618652344,57558800,ITUB4.SA,bancos,0.02896340717410051
2026-06-12,40.20273971557617,30651000,ITUB4.SA,bancos,0.002469050076334467
2026-06-15,40.004703521728516,25132500,ITUB4.SA,bancos,-0.004925937765652533
2026-06-16,40.0542106628418,20052700,ITUB4.SA,bancos,0.0012375330087470715
2026-06-17,40.400787353515625,28205700,ITUB4.SA,bancos,0.00865269056457385
2026-06-18,40.09381866455078,20051100,ITUB4.SA,bancos,-0.007598086796645864
2026-06-19,39.83591842651367,48413400,ITUB4.SA,bancos,-0.006432418927088457
2026-06-22,40.905006408691406,25404800,ITUB4.SA,bancos,0.026837287162084777
2026-06-23,41.01490783691406,21074900,ITUB4.SA,bancos,0.002686747610417317
2026-06-24,40.93497848510742,22041600,ITUB4.SA,bancos,-0.00194878779502472
2026-06-25,41.66435623168945,20778400,ITUB4.SA,bancos,0.017817958469121598
2026-06-26,42.203895568847656,23047700,ITUB4.SA,bancos,0.01294966215625415
2026-06-29,42.373748779296875,21151300,ITUB4.SA,bancos,0.004024586075760173
2026-06-30,42.14394760131836,40172400,ITUB4.SA,bancos,-0.005423196780993678
2026-07-01,42.4220085144043,26405300,ITUB4.SA,bancos,0.006597884842596935
2026-07-02,42.45199966430664,15005100,ITUB4.SA,bancos,0.0007069714743035416
2026-07-03,42.721885681152344,9878400,ITUB4.SA,bancos,0.006357439437007839
2026-07-06,42.541961669921875,19170500,ITUB4.SA,bancos,-0.004211518484303345
2026-07-07,42.41201400756836,21184500,ITUB4.SA,bancos,-0.0030545761702707175
2026-07-08,41.87224197387695,18564500,ITUB4.SA,bancos,-0.01272686634487774
2026-07-09,42.57194519042969,18657300,ITUB4.SA,bancos,0.01671043114885662
2026-07-10,44.281219482421875,28815100,ITUB4.SA,bancos,0.04015025116532467
2026-07-13,43.50155258178711,17749900,ITUB4.SA,bancos,-0.01760716867665013
2026-07-14,43.611507415771484,15398000,ITUB4.SA,bancos,0.0025276071187954052
2026-07-15,43.12171173095703,18975900,ITUB4.SA,bancos,-0.011230881797892778
2026-07-16,42.53196334838867,18156600,ITUB4.SA,bancos,-0.013676367632340036
2026-07-17,41.94221115112305,19576400,ITUB4.SA,bancos,-0.013866093893546205
2026-07-20,42.282066345214844,12612200,ITUB4.SA,bancos,0.008102939372157891
2026-07-21,42.51197052001953,9834900,ITUB4.SA,bancos,0.005437392130451135
2026-07-22,42.88181686401367,21986300,ITUB4.SA,bancos,0.008699816533321414
2026-07-23,42.541961669921875,22570600,ITUB4.SA,bancos,-0.007925391668210824
2026-07-24,42.0821533203125,10443700,ITUB4.SA,bancos,-0.010808348547182045
2026-07-27,42.67190170288086,14920100,ITUB4.SA,bancos,0.014014215909519345
2026-07-28,42.84183120727539,19096400,ITUB4.SA,bancos,0.003982234154402908
2026-07-29,41.80227279663086,20532400,ITUB4.SA,bancos,-0.024265032127478103
2026-07-30,42.721885681152344,12531700,ITUB4.SA,bancos,0.021999112081666494
2026-07-31,42.87181854248047,10285400,ITUB4.SA,bancos,0.0035095094455128706
2026-08-03,43.16999816894531,17043500,ITUB4.SA,bancos,0.006955142949427007
2026-08-04,42.099998474121094,26508600,ITUB4.SA,bancos,-0.024785724813718657
2026-08-05,42.380001068115234,30166400,ITUB4.SA,bancos,0.006650893210037978
2026-08-06,41.83000183105469,22055300,ITUB4.SA,bancos,-0.012977801396856004
2026-08-07,40.75,25577700,ITUB4.SA,bancos,-0.025818832985393114
2026-08-10,40.41999816894531,19652700,ITUB4.SA,bancos,-0.008098204443059864
2026-08-11,39.0,44710200,ITUB4.SA,bancos,-0.035131079497086604
2026-08-12,38.43000030517578,49492600,ITUB4.SA,bancos,-0.01461537679036462
2026-08-13,38.310001373291016,24129000,ITUB4.SA,bancos,-0.0031225326810263576
2026-08-14,39.0,39681400,ITUB4.SA,bancos,0.018010926702551222
2026-08-17,38.380001068115234,21823400,ITUB4.SA,bancos,-0.015897408509865762
2026-08-18,38.189998626708984,14745300,ITUB4.SA,bancos,-0.0049505585231496285
2026-08-19,38.369998931884766,35577300,ITUB4.SA,bancos,0.004713283887103792
2026-08-20,37.5099983215332,27458900,ITUB4.SA,bancos,-0.022413360289069928
2026-08-21,38.599998474121094,29492600,ITUB4.SA,bancos,0.029058922990198077
2026-08-24,38.72999954223633,18970400,ITUB4.SA,bancos,0.003367903452182519
2026-08-25,39.439998626708984,18255700,ITUB4.SA,bancos,0.018332018922395887
2025-08-26,14.732593536376953,7161100,LREN3.SA,varejo,
2025-08-27,15.052663803100586,20184300,LREN3.SA,varejo,0.021725317129895227
2025-08-28,15.231526374816895,20125500,LREN3.SA,varejo,0.01188245310304925
2025-08-29,15.306838035583496,9628600,LREN3.SA,varejo,0.0049444592034531
2025-09-01,15.288007736206055,4657000,LREN3.SA,varejo,-0.0012301887126306976
2025-09-02,15.146801948547363,6055600,LREN3.SA,varejo,-0.009236375994517543
2025-09-03,15.090319633483887,6482600,LREN3.SA,varejo,-0.003728992777177864
2025-09-04,15.165630340576172,7280600,LREN3.SA,varejo,0.004990663479730317
2025-09-05,15.391560554504395,15465400,LREN3.SA,varejo,0.014897515556853369
2025-09-08,14.939698219299316,9408200,LREN3.SA,varejo,-0.02935779861989618
2025-09-09,14.676112174987793,11298400,LREN3.SA,varejo,-0.017643331240186577
2025-09-10,15.024422645568848,17531000,LREN3.SA,varejo,0.023733156739880634
2025-09-11,15.231526374816895,19721400,LREN3.SA,varejo,0.013784471732038783
2025-09-12,14.92087173461914,6124800,LREN3.SA,varejo,-0.02039550289006986
2025-09-15,15.269181251525879,14180200,LREN3.SA,varejo,0.02334377797100129
2025-09-16,15.909317970275879,19329800,LREN3.SA,varejo,0.04192344751202892
2025-09-17,16.02228546142578,31079600,LREN3.SA,varejo,0.007100712385091912
2025-09-18,16.050525665283203,8975200,LREN3.SA,varejo,0.0017625577777533596
2025-09-19,15.928149223327637,15882500,LREN3.SA,varejo,-0.007624450719409315
2025-09-22,15.31624984741211,15873500,LREN3.SA,varejo,-0.038416225723159836
2025-09-23,14.98676872253418,29583700,LREN3.SA,varejo,-0.021511866688019632
2025-09-24,15.21560001373291,21931600,LREN3.SA,varejo,0.015268887872717851
2025-09-25,15.005598068237305,17435400,LREN3.SA,varejo,-0.013801752497835551
2025-09-26,15.101053237915039,12917600,LREN3.SA,varejo,0.006361303910957572
2025-09-29,15.043780326843262,9310100,LREN3.SA,varejo,-0.003792643477872115
2025-09-30,14.442411422729492,18552300,LREN3.SA,varejo,-0.03997458690889821
2025-10-01,14.461502075195312,11004100,LREN3.SA,varejo,0.0013218466021385211
2025-10-02,14.12740707397461,9441900,LREN3.SA,varejo,-0.02310237204154264
2025-10-03,14.031951904296875,6337000,LREN3.SA,varejo,-0.006756736687624776
2025-10-06,13.736040115356445,10078800,LREN3.SA,varejo,-0.021088426682093653
2025-10-07,12.9533052444458,27240400,LREN3.SA,varejo,-0.056984026279566
2025-10-08,13.18239974975586,24230000,LREN3.SA,varejo,0.017686181324900963
2025-10-09,13.21103572845459,9930000,LREN3.SA,varejo,0.00217228875184583
2025-10-10,13.344673156738281,12508900,LREN3.SA,varejo,0.010115590558570364
2025-10-13,13.497401237487793,14423300,LREN3.SA,varejo,0.01144487234386804
2025-10-14,13.669221878051758,13551500,LREN3.SA,varejo,0.012729905375173267
2025-10-15,13.602402687072754,25355900,LREN3.SA,varejo,-0.004888295147677191
2025-10-16,13.659675598144531,10871100,LREN3.SA,varejo,0.004210499599913042
2025-10-17,13.592856407165527,11865900,LREN3.SA,varejo,-0.0048917114099020775
2025-10-20,13.650130271911621,40862100,LREN3.SA,varejo,0.0042135267989664715
2025-10-21,13.965133666992188,11470500,LREN3.SA,varejo,0.02307695156058398
2025-10-22,13.812405586242676,8254300,LREN3.SA,varejo,-0.010936385171199436
2025-10-23,14.14649772644043,15548500,LREN3.SA,varejo,0.024187831591805597
2025-10-24,14.12740707397461,14203900,LREN3.SA,varejo,-0.001349496733042188
2025-10-27,14.14649772644043,8495100,LREN3.SA,varejo,0.0013513203354200698
2025-10-28,13.917405128479004,12051100,LREN3.SA,varejo,-0.016194297867325957
2025-10-29,13.965133666992188,10253500,LREN3.SA,varejo,0.0034294136063854896
2025-10-30,13.926952362060547,8638700,LREN3.SA,varejo,-0.0027340450755501955
2025-10-31,14.165589332580566,16851400,LREN3.SA,varejo,0.017134902476589886
2025-11-03,14.079679489135742,12206500,LREN3.SA,varejo,-0.006064685444977069
2025-11-04,14.289681434631348,20103300,LREN3.SA,varejo,0.014915250425810322
2025-11-05,14.757412910461426,15942000,LREN3.SA,varejo,0.0327321135862777
2025-11-06,13.898314476013184,15386600,LREN3.SA,varejo,-0.05821470468168799
2025-11-07,13.316036224365234,57823100,LREN3.SA,varejo,-0.04189560199208986
2025-11-10,13.841041564941406,41178800,LREN3.SA,varejo,0.039426547940409895
2025-11-11,14.270589828491211,31403100,LREN3.SA,varejo,0.031034388671863145
2025-11-12,14.2610445022583,13600600,LREN3.SA,varejo,-0.0006688809886367109
2025-11-13,14.15604305267334,13292500,LREN3.SA,varejo,-0.007362816206648359
2025-11-14,14.471047401428223,16630800,LREN3.SA,varejo,0.022252288127605935
2025-11-17,14.442411422729492,11855400,LREN3.SA,varejo,-0.0019788463063084016
2025-11-18,14.394682884216309,17918800,LREN3.SA,varejo,-0.0033047485711470426
2025-11-19,14.24195384979248,11168600,LREN3.SA,varejo,-0.010610100663717592
2025-11-21,14.499683380126953,11363300,LREN3.SA,varejo,0.018096500877105903
2025-11-24,14.413774490356445,15383300,LREN3.SA,varejo,-0.0059248803934748295
2025-11-25,14.53786563873291,11527100,LREN3.SA,varejo,0.008609205621989524
2025-11-26,14.747868537902832,13225500,LREN3.SA,varejo,0.014445235936863865
2025-11-27,15.158326148986816,11352100,LREN3.SA,varejo,0.027831656488467083
2025-11-28,15.034234046936035,11421800,LREN3.SA,varejo,-0.008186398737638712
2025-12-01,15.043780326843262,29121200,LREN3.SA,varejo,0.0006349694887963775
2025-12-02,15.072416305541992,10598000,LREN3.SA,varejo,0.001903509495391642
2025-12-03,14.757412910461426,12529200,LREN3.SA,varejo,-0.020899329523212717
2025-12-04,14.356500625610352,33671400,LREN3.SA,varejo,-0.027166840643651713
2025-12-05,13.249217987060547,33234400,LREN3.SA,varejo,-0.07712761399352008
2025-12-08,13.592856407165527,34816300,LREN3.SA,varejo,0.02593650587080565
2025-12-09,13.344673156738281,34870600,LREN3.SA,varejo,-0.018258358875652858
2025-12-10,13.382854461669922,37755200,LREN3.SA,varejo,0.0028611644873715036
2025-12-11,13.440128326416016,14374900,LREN3.SA,varejo,0.00427964489265964
2025-12-12,13.777565956115723,14679100,LREN3.SA,varejo,0.02510672677406567
2025-12-15,14.039534568786621,26299000,LREN3.SA,varejo,0.019014143246007364
2025-12-16,13.515599250793457,34608700,LREN3.SA,varejo,-0.03731856746576223
2025-12-17,13.030472755432129,28855000,LREN3.SA,varejo,-0.0358938206408308
2025-12-18,12.98196029663086,18259400,LREN3.SA,varejo,-0.003723000670182608
2025-12-19,13.146903038024902,13532700,LREN3.SA,varejo,0.012705534266411966
2025-12-22,12.690884590148926,15254400,LREN3.SA,varejo,-0.03468637796726959
2025-12-23,13.146903038024902,15266600,LREN3.SA,varejo,0.035932755091788726
2025-12-26,13.243927955627441,6717500,LREN3.SA,varejo,0.007380058810954493
2025-12-29,13.098389625549316,13310500,LREN3.SA,varejo,-0.010989060840993492
2025-12-30,13.049877166748047,11989300,LREN3.SA,varejo,-0.0037036964228520652
2026-01-02,12.98196029663086,14265600,LREN3.SA,varejo,-0.005204406849916077
2026-01-05,12.593859672546387,33507300,LREN3.SA,varejo,-0.029895379065763672
2026-01-06,13.049877166748047,19591500,LREN3.SA,varejo,0.03620951051215404
2026-01-07,12.739398002624512,15016900,LREN3.SA,varejo,-0.02379173076928698
2026-01-08,13.020770072937012,12832200,LREN3.SA,varejo,0.022086763460450243
2026-01-09,12.904339790344238,10977900,LREN3.SA,varejo,-0.008941889146385273
2026-01-12,13.011067390441895,7372100,LREN3.SA,varejo,0.008270674969169445
2026-01-13,12.846124649047852,11578500,LREN3.SA,varejo,-0.0126771106815734
2026-01-14,13.117795944213867,17605300,LREN3.SA,varejo,0.02114811295919905
2026-01-15,13.108092308044434,10535100,LREN3.SA,varejo,-0.000739730684232387
2026-01-16,12.933446884155273,8977100,LREN3.SA,varejo,-0.01332348138729389
2026-01-19,12.991662979125977,3967400,LREN3.SA,varejo,0.0045012049372563645
2026-01-20,13.21481990814209,11766900,LREN3.SA,varejo,0.01717693334368864
2026-01-21,14.058938980102539,20969400,LREN3.SA,varejo,0.0638766988750532
2026-01-22,14.505253791809082,17194100,LREN3.SA,varejo,0.03174598113970095
2026-01-23,14.408228874206543,16794300,LREN3.SA,varejo,-0.006688950017360473
2026-01-26,14.311203956604004,21056700,LREN3.SA,varejo,-0.006733993362378676
2026-01-27,14.776924133300781,17144600,LREN3.SA,varejo,0.03254234780728327
2026-01-28,15.08740520477295,16311000,LREN3.SA,varejo,0.021011211039006383
2026-01-29,14.844842910766602,17211700,LREN3.SA,varejo,-0.016077137898411586
2026-01-30,14.485849380493164,18669900,LREN3.SA,varejo,-0.02418304676117977
2026-02-02,14.602279663085938,11195400,LREN3.SA,varejo,0.008037518514417252
2026-02-03,15.126214981079102,12707500,LREN3.SA,varejo,0.035880378275294555
2026-02-04,14.747817039489746,9485300,LREN3.SA,varejo,-0.025016036203549974
2026-02-05,14.747817039489746,9262400,LREN3.SA,varejo,0.0
2026-02-06,15.038891792297363,10041900,LREN3.SA,varejo,0.01973680254021426
2026-02-09,14.961273193359375,16152000,LREN3.SA,varejo,-0.005161191396944709
2026-02-10,14.621684074401855,14010000,LREN3.SA,varejo,-0.022697875680008806
2026-02-11,14.815735816955566,17261600,LREN3.SA,varejo,0.013271504264918299
2026-02-12,14.64108943939209,11079900,LREN3.SA,varejo,-0.011787897659703561
2026-02-13,14.893355369567871,10168000,LREN3.SA,varejo,0.017229997208886294
2026-02-18,15.038891792297363,6374200,LREN3.SA,varejo,0.009771902913622288
2026-02-19,15.126214981079102,16946300,LREN3.SA,varejo,0.005806490929502139
2026-02-20,15.135917663574219,10920700,LREN3.SA,varejo,0.0006414481420007334
2026-02-23,15.067999839782715,7981700,LREN3.SA,varejo,-0.004487195642914554
2026-02-24,15.407588005065918,29336200,LREN3.SA,varejo,0.022537043329839967
2026-02-25,15.310562133789062,13544800,LREN3.SA,varejo,-0.006297278408856299
2026-02-26,15.572529792785645,16987800,LREN3.SA,varejo,0.01711025739665306
2026-02-27,15.116512298583984,9657900,LREN3.SA,varejo,-0.029283456205871028
2026-03-02,15.058297157287598,6278400,LREN3.SA,varejo,-0.003851096082648664
2026-03-03,14.5149564743042,17579900,LREN3.SA,varejo,-0.036082478470711
2026-03-04,14.709007263183594,7217100,LREN3.SA,varejo,0.013369023132995483
2026-03-05,14.282096862792969,11483600,LREN3.SA,varejo,-0.029023739858989317
2026-03-06,14.330609321594238,23018100,LREN3.SA,varejo,0.0033967322352821405
2026-03-09,14.136558532714844,29236300,LREN3.SA,varejo,-0.013541000562131478
2026-03-10,14.76722240447998,14866000,LREN3.SA,varejo,0.044612263324602885
2026-03-11,15.21353816986084,15990400,LREN3.SA,varejo,0.030223406484719773
2026-03-12,14.573172569274902,15229200,LREN3.SA,varejo,-0.04209182594056582
2026-03-13,14.611982345581055,14456200,LREN3.SA,varejo,0.002663097285211302
2026-03-16,14.747817039489746,20028500,LREN3.SA,varejo,0.009296116755148631
2026-03-17,14.670196533203125,8420000,LREN3.SA,varejo,-0.005263186143330878
2026-03-18,14.64108943939209,11276800,LREN3.SA,varejo,-0.0019840970599921404
2026-03-19,14.699304580688477,13909900,LREN3.SA,varejo,0.003976148191524365
2026-03-20,14.398526191711426,21116200,LREN3.SA,varejo,-0.02046208290507867
2026-03-23,15.194131851196289,22781900,LREN3.SA,varejo,0.05525604835464737
2026-03-24,15.21353816986084,22192300,LREN3.SA,varejo,0.0012772245795025228
2026-03-25,15.196507453918457,29363600,LREN3.SA,varejo,-0.0011194447834707022
2026-03-26,14.95044994354248,12060200,LREN3.SA,varejo,-0.016191714518754785
2026-03-27,14.655181884765625,25661200,LREN3.SA,varejo,-0.019749777424216575
2026-03-30,13.96622085571289,21413800,LREN3.SA,varejo,-0.0470114280716587
2026-03-31,14.724078178405762,19833900,LREN3.SA,varejo,0.0542635928876114
2026-04-01,14.724078178405762,17599600,LREN3.SA,varejo,0.0
2026-04-02,14.60597038269043,7043600,LREN3.SA,varejo,-0.008021405094720824
2026-04-06,14.418966293334961,8254500,LREN3.SA,varejo,-0.012803263628213823
2026-04-07,14.566600799560547,38131800,LREN3.SA,varejo,0.010238910558645786
2026-04-08,15.255561828613281,16947300,LREN3.SA,varejo,0.0472973096835001
2026-04-09,15.659095764160156,11877200,LREN3.SA,varejo,0.02645159451223944
2026-04-10,15.472092628479004,21059600,LREN3.SA,varejo,-0.011942141391660499
2026-04-13,15.560673713684082,8927900,LREN3.SA,varejo,0.005725216836023117
2026-04-14,15.422881126403809,15476600,LREN3.SA,varejo,-0.008855181325413852
2026-04-15,15.353984832763672,12448800,LREN3.SA,varejo,-0.0044671480688641685
2026-04-16,14.812658309936523,19780600,LREN3.SA,varejo,-0.03525641901586474
2026-04-17,15.186666488647461,26067600,LREN3.SA,varejo,0.02524922744353364
2026-04-20,14.911081314086914,10065900,LREN3.SA,varejo,-0.018146521803620086
2026-04-22,14.389439582824707,15603300,LREN3.SA,varejo,-0.03498349450816807
2026-04-23,14.113855361938477,10529500,LREN3.SA,varejo,-0.019151838353396955
2026-04-24,14.054800987243652,10703200,LREN3.SA,varejo,-0.004184141978249234
2026-04-27,13.749691009521484,9404200,LREN3.SA,varejo,-0.021708594664491487
2026-04-28,13.78905963897705,15297500,LREN3.SA,varejo,0.002863237394084228
2026-04-29,13.208364486694336,15933700,LREN3.SA,varejo,-0.042112744993957674
2026-04-30,13.385525703430176,14816500,LREN3.SA,varejo,0.01341280496266628
2026-05-04,13.306787490844727,13032000,LREN3.SA,varejo,-0.005882339949134119
2026-05-05,13.828429222106934,13083800,LREN3.SA,varejo,0.039201176964846374
2026-05-06,14.458334922790527,30293700,LREN3.SA,varejo,0.04555150050423595
2026-05-07,14.704392433166504,24896900,LREN3.SA,varejo,0.01701838501390074
2026-05-08,14.123698234558105,27340400,LREN3.SA,varejo,-0.03949120653898042
2026-05-11,13.503633499145508,12696300,LREN3.SA,varejo,-0.043902434413064184
2026-05-12,13.474105834960938,15472100,LREN3.SA,varejo,-0.0021866458524988364
2026-05-13,12.932780265808105,30918600,LREN3.SA,varejo,-0.04017524990402466
2026-05-14,13.503633499145508,44646000,LREN3.SA,varejo,0.044140024156030355
2026-05-15,13.33631420135498,11016300,LREN3.SA,varejo,-0.012390687128846833
2026-05-18,13.552845001220703,11879400,LREN3.SA,varejo,0.016236180146664836
2026-05-19,13.424895286560059,10397200,LREN3.SA,varejo,-0.009440801149066536
2026-05-20,14.468177795410156,17007200,LREN3.SA,varejo,0.07771252487120317
2026-05-21,14.615813255310059,16379800,LREN3.SA,varejo,0.010204150238376064
2026-05-22,14.832343101501465,17968500,LREN3.SA,varejo,0.014814765515202444
2026-05-25,15.166980743408203,8605000,LREN3.SA,varejo,0.0225613471598336
2026-05-26,14.802816390991211,10189900,LREN3.SA,varejo,-0.02401033920843232
2026-05-27,14.635497093200684,9152000,LREN3.SA,varejo,-0.011303206995957549
2026-05-28,14.763446807861328,6376400,LREN3.SA,varejo,0.008742423564149782
2026-05-29,14.665023803710938,8763400,LREN3.SA,varejo,-0.0066666683892532275
2026-06-01,14.783132553100586,20944300,LREN3.SA,varejo,0.008053771406750787
2026-06-02,15.275246620178223,13846900,LREN3.SA,varejo,0.03328888957127174
2026-06-03,14.409124374389648,16921800,LREN3.SA,varejo,-0.05670103189328857
2026-06-05,14.655181884765625,15180300,LREN3.SA,varejo,0.01707650680101791
2026-06-08,14.733920097351074,11628300,LREN3.SA,varejo,0.005372721621919929
2026-06-09,14.773289680480957,14688100,LREN3.SA,varejo,0.002672037235831093
2026-06-10,14.586285591125488,14819100,LREN3.SA,varejo,-0.012658256447955929
2026-06-11,15.147296905517578,22244600,LREN3.SA,varejo,0.038461561093621865
2026-06-12,15.13745403289795,10416400,LREN3.SA,varejo,-0.0006498105028920342
2026-06-15,15.068558692932129,12901000,LREN3.SA,varejo,-0.004551316213155188
2026-06-16,14.655181884765625,8831400,LREN3.SA,varejo,-0.027433068854846532
2026-06-17,14.22212028503418,10678200,LREN3.SA,varejo,-0.029550066531867647
2026-06-18,13.76937484741211,18747700,LREN3.SA,varejo,-0.0318338917509009
2026-06-19,14.064643859863281,9889600,LREN3.SA,varejo,0.02144389383855483
2026-06-22,14.163066864013672,48817900,LREN3.SA,varejo,0.006997902338022444
2026-06-23,14.310701370239258,13736300,LREN3.SA,varejo,0.01042390801675186
2026-06-24,14.5,20638300,LREN3.SA,varejo,0.013227767449218941
2026-06-25,14.520000457763672,9050900,LREN3.SA,varejo,0.0013793419147360986
2026-06-26,14.970000267028809,18120000,LREN3.SA,varejo,0.030991721424121987
2026-06-29,14.989999771118164,6262500,LREN3.SA,varejo,0.0013359721932273416
2026-06-30,14.760000228881836,24372600,LREN3.SA,varejo,-0.015343532071259713
2026-07-01,14.859999656677246,6577600,LREN3.SA,varejo,0.006775028878369227
2026-07-02,14.800000190734863,14483500,LREN3.SA,varejo,-0.004037649214576056
2026-07-03,14.800000190734863,11005600,LREN3.SA,varejo,0.0
2026-07-06,14.09000015258789,12523300,LREN3.SA,varejo,-0.04797297493221986
2026-07-07,13.649999618530273,16885600,LREN3.SA,varejo,-0.031227858714877543
2026-07-08,13.710000038146973,10233800,LREN3.SA,varejo,0.004395635259597075
2026-07-09,14.149999618530273,8548000,LREN3.SA,varejo,0.03209333181320484
2026-07-10,14.619999885559082,14517000,LREN3.SA,varejo,0.03321556746993237
2026-07-13,14.149999618530273,8799700,LREN3.SA,varejo,-0.03214776133432473
2026-07-14,14.289999961853027,6866500,LREN3.SA,varejo,0.009894017462687144
2026-07-15,14.100000381469727,10400900,LREN3.SA,varejo,-0.013295981867774809
2026-07-16,13.649999618530273,16448600,LREN3.SA,varejo,-0.03191494686275653
2026-07-17,13.420000076293945,12914500,LREN3.SA,varejo,-0.0168497837849092
2026-07-20,13.3100004196167,6517600,LREN3.SA,varejo,-0.00819669568195891
2026-07-21,13.270000457763672,8624800,LREN3.SA,varejo,-0.0030052562428227736
2026-07-22,13.539999961853027,8211100,LREN3.SA,varejo,0.02034660849852421
2026-07-23,13.369999885559082,8063700,LREN3.SA,varejo,-0.012555397102872679
2026-07-24,13.270000457763672,7804800,LREN3.SA,varejo,-0.007479388829570555
2026-07-27,13.729999542236328,10334400,LREN3.SA,varejo,0.034664586933268016
2026-07-28,13.899999618530273,15288500,LREN3.SA,varejo,0.012381652000132304
2026-07-29,13.359999656677246,14485700,LREN3.SA,varejo,-0.03884891918508737
2026-07-30,13.520000457763672,8220500,LREN3.SA,varejo,0.011976108173510136
2026-07-31,13.600000381469727,14133200,LREN3.SA,varejo,0.005917153919925866
2026-08-03,13.850000381469727,11146500,LREN3.SA,varejo,0.018382352425565296
2026-08-04,13.670000076293945,10051100,LREN3.SA,varejo,-0.012996411568089838
2026-08-05,13.670000076293945,7742600,LREN3.SA,varejo,0.0
2026-08-06,13.479999542236328,13835800,LREN3.SA,varejo,-0.013899088002721327
2026-08-07,12.390000343322754,106806300,LREN3.SA,varejo,-0.0808604774427718
2026-08-10,12.119999885559082,28773900,LREN3.SA,varejo,-0.02179180389685631
2026-08-11,12.029999732971191,27025200,LREN3.SA,varejo,-0.007425755234133691
2026-08-12,11.739999771118164,23895200,LREN3.SA,varejo,-0.024106398029104747
2026-08-13,11.510000228881836,12547000,LREN3.SA,varejo,-0.019591102787084758
2026-08-14,11.210000038146973,25928100,LREN3.SA,varejo,-0.026064307972998857
2026-08-17,11.020000457763672,17044400,LREN3.SA,varejo,-0.01694911505234109
2026-08-18,10.640000343322754,18588200,LREN3.SA,varejo,-0.034482767573136064
2026-08-19,10.729999542236328,18853900,LREN3.SA,varejo,0.008458571053529651
2026-08-20,10.5,18622600,LREN3.SA,varejo,-0.021435186584210397
2026-08-21,10.989999771118164,19170900,LREN3.SA,varejo,0.046666644868396556
2026-08-24,10.649999618530273,16944700,LREN3.SA,varejo,-0.030937230179150177
2026-08-25,11.079999923706055,15727700,LREN3.SA,varejo,0.04037561695566727
2025-08-26,6.604557037353516,16930935,MGLU3.SA,varejo,
2025-08-27,6.774388790130615,18623850,MGLU3.SA,varejo,0.02571432903320825
2025-08-28,7.397103786468506,45803730,MGLU3.SA,varejo,0.09192194537832021
2025-08-29,7.727332592010498,30910530,MGLU3.SA,varejo,0.04464298664378319
2025-09-01,7.8122477531433105,30854040,MGLU3.SA,varejo,0.01098893571898385
2025-09-02,7.689590930938721,15819615,MGLU3.SA,varejo,-0.015700580176203238
2025-09-03,7.755636692047119,16418640,MGLU3.SA,varejo,0.008588982392114808
2025-09-04,8.161346435546875,26548620,MGLU3.SA,varejo,0.052311597307772795
2025-09-05,8.746320724487305,32295480,MGLU3.SA,varejo,0.07167619872041753
2025-09-08,8.406658172607422,29259930,MGLU3.SA,varejo,-0.038834906994540064
2025-09-09,8.416093826293945,19192110,MGLU3.SA,varejo,0.0011224024449179026
2025-09-10,8.727449417114258,32090415,MGLU3.SA,varejo,0.03699526137025244
2025-09-11,9.43508243560791,38184930,MGLU3.SA,varejo,0.08108130848699124
2025-09-12,9.29355525970459,20654025,MGLU3.SA,varejo,-0.015000099561313651
2025-09-15,9.982316017150879,28773570,MGLU3.SA,varejo,0.07411165460355607
2025-09-16,10.133277893066406,36285480,MGLU3.SA,varejo,0.01512293095671935
2025-09-17,10.671077728271484,52012695,MGLU3.SA,varejo,0.05307264252301436
2025-09-18,10.595597267150879,20073480,MGLU3.SA,varejo,-0.0070733681304401275
2025-09-19,10.482375144958496,17667300,MGLU3.SA,varejo,-0.010685770640169623
2025-09-22,10.227627754211426,15566775,MGLU3.SA,varejo,-0.024302449323194808
2025-09-23,10.378589630126953,26995920,MGLU3.SA,varejo,0.014760204374212327
2025-09-24,10.265368461608887,21153720,MGLU3.SA,varejo,-0.010909109286815655
2025-09-25,10.3974609375,37707600,MGLU3.SA,varejo,0.012867777360853871
2025-09-26,10.557855606079102,24341625,MGLU3.SA,varejo,0.015426330480416972
2025-09-29,10.02005672454834,42088620,MGLU3.SA,varejo,-0.050938268299587586
2025-09-30,9.05767822265625,53095350,MGLU3.SA,varejo,-0.09604521494717089
2025-10-01,9.05767822265625,46123455,MGLU3.SA,varejo,0.0
2025-10-02,8.642535209655762,22836450,MGLU3.SA,varejo,-0.04583327015990457
2025-10-03,8.633099555969238,34357575,MGLU3.SA,varejo,-0.0010917691924450246
2025-10-06,8.453832626342773,21915600,MGLU3.SA,varejo,-0.020765071509283528
2025-10-07,8.472702026367188,21778680,MGLU3.SA,varejo,0.0022320527101062915
2025-10-08,8.576488494873047,28115955,MGLU3.SA,varejo,0.012249512396738771
2025-10-09,8.463268280029297,19640250,MGLU3.SA,varejo,-0.013201232055687129
2025-10-10,8.312307357788086,20879565,MGLU3.SA,varejo,-0.017837189752974325
2025-10-13,8.114171028137207,19664505,MGLU3.SA,varejo,-0.023836501842684932
2025-10-14,8.284001350402832,14808465,MGLU3.SA,varejo,0.020930089059832513
2025-10-15,8.406658172607422,23188515,MGLU3.SA,varejo,0.014806470570966956
2025-10-16,7.736766815185547,40883535,MGLU3.SA,varejo,-0.07968580899419397
2025-10-17,7.925468921661377,28614600,MGLU3.SA,varejo,0.024390305535052503
2025-10-20,7.8688578605651855,12841500,MGLU3.SA,varejo,-0.007142928911305857
2025-10-21,7.887727737426758,13804140,MGLU3.SA,varejo,0.0023980452050276213
2025-10-22,7.8688578605651855,13535340,MGLU3.SA,varejo,-0.002392308341480409
2025-10-23,7.425409317016602,50576925,MGLU3.SA,varejo,-0.05635488039133718
2025-10-24,7.623546123504639,23449125,MGLU3.SA,varejo,0.026683620798381158
2025-10-27,8.038689613342285,22558830,MGLU3.SA,varejo,0.05445543099131922
2025-10-28,8.170781135559082,11424210,MGLU3.SA,varejo,0.016431971946964774
2025-10-29,8.048124313354492,13356210,MGLU3.SA,varejo,-0.015011639666957843
2025-10-30,8.019819259643555,15100050,MGLU3.SA,varejo,-0.003516975211723561
2025-10-31,7.991513252258301,14380065,MGLU3.SA,varejo,-0.0035295068964573684
2025-11-03,7.8688578605651855,11489310,MGLU3.SA,varejo,-0.015348206005721732
2025-11-04,7.906598091125488,7011585,MGLU3.SA,varejo,0.004796151008069183
2025-11-05,8.246260643005371,15467235,MGLU3.SA,varejo,0.04295937999695809
2025-11-06,7.538629531860352,21751275,MGLU3.SA,varejo,-0.08581236293388872
2025-11-07,7.6801557540893555,27718425,MGLU3.SA,varejo,0.018773468258504344
2025-11-10,7.944338321685791,16046625,MGLU3.SA,varejo,0.03439807421298324
2025-11-11,8.576488494873047,29114505,MGLU3.SA,varejo,0.07957241340813304
2025-11-12,8.633099555969238,15031275,MGLU3.SA,varejo,0.006600727224205238
2025-11-13,8.54818344116211,15416205,MGLU3.SA,varejo,-0.009836109760649636
2025-11-14,9.048243522644043,25073685,MGLU3.SA,varejo,0.05849898810944931
2025-11-17,8.614230155944824,17720430,MGLU3.SA,varejo,-0.04796658772645335
2025-11-18,8.93502140045166,18369015,MGLU3.SA,varejo,0.0372396881322532
2025-11-19,8.80293083190918,16938915,MGLU3.SA,varejo,-0.014783464148815928
2025-11-21,9.085983276367188,25141725,MGLU3.SA,varejo,0.032154341532707464
2025-11-24,9.340730667114258,27962445,MGLU3.SA,varejo,0.02803740475834604
2025-11-25,9.680394172668457,19989270,MGLU3.SA,varejo,0.03636369762271885
2025-11-26,9.538866996765137,18614715,MGLU3.SA,varejo,-0.01461998069282211
2025-11-27,9.54830265045166,9577260,MGLU3.SA,varejo,0.0009891797096786004
2025-11-28,9.699263572692871,15099000,MGLU3.SA,varejo,0.01581023641244439
2025-12-01,9.755874633789062,10236765,MGLU3.SA,varejo,0.005836634984904832
2025-12-02,9.991751670837402,17682945,MGLU3.SA,varejo,0.024177948764469548
2025-12-03,10.60503101348877,23710785,MGLU3.SA,varejo,0.06137856132286856
2025-12-04,10.991869926452637,57664110,MGLU3.SA,varejo,0.03647692425150284
2025-12-05,9.916271209716797,41284425,MGLU3.SA,varejo,-0.0978540251961445
2025-12-08,9.944576263427734,26651520,MGLU3.SA,varejo,0.0028544049585090825
2025-12-09,9.453951835632324,28289415,MGLU3.SA,varejo,-0.04933588066489425
2025-12-10,9.425646781921387,18250260,MGLU3.SA,varejo,-0.0029939917404967487
2025-12-11,9.03880786895752,25851525,MGLU3.SA,varejo,-0.041041100087246374
2025-12-12,9.31242561340332,19101705,MGLU3.SA,varejo,0.03027144158971473
2025-12-15,9.284119606018066,18610200,MGLU3.SA,varejo,-0.0030395955425955856
2025-12-16,8.963327407836914,15605520,MGLU3.SA,varejo,-0.034552786025420335
2025-12-17,8.680274963378906,15643110,MGLU3.SA,varejo,-0.03157894736842104
2025-12-18,8.82180118560791,15603315,MGLU3.SA,varejo,0.016304347826086918
2025-12-19,8.727449417114258,14208075,MGLU3.SA,varejo,-0.01069529527003854
2025-12-22,8.482137680053711,15214500,MGLU3.SA,varejo,-0.02810806747037664
2025-12-23,8.765191078186035,14595210,MGLU3.SA,varejo,0.03337052625282677
2025-12-26,8.727449417114258,7410690,MGLU3.SA,varejo,-0.0043058571952533375
2025-12-29,8.82180118560791,9609180,MGLU3.SA,varejo,0.010810921265109963
2025-12-30,8.856711387634277,12866200,MGLU3.SA,varejo,0.003957264655127357
2026-01-02,8.747735977172852,11298000,MGLU3.SA,varejo,-0.012304274768801582
2026-01-05,8.866618156433105,12352300,MGLU3.SA,varejo,0.013590051136714187
2026-01-06,9.064754486083984,14943300,MGLU3.SA,varejo,0.022346324850712307
2026-01-07,9.203451156616211,23440400,MGLU3.SA,varejo,0.015300653839566358
2026-01-08,9.134102821350098,12980200,MGLU3.SA,varejo,-0.007535035943148305
2026-01-09,8.797270774841309,22469000,MGLU3.SA,varejo,-0.036876314302207835
2026-01-12,8.500065803527832,13347200,MGLU3.SA,varejo,-0.03378376986683551
2026-01-13,8.123605728149414,28401800,MGLU3.SA,varejo,-0.04428907776480662
2026-01-14,8.321742057800293,20752400,MGLU3.SA,varejo,0.02439019522627861
2026-01-15,8.658574104309082,28392200,MGLU3.SA,varejo,0.04047614600035132
2026-01-16,8.381183624267578,17107700,MGLU3.SA,varejo,-0.03203650817095349
2026-01-19,8.28211498260498,9710200,MGLU3.SA,varejo,-0.011820364056425836
2026-01-20,8.321742057800293,22970000,MGLU3.SA,varejo,0.004784656489138506
2026-01-21,8.727923393249512,16727100,MGLU3.SA,varejo,0.04880965218916988
2026-01-22,8.876524925231934,24288200,MGLU3.SA,varejo,0.017025989492226223
2026-01-23,9.282705307006836,23389800,MGLU3.SA,varejo,0.045758941161795796
2026-01-26,9.381773948669434,18407500,MGLU3.SA,varejo,0.010672388962710944
2026-01-27,9.550189971923828,16735000,MGLU3.SA,varejo,0.017951404944933635
2026-01-28,9.986090660095215,20719000,MGLU3.SA,varejo,0.045643143168133005
2026-01-29,9.62944507598877,28116600,MGLU3.SA,varejo,-0.035714234553428814
2026-01-30,9.698792457580566,19854300,MGLU3.SA,varejo,0.007201596877551841
2026-02-02,9.738419532775879,14726400,MGLU3.SA,varejo,0.0040857741176161255
2026-02-03,10.025717735290527,22715700,MGLU3.SA,varejo,0.02950152245420412
2026-02-04,9.639350891113281,21355600,MGLU3.SA,varejo,-0.038537574503741956
2026-02-05,9.560096740722656,13183300,MGLU3.SA,varejo,-0.008221938519085481
2026-02-06,10.104972839355469,35563900,MGLU3.SA,varejo,0.056994831057705975
2026-02-09,10.867799758911133,23799100,MGLU3.SA,varejo,0.07549024937352722
2026-02-10,10.501246452331543,15416300,MGLU3.SA,varejo,-0.03372838244273246
2026-02-11,10.996588706970215,16601200,MGLU3.SA,varejo,0.04716985330143286
2026-02-12,10.055438041687012,26023100,MGLU3.SA,varejo,-0.08558569301465757
2026-02-13,10.134693145751953,19363800,MGLU3.SA,varejo,0.007881815166715933
2026-02-18,10.184226989746094,10535300,MGLU3.SA,varejo,0.004887552418388008
2026-02-19,10.481432914733887,15969100,MGLU3.SA,varejo,0.029182963546181107
2026-02-20,10.699382781982422,15490100,MGLU3.SA,varejo,0.020793899939211657
2026-02-23,10.273388862609863,17659300,MGLU3.SA,varejo,-0.03981481250394414
2026-02-24,10.035625457763672,19247800,MGLU3.SA,varejo,-0.02314361969802725
2026-02-25,9.40158748626709,25004500,MGLU3.SA,varejo,-0.06317872006732606
2026-02-26,9.49074935913086,12048700,MGLU3.SA,varejo,0.009483704001479465
2026-02-27,9.26289176940918,11244700,MGLU3.SA,varejo,-0.02400838765196789
2026-03-02,9.104381561279297,17947600,MGLU3.SA,varejo,-0.017112389097901914
2026-03-03,8.916152954101562,23872900,MGLU3.SA,varejo,-0.020674507753307036
2026-03-04,9.441214561462402,17524500,MGLU3.SA,varejo,0.05888880664830953
2026-03-05,9.074662208557129,20521200,MGLU3.SA,varejo,-0.0388247031691753
2026-03-06,9.243078231811523,18677300,MGLU3.SA,varejo,0.018558930281237673
2026-03-09,9.43130874633789,16425800,MGLU3.SA,varejo,0.02036448354169962
2026-03-10,10.0455322265625,21417000,MGLU3.SA,varejo,0.06512600708391703
2026-03-11,9.946463584899902,13112300,MGLU3.SA,varejo,-0.009861960464437991
2026-03-12,9.31242561340332,14948600,MGLU3.SA,varejo,-0.06374506537772262
2026-03-13,9.252985000610352,37702000,MGLU3.SA,varejo,-0.006382935580974358
2026-03-16,9.748327255249023,22733300,MGLU3.SA,varejo,0.0535332386906493
2026-03-17,8.955780029296875,22442400,MGLU3.SA,varejo,-0.08130084323188869
2026-03-18,8.767550468444824,23534100,MGLU3.SA,varejo,-0.02101766236288727
2026-03-19,8.688295364379883,23104500,MGLU3.SA,varejo,-0.0090395948503732
2026-03-20,8.262301445007324,28291600,MGLU3.SA,varejo,-0.04903078239248637
2026-03-23,8.678388595581055,20111900,MGLU3.SA,varejo,0.050359715551792306
2026-03-24,8.609040260314941,19212700,MGLU3.SA,varejo,-0.007990923027049623
2026-03-25,8.807177543640137,17871200,MGLU3.SA,varejo,0.023015025755954266
2026-03-26,8.361369132995605,15274300,MGLU3.SA,varejo,-0.05061876048660552
2026-03-27,8.014630317687988,22237700,MGLU3.SA,varejo,-0.04146914336544694
2026-03-30,7.925468921661377,17213200,MGLU3.SA,varejo,-0.011124829529546187
2026-03-31,8.688295364379883,27630300,MGLU3.SA,varejo,0.09625000744543932
2026-04-01,8.757643699645996,19365500,MGLU3.SA,varejo,0.007981811432243191
2026-04-02,8.668481826782227,14359700,MGLU3.SA,varejo,-0.010181034525002852
2026-04-06,8.737829208374023,13342900,MGLU3.SA,varejo,0.00799994543191418
2026-04-07,8.698202133178711,12038500,MGLU3.SA,varejo,-0.004535116703509812
2026-04-08,8.866618156433105,18316300,MGLU3.SA,varejo,0.01936216481012587
2026-04-09,9.144009590148926,14711600,MGLU3.SA,varejo,0.031284919325702765
2026-04-10,9.064754486083984,13301800,MGLU3.SA,varejo,-0.008667434486324788
2026-04-13,9.12419605255127,14389900,MGLU3.SA,varejo,0.006557438103650615
2026-04-14,9.163823127746582,13395600,MGLU3.SA,varejo,0.004343075813702191
2026-04-15,9.302519798278809,12868500,MGLU3.SA,varejo,0.015135240892229396
2026-04-16,9.163823127746582,12966700,MGLU3.SA,varejo,-0.014909580795290367
2026-04-17,9.203451156616211,18950900,MGLU3.SA,varejo,0.004324399141843127
2026-04-20,9.26289176940918,14635000,MGLU3.SA,varejo,0.006458513418657885
2026-04-22,8.866618156433105,12795800,MGLU3.SA,varejo,-0.042780766831884254
2026-04-23,8.569413185119629,12084000,MGLU3.SA,varejo,-0.033519541054989666
2026-04-24,8.648667335510254,9917800,MGLU3.SA,varejo,0.00924849212875456
2026-04-27,8.529999732971191,8331300,MGLU3.SA,varejo,-0.013720911897238675
2026-04-28,8.539999961853027,10183500,MGLU3.SA,varejo,0.0011723598118276168
2026-04-29,8.079999923706055,14208700,MGLU3.SA,varejo,-0.05386417332572924
2026-04-30,8.229999542236328,17525600,MGLU3.SA,varejo,0.018564309399333956
2026-05-04,8.0,14398300,MGLU3.SA,varejo,-0.02794648299261393
2026-05-05,8.0,15252400,MGLU3.SA,varejo,0.0
2026-05-06,8.029999732971191,11485200,MGLU3.SA,varejo,0.0037499666213989258
2026-05-07,7.940000057220459,15526800,MGLU3.SA,varejo,-0.01120793010505261
2026-05-08,7.150000095367432,35215100,MGLU3.SA,varejo,-0.09949621614103377
2026-05-11,6.929999828338623,18515700,MGLU3.SA,varejo,-0.030769267705513692
2026-05-12,7.159999847412109,17784300,MGLU3.SA,varejo,0.03318903676345775
2026-05-13,6.960000038146973,22615000,MGLU3.SA,varejo,-0.02793293485019055
2026-05-14,6.909999847412109,20866400,MGLU3.SA,varejo,-0.007183935411037012
2026-05-15,6.789999961853027,17594900,MGLU3.SA,varejo,-0.017366119856576212
2026-05-18,6.610000133514404,18028200,MGLU3.SA,varejo,-0.026509547768760244
2026-05-19,6.489999771118164,18272100,MGLU3.SA,varejo,-0.018154366107771658
2026-05-20,6.730000019073486,21093700,MGLU3.SA,varejo,0.03698000869327811
2026-05-21,6.769999980926514,17378400,MGLU3.SA,varejo,0.0059435307191177955
2026-05-22,6.630000114440918,13376800,MGLU3.SA,varejo,-0.020679448579028814
2026-05-25,6.769999980926514,10045800,MGLU3.SA,varejo,0.021116118260791517
2026-05-26,6.650000095367432,10894700,MGLU3.SA,varejo,-0.017725241639167555
2026-05-27,6.599999904632568,13503200,MGLU3.SA,varejo,-0.0075188255665883386
2026-05-28,6.349999904632568,17829300,MGLU3.SA,varejo,-0.03787878842612158
2026-05-29,5.980000019073486,19948000,MGLU3.SA,varejo,-0.058267699388334315
2026-06-01,5.820000171661377,19869200,MGLU3.SA,varejo,-0.026755827241100705
2026-06-02,5.679999828338623,18461700,MGLU3.SA,varejo,-0.024055041098527963
2026-06-03,5.340000152587891,23074300,MGLU3.SA,varejo,-0.05985909965250491
2026-06-05,5.440000057220459,27759100,MGLU3.SA,varejo,0.018726573366127264
2026-06-08,5.340000152587891,17634500,MGLU3.SA,varejo,-0.018382335217044576
2026-06-09,5.489999771118164,24632800,MGLU3.SA,varejo,0.028089815401518337
2026-06-10,5.119999885559082,23198500,MGLU3.SA,varejo,-0.06739524608098901
2026-06-11,5.329999923706055,28878200,MGLU3.SA,varejo,0.04101563336735148
2026-06-12,5.21999979019165,16254200,MGLU3.SA,varejo,-0.020637924031698507
2026-06-15,5.349999904632568,18145200,MGLU3.SA,varejo,0.024904237483914793
2026-06-16,5.0,25995600,MGLU3.SA,varejo,-0.06542054408814157
2026-06-17,4.739999771118164,28655600,MGLU3.SA,varejo,-0.05200004577636719
2026-06-18,4.5,30716200,MGLU3.SA,varejo,-0.050632865550022665
2026-06-19,4.619999885559082,21086800,MGLU3.SA,varejo,0.026666641235351562
2026-06-22,4.659999847412109,21375500,MGLU3.SA,varejo,0.00865800061555344
2026-06-23,4.420000076293945,24418400,MGLU3.SA,varejo,-0.05150209849286713
2026-06-24,4.360000133514404,21608000,MGLU3.SA,varejo,-0.013574647453366007
2026-06-25,4.420000076293945,52346600,MGLU3.SA,varejo,0.01376145434453857
2026-06-26,4.440000057220459,25874600,MGLU3.SA,varejo,0.0045248824844552615
2026-06-29,4.639999866485596,18574500,MGLU3.SA,varejo,0.04504500150622537
2026-06-30,4.679999828338623,18658400,MGLU3.SA,varejo,0.008620681681899223
2026-07-01,4.429999828338623,22221800,MGLU3.SA,varejo,-0.053418805378193546
2026-07-02,4.269999980926514,27151900,MGLU3.SA,varejo,-0.03611734844516101
2026-07-03,4.449999809265137,17028600,MGLU3.SA,varejo,0.04215452673130127
2026-07-06,4.349999904632568,12493700,MGLU3.SA,varejo,-0.02247188964466096
2026-07-07,4.420000076293945,18384300,MGLU3.SA,varejo,0.016091993838167618
2026-07-08,4.510000228881836,17353000,MGLU3.SA,varejo,0.020362025120903127
2026-07-09,4.860000133514404,27558600,MGLU3.SA,varejo,0.0776052964235312
2026-07-10,5.21999979019165,33644300,MGLU3.SA,varejo,0.07407400139656373
2026-07-13,5.059999942779541,23814700,MGLU3.SA,varejo,-0.030651312996745395
2026-07-14,5.050000190734863,19650300,MGLU3.SA,varejo,-0.0019762356043001583
2026-07-15,5.03000020980835,22240600,MGLU3.SA,varejo,-0.003960392113094846
2026-07-16,4.920000076293945,14067000,MGLU3.SA,varejo,-0.02186881290778231
2026-07-17,4.920000076293945,17597900,MGLU3.SA,varejo,0.0
2026-07-20,4.860000133514404,12211600,MGLU3.SA,varejo,-0.012195110131936526
2026-07-21,4.820000171661377,14370100,MGLU3.SA,varejo,-0.008230444599618192
2026-07-22,4.909999847412109,19305400,MGLU3.SA,varejo,0.018672131233495648
2026-07-23,4.710000038146973,16771800,MGLU3.SA,varejo,-0.04073315997566673
2026-07-24,4.650000095367432,15888900,MGLU3.SA,varejo,-0.012738841251293542
2026-07-27,4.829999923706055,14777800,MGLU3.SA,varejo,0.03870963970902874
2026-07-28,4.829999923706055,15982700,MGLU3.SA,varejo,0.0
2026-07-29,4.760000228881836,14347200,MGLU3.SA,varejo,-0.014492690668721164
2026-07-30,5.019999980926514,16683500,MGLU3.SA,varejo,0.05462179402158429
2026-07-31,5.03000020980835,11796200,MGLU3.SA,varejo,0.001992077474070042
2026-08-03,5.159999847412109,17342500,MGLU3.SA,varejo,0.02584485729250363
2026-08-04,4.920000076293945,21388800,MGLU3.SA,varejo,-0.04651158492543972
2026-08-05,4.789999961853027,19168400,MGLU3.SA,varejo,-0.02642278707825596
2026-08-06,4.570000171661377,17887800,MGLU3.SA,varejo,-0.045928975353591195
2026-08-07,4.400000095367432,32564400,MGLU3.SA,varejo,-0.03719914002369573
2026-08-10,4.320000171661377,24329500,MGLU3.SA,varejo,-0.018181800448205276
2026-08-11,4.260000228881836,20936000,MGLU3.SA,varejo,-0.013888875091517927
2026-08-12,4.239999771118164,16877300,MGLU3.SA,varejo,-0.004694942884761688
2026-08-13,3.9800000190734863,23618300,MGLU3.SA,varejo,-0.06132069954713959
2026-08-14,3.9100000858306885,26559900,MGLU3.SA,varejo,-0.01758792284103894
2026-08-17,4.230000019073486,29857700,MGLU3.SA,varejo,0.08184141335506223
2026-08-18,4.28000020980835,30713600,MGLU3.SA,varejo,0.011820376006952182
2026-08-19,4.050000190734863,26075900,MGLU3.SA,varejo,-0.05373831957914443
2026-08-20,3.880000114440918,37102900,MGLU3.SA,varejo,-0.04197532550315741
2026-08-21,4.159999847412109,34903700,MGLU3.SA,varejo,0.0721648775032413
2026-08-24,4.159999847412109,19693300,MGLU3.SA,varejo,0.0
2026-08-25,4.539999961853027,30162500,MGLU3.SA,varejo,0.09134618470654798
2025-08-26,27.736251831054688,21789700,PETR4.SA,commodities,
2025-08-27,27.945892333984375,16349100,PETR4.SA,commodities,0.007558357351477696
2025-08-28,28.191991806030273,25802500,PETR4.SA,commodities,0.008806284269070375
2025-08-29,28.346942901611328,27713400,PETR4.SA,commodities,0.005496280527008013
2025-09-01,28.41074562072754,9889700,PETR4.SA,commodities,0.0022507795404131947
2025-09-02,28.556581497192383,19812000,PETR4.SA,commodities,0.00513312386840159
2025-09-03,28.310482025146484,29788800,PETR4.SA,commodities,-0.008617959823730814
2025-09-04,28.310482025146484,24816500,PETR4.SA,commodities,0.0
2025-09-05,27.88208770751953,46121900,PETR4.SA,commodities,-0.0151320036602145
2025-09-08,27.991464614868164,18164200,PETR4.SA,commodities,0.003922837790913958
2025-09-09,28.210222244262695,31283900,PETR4.SA,commodities,0.007815154812525815
2025-09-10,28.72064781188965,35949600,PETR4.SA,commodities,0.018093638653653654
2025-09-11,28.611270904541016,17607900,PETR4.SA,commodities,-0.003808302238341388
2025-09-12,28.419858932495117,19318400,PETR4.SA,commodities,-0.006690089814064049
2025-09-15,28.665958404541016,21978400,PETR4.SA,commodities,0.008659419198049134
2025-09-16,28.738876342773438,19154700,PETR4.SA,commodities,0.0025437118551343563
2025-09-17,28.912057876586914,29148100,PETR4.SA,commodities,0.006026037056839462
2025-09-18,28.629501342773438,25702900,PETR4.SA,commodities,-0.00977296514207282
2025-09-19,28.310482025146484,48871300,PETR4.SA,commodities,-0.011143027390083327
2025-09-22,28.593040466308594,22016100,PETR4.SA,commodities,0.009980700466743375
2025-09-23,29.07612419128418,39895300,PETR4.SA,commodities,0.016895150606484277
2025-09-24,29.73238754272461,36414400,PETR4.SA,commodities,0.022570523743915993
2025-09-25,29.495403289794922,29556300,PETR4.SA,commodities,-0.00797057594480588
2025-09-26,29.395139694213867,27819700,PETR4.SA,commodities,-0.0033992956324738755
2025-09-29,28.994089126586914,35720000,PETR4.SA,commodities,-0.013643431254245608
2025-09-30,28.675073623657227,48611500,PETR4.SA,commodities,-0.011002777205273762
2025-10-01,28.602153778076172,24817000,PETR4.SA,commodities,-0.0025429697770992243
2025-10-02,28.32871437072754,25497100,PETR4.SA,commodities,-0.009560098497135794
2025-10-03,28.255794525146484,19756800,PETR4.SA,commodities,-0.002574061237893832
2025-10-06,28.000579833984375,21245400,PETR4.SA,commodities,-0.009032295691950187
2025-10-07,28.100841522216797,29068800,PETR4.SA,commodities,0.003580700429308026
2025-10-08,27.936777114868164,17687400,PETR4.SA,commodities,-0.0058384161634064125
2025-10-09,27.53572654724121,22879700,PETR4.SA,commodities,-0.014355649042047558
2025-10-10,27.289628982543945,50214400,PETR4.SA,commodities,-0.0089373913659061
2025-10-13,27.553956985473633,13890500,PETR4.SA,commodities,0.009686024060597154
2025-10-14,27.362546920776367,28138200,PETR4.SA,commodities,-0.0069467359914285876
2025-10-15,27.11644744873047,40261000,PETR4.SA,commodities,-0.008994026497549323
2025-10-16,26.843006134033203,28660900,PETR4.SA,commodities,-0.01008396528395783
2025-10-17,27.098215103149414,36238600,PETR4.SA,commodities,0.009507466035729939
2025-10-20,27.11644744873047,31442800,PETR4.SA,commodities,0.0006728245942271283
2025-10-21,26.89769172668457,25509900,PETR4.SA,commodities,-0.00806727070201596
2025-10-22,27.207597732543945,27088800,PETR4.SA,commodities,0.011521658029559623
2025-10-23,27.51749610900879,40060800,PETR4.SA,commodities,0.011390141074239857
2025-10-24,27.19847869873047,24370300,PETR4.SA,commodities,-0.01159325721404858
2025-10-27,27.344316482543945,24771400,PETR4.SA,commodities,0.0053619831251916494
2025-10-28,27.335201263427734,25324800,PETR4.SA,commodities,-0.00033334967879083965
2025-10-29,27.362546920776367,24854900,PETR4.SA,commodities,0.001000382513562048
2025-10-30,27.24405288696289,22657200,PETR4.SA,commodities,-0.004330519163897817
2025-10-31,27.11644744873047,29516300,PETR4.SA,commodities,-0.004683790578511315
2025-11-03,27.43546485900879,54977300,PETR4.SA,commodities,0.011764719950188685
2025-11-04,27.572187423706055,35035200,PETR4.SA,commodities,0.004983424388829816
2025-11-05,28.11907196044922,40375900,PETR4.SA,commodities,0.01983464454013406
2025-11-06,28.264909744262695,43435700,PETR4.SA,commodities,0.005186436594301735
2025-11-07,29.33133888244629,97315600,PETR4.SA,commodities,0.03772979103179552
2025-11-10,29.495403289794922,41064200,PETR4.SA,commodities,0.005593485111817342
2025-11-11,30.261045455932617,68221300,PETR4.SA,commodities,0.025958016529396
2025-11-12,29.486286163330078,67646400,PETR4.SA,commodities,-0.025602528958583948
2025-11-13,29.6138973236084,38517200,PETR4.SA,commodities,0.004327813939383862
2025-11-14,29.8053035736084,27371300,PETR4.SA,commodities,0.0064633927749662146
2025-11-17,29.969369888305664,63708200,PETR4.SA,commodities,0.005504601363716333
2025-11-18,30.06963348388672,26520500,PETR4.SA,commodities,0.0033455356570635253
2025-11-19,29.914684295654297,48719300,PETR4.SA,commodities,-0.0051530122013443425
2025-11-21,29.686813354492188,40869300,PETR4.SA,commodities,-0.00761736072191177
2025-11-24,29.659469604492188,38665600,PETR4.SA,commodities,-0.0009210739352010222
2025-11-25,29.422483444213867,28431100,PETR4.SA,commodities,-0.007990235949547397
2025-11-26,29.376911163330078,25042100,PETR4.SA,commodities,-0.0015488930759429698
2025-11-27,29.531864166259766,16087400,PETR4.SA,commodities,0.005274652670874014
2025-11-28,28.975862503051758,60420500,PETR4.SA,commodities,-0.018827177995869304
2025-12-01,29.030550003051758,29489100,PETR4.SA,commodities,0.0018873467526372423
2025-12-02,29.231075286865234,25574100,PETR4.SA,commodities,0.006907388381976798
2025-12-03,29.449832916259766,36630000,PETR4.SA,commodities,0.007483735279927517
2025-12-04,29.641237258911133,33009700,PETR4.SA,commodities,0.00649933543581116
2025-12-05,28.593040466308594,74495100,PETR4.SA,commodities,-0.03536278811328686
2025-12-08,28.85736846923828,30271600,PETR4.SA,commodities,0.00924448742137618
2025-12-09,29.03966522216797,23863000,PETR4.SA,commodities,0.006317164821318055
2025-12-10,29.11258316040039,22123700,PETR4.SA,commodities,0.00251097723319349
2025-12-11,28.629501342773438,64927900,PETR4.SA,commodities,-0.016593574502315245
2025-12-12,28.793567657470703,39659900,PETR4.SA,commodities,0.005730673151898236
2025-12-15,28.893829345703125,31898900,PETR4.SA,commodities,0.003482086326541456
2025-12-16,28.018810272216797,52661900,PETR4.SA,commodities,-0.03028394274144397
2025-12-17,28.32871437072754,39337100,PETR4.SA,commodities,0.01106057307572561
2025-12-18,28.164648056030273,34311000,PETR4.SA,commodities,-0.005791519959225444
2025-12-19,28.264909744262695,45807700,PETR4.SA,commodities,0.003559841686392229
2025-12-22,28.346942901611328,35896900,PETR4.SA,commodities,0.002902296808688254
2025-12-23,28.49938201904297,35703900,PETR4.SA,commodities,0.0053776210704885585
2025-12-26,28.59341049194336,20178600,PETR4.SA,commodities,0.0032993162040342305
2025-12-29,28.8942928314209,20588100,PETR4.SA,commodities,0.010522785995126904
2025-12-30,28.978918075561523,16880600,PETR4.SA,commodities,0.0029287875164261123
2026-01-02,28.87548828125,21625200,PETR4.SA,commodities,-0.003569139263302823
2026-01-05,28.39595603942871,48211400,PETR4.SA,commodities,-0.016606896380438663
2026-01-06,27.869407653808594,38095000,PETR4.SA,commodities,-0.018543076517268386
2026-01-07,28.048057556152344,28132900,PETR4.SA,commodities,0.006410251145733792
2026-01-08,28.39595603942871,34125800,PETR4.SA,commodities,0.01240365692276102
2026-01-09,28.489980697631836,27982800,PETR4.SA,commodities,0.0033111988929892533
2026-01-12,28.546398162841797,18947400,PETR4.SA,commodities,0.001980256350775589
2026-01-13,29.279800415039062,54097100,PETR4.SA,commodities,0.02569158630849344
2026-01-14,30.07902717590332,82309300,PETR4.SA,commodities,0.027296181993568203
2026-01-15,29.890975952148438,26456600,PETR4.SA,commodities,-0.00625190511166307
2026-01-16,30.126041412353516,70947300,PETR4.SA,commodities,0.007864094520747322
2026-01-19,30.248273849487305,12852900,PETR4.SA,commodities,0.00405736802458434
2026-01-20,30.361106872558594,26300000,PETR4.SA,commodities,0.003730230149090019
2026-01-21,31.433006286621094,93270900,PETR4.SA,commodities,0.035305017651754866
2026-01-22,31.574047088623047,71516300,PETR4.SA,commodities,0.004487028721207098
2026-01-23,32.94683074951172,68642600,PETR4.SA,commodities,0.043478229351958
2026-01-26,33.24771499633789,39869600,PETR4.SA,commodities,0.009132418505249706
2026-01-27,33.971717834472656,47268200,PETR4.SA,commodities,0.021776017937308323
2026-01-28,35.10943603515625,46054700,PETR4.SA,commodities,0.03349015808464939
2026-01-29,35.447933197021484,58722800,PETR4.SA,commodities,0.009641201912963915
2026-01-30,35.50434494018555,45794700,PETR4.SA,commodities,0.0015913972431205181
2026-02-02,35.015411376953125,38505600,PETR4.SA,commodities,-0.01377109094833695
2026-02-03,35.33510208129883,57152800,PETR4.SA,commodities,0.009129999956422719
2026-02-04,35.2786865234375,37955800,PETR4.SA,commodities,-0.0015965868085374701
2026-02-05,34.78974533081055,35933100,PETR4.SA,commodities,-0.013859393328096936
2026-02-06,34.460655212402344,27681100,PETR4.SA,commodities,-0.00945940004098722
2026-02-09,35.09062957763672,27089800,PETR4.SA,commodities,0.018280974675363826
2026-02-10,35.118839263916016,24585300,PETR4.SA,commodities,0.0008039093803342556
2026-02-11,35.805233001708984,55863800,PETR4.SA,commodities,0.019544886795225702
2026-02-12,34.8931770324707,39856000,PETR4.SA,commodities,-0.025472700294807415
2026-02-13,34.686317443847656,27507000,PETR4.SA,commodities,-0.005928367841958049
2026-02-18,34.9683952331543,32276700,PETR4.SA,commodities,0.00813224954661984
2026-02-19,35.551361083984375,48355000,PETR4.SA,commodities,0.016671221168232275
2026-02-20,35.701805114746094,51949800,PETR4.SA,commodities,0.004231737581194661
2026-02-23,36.284767150878906,55061500,PETR4.SA,commodities,0.01632864316689764
2026-02-24,37.20622253417969,43263600,PETR4.SA,commodities,0.02539510256381683
2026-02-25,37.20622253417969,26012300,PETR4.SA,commodities,0.0
2026-02-26,37.243839263916016,29919100,PETR4.SA,commodities,0.0010110332942767641
2026-02-27,36.98056411743164,38799000,PETR4.SA,commodities,-0.00706895829451859
2026-03-02,38.673038482666016,83817000,PETR4.SA,commodities,0.045766591333218365
2026-03-03,38.503787994384766,93893800,PETR4.SA,commodities,-0.004376446612983642
2026-03-04,38.080665588378906,50915600,PETR4.SA,commodities,-0.010989111151026631
2026-03-05,38.259315490722656,53107600,PETR4.SA,commodities,0.004691354512413426
2026-03-06,39.64150619506836,87228000,PETR4.SA,commodities,0.03612690626106119
2026-03-09,40.58177185058594,107124400,PETR4.SA,commodities,0.023719221234700605
2026-03-10,40.365509033203125,56706200,PETR4.SA,commodities,-0.005329062964008813
2026-03-11,42.12379837036133,73234300,PETR4.SA,commodities,0.04355920138928271
2026-03-12,42.311851501464844,86124400,PETR4.SA,commodities,0.004464296629902886
2026-03-13,42.001564025878906,42520400,PETR4.SA,commodities,-0.007333346676526187
2026-03-16,43.1204833984375,40474100,PETR4.SA,commodities,0.02663994540463266
2026-03-17,43.60941696166992,51025600,PETR4.SA,commodities,0.011338777413848256
2026-03-18,44.192378997802734,55074700,PETR4.SA,commodities,0.013367801652684363
2026-03-19,43.98551940917969,84865000,PETR4.SA,commodities,-0.004680888273367989
2026-03-20,42.94182586669922,78125700,PETR4.SA,commodities,-0.02372811680979381
2026-03-23,43.28032302856445,65252400,PETR4.SA,commodities,0.007882691409443199
2026-03-24,44.44625473022461,57455300,PETR4.SA,commodities,0.026939071154590488
2026-03-25,44.66250991821289,40532900,PETR4.SA,commodities,0.004865543549189555
2026-03-26,45.151451110839844,59986800,PETR4.SA,commodities,0.010947463398772506
2026-03-27,46.458412170410156,54170900,PETR4.SA,commodities,0.02894615848252413
2026-03-30,46.702880859375,51454300,PETR4.SA,commodities,0.005262097380085429
2026-03-31,45.76262283325195,78931700,PETR4.SA,commodities,-0.02013276287932253
2026-04-01,44.54027557373047,66488400,PETR4.SA,commodities,-0.02671060319194174
2026-04-02,45.273685455322266,38536900,PETR4.SA,commodities,0.016466217870110267
2026-04-06,46.0164909362793,27848100,PETR4.SA,commodities,0.016407002732085063
2026-04-07,45.61217498779297,33362800,PETR4.SA,commodities,-0.008786327254857396
2026-04-08,43.82567596435547,87580500,PETR4.SA,commodities,-0.039167152715598785
2026-04-09,45.03861618041992,58206500,PETR4.SA,commodities,0.02767647479187696
2026-04-10,46.10111618041992,42860900,PETR4.SA,commodities,0.02359086690727219
2026-04-13,46.80630874633789,60941100,PETR4.SA,commodities,0.015296648418622771
2026-04-14,45.019813537597656,58646800,PETR4.SA,commodities,-0.03816782943559949
2026-04-15,44.088951110839844,61852100,PETR4.SA,commodities,-0.02067672772523632
2026-04-16,45.67799758911133,54484300,PETR4.SA,commodities,0.03604182994230487
2026-04-17,43.45897674560547,105186900,PETR4.SA,commodities,-0.048579643605805245
2026-04-20,44.211185455322266,41904500,PETR4.SA,commodities,0.017308477236359643
2026-04-22,44.82235336303711,51063000,PETR4.SA,commodities,0.013823829906856044
2026-04-23,45.54999542236328,38666800,PETR4.SA,commodities,0.016233910197277268
2026-04-24,44.968345642089844,34880200,PETR4.SA,commodities,-0.01276948054286453
2026-04-27,45.168582916259766,31543600,PETR4.SA,commodities,0.004452849472463161
2026-04-28,45.31161880493164,29389700,PETR4.SA,commodities,0.0031667118921365756
2026-04-29,46.6846923828125,47685000,PETR4.SA,commodities,0.03030290274536429
2026-04-30,46.79912185668945,36666100,PETR4.SA,commodities,0.0024511133743505553
2026-05-04,47.047035217285156,41319600,PETR4.SA,commodities,0.0052973934287672275
2026-05-05,46.39863586425781,28066500,PETR4.SA,commodities,-0.013781938649964465
2026-05-06,45.07323455810547,62009100,PETR4.SA,commodities,-0.02856552313369498
2026-05-07,44.0720329284668,71214500,PETR4.SA,commodities,-0.022212775263510065
2026-05-08,43.54758834838867,32914200,PETR4.SA,commodities,-0.011899713837329684
2026-05-11,44.27227020263672,50622200,PETR4.SA,commodities,0.016641147804798306
2026-05-12,43.55712890625,81072700,PETR4.SA,commodities,-0.016153255595736882
2026-05-13,42.49871063232422,57251900,PETR4.SA,commodities,-0.024299541785774315
2026-05-14,42.90872573852539,47760000,PETR4.SA,commodities,0.00964770695629813
2026-05-15,43.35688781738281,59380500,PETR4.SA,commodities,0.010444544114136756
2026-05-18,44.28180694580078,57388200,PETR4.SA,commodities,0.021332691873865217
2026-05-19,43.94807434082031,40943000,PETR4.SA,commodities,-0.007536562484655285
2026-05-20,42.527313232421875,52780200,PETR4.SA,commodities,-0.03232817659723464
2026-05-21,42.86104965209961,57725900,PETR4.SA,commodities,0.007847578281134027
2026-05-22,42.41289520263672,39634300,PETR4.SA,commodities,-0.010455984001804253
2026-05-25,41.38308334350586,26720900,PETR4.SA,commodities,-0.02428063102532174
2026-05-26,41.42122268676758,36040500,PETR4.SA,commodities,0.0009216167617365212
2026-05-27,40.83003616333008,53745400,PETR4.SA,commodities,-0.014272551245242737
2026-05-28,40.53444290161133,37534800,PETR4.SA,commodities,-0.007239603230727143
2026-05-29,40.04814529418945,73281800,PETR4.SA,commodities,-0.011997145454848313
2026-06-01,40.40094757080078,73925300,PETR4.SA,commodities,0.00880945357193652
2026-06-02,40.304935455322266,27318300,PETR4.SA,commodities,-0.00237648177212324
2026-06-03,39.99467468261719,42895100,PETR4.SA,commodities,-0.007697835741456549
2026-06-05,39.6456298828125,34730900,PETR4.SA,commodities,-0.008727281883765148
2026-06-08,39.96559143066406,34043600,PETR4.SA,commodities,0.008070537630435748
2026-06-09,39.91710662841797,56680400,PETR4.SA,commodities,-0.0012131636367801457
2026-06-10,40.382503509521484,44953200,PETR4.SA,commodities,0.011659083546205373
2026-06-11,40.48915481567383,52321500,PETR4.SA,commodities,0.002641027595706058
2026-06-12,39.92680740356445,34082200,PETR4.SA,commodities,-0.01388884047270067
2026-06-15,37.87132263183594,54174000,PETR4.SA,commodities,-0.05148132058124466
2026-06-16,37.367149353027344,36250100,PETR4.SA,commodities,-0.013312798280374016
2026-06-17,37.39623260498047,66882000,PETR4.SA,commodities,0.000778310694197204
2026-06-18,37.66770935058594,53332600,PETR4.SA,commodities,0.007259467777759765
2026-06-19,37.619232177734375,44775800,PETR4.SA,commodities,-0.0012869689632668546
2026-06-22,37.97797393798828,35488200,PETR4.SA,commodities,0.009536126589692495
2026-06-23,38.13310623168945,27398600,PETR4.SA,commodities,0.0040847964653005775
2026-06-24,37.124755859375,59191400,PETR4.SA,commodities,-0.026442911998511454
2026-06-25,37.27988815307617,25152300,PETR4.SA,commodities,0.004178675121495612
2026-06-26,36.901756286621094,23383000,PETR4.SA,commodities,-0.010143052599901003
2026-06-29,36.97932052612305,14924800,PETR4.SA,commodities,0.002101911868353845
2026-06-30,36.64966583251953,31974300,PETR4.SA,commodities,-0.008914568707952375
2026-07-01,36.67875671386719,21094300,PETR4.SA,commodities,0.0007937557051842514
2026-07-02,36.8047981262207,21888800,PETR4.SA,commodities,0.003436359998152838
2026-07-03,37.08597183227539,10369500,PETR4.SA,commodities,0.007639593758683727
2026-07-06,36.62057876586914,20811400,PETR4.SA,commodities,-0.012549032515880465
2026-07-07,37.27018737792969,39823600,PETR4.SA,commodities,0.017738895286548262
2026-07-08,38.44336700439453,40215300,PETR4.SA,commodities,0.031477695954905904
2026-07-09,38.01675796508789,33386500,PETR4.SA,commodities,-0.011097077923946541
2026-07-10,38.44336700439453,27316800,PETR4.SA,commodities,0.01122160494849167
2026-07-13,39.422630310058594,43045700,PETR4.SA,commodities,0.025472880810677223
2026-07-14,39.422630310058594,32649500,PETR4.SA,commodities,0.0
2026-07-15,39.354759216308594,25608800,PETR4.SA,commodities,-0.001721627735546627
2026-07-16,38.676063537597656,20551700,PETR4.SA,commodities,-0.01724558076903915
2026-07-17,39.65532684326172,32168300,PETR4.SA,commodities,0.025319621908059586
2026-07-20,39.89772033691406,26987600,PETR4.SA,commodities,0.006112507775068998
2026-07-21,40.39219665527344,38631400,PETR4.SA,commodities,0.012393598285410645
2026-07-22,41.284202575683594,38292200,PETR4.SA,commodities,0.02208361996310737
2026-07-23,41.642940521240234,25257900,PETR4.SA,commodities,0.00868947256275554
2026-07-24,40.92546081542969,29151600,PETR4.SA,commodities,-0.01722932379005737
2026-07-27,39.76197814941406,32902600,PETR4.SA,commodities,-0.028429311309720706
2026-07-28,39.95589065551758,29946800,PETR4.SA,commodities,0.00487683246982451
2026-07-29,40.72185134887695,31465400,PETR4.SA,commodities,0.01917015691035795
2026-07-30,41.53628921508789,25268900,PETR4.SA,commodities,0.020000020608920588
2026-07-31,42.098636627197266,24997300,PETR4.SA,commodities,0.013538701283529742
2026-08-03,41.739898681640625,24400900,PETR4.SA,commodities,-0.00852136730064279
2026-08-04,41.206634521484375,27216700,PETR4.SA,commodities,-0.012775885351892557
2026-08-05,40.65398025512695,32365700,PETR4.SA,commodities,-0.013411778777256855
2026-08-06,40.847896575927734,46662600,PETR4.SA,commodities,0.004769922147446426
2026-08-07,39.62623977661133,97926700,PETR4.SA,commodities,-0.02990745917713533
2026-08-10,40.94485092163086,74915200,PETR4.SA,commodities,0.033276211733766825
2026-08-11,40.39219665527344,53988900,PETR4.SA,commodities,-0.0134975278677949
2026-08-12,40.18859100341797,63890300,PETR4.SA,commodities,-0.005040717482961865
2026-08-13,40.62489700317383,37063800,PETR4.SA,commodities,0.010856464206937533
2026-08-14,40.809112548828125,34127900,PETR4.SA,commodities,0.004534548004882399
2026-08-17,41.17755126953125,47636500,PETR4.SA,commodities,0.00902834434986266
2026-08-18,41.303592681884766,36838100,PETR4.SA,commodities,0.003060925394239744
2026-08-19,41.798072814941406,49580800,PETR4.SA,commodities,0.011971843148489869
2026-08-20,42.971248626708984,44893400,PETR4.SA,commodities,0.028067701038795523
2026-08-21,42.95185852050781,52792400,PETR4.SA,commodities,-0.0004512344141920366
2026-08-24,42.11000061035156,49502500,PETR4.SA,commodities,-0.01960003453061976
2026-08-25,41.349998474121094,85920800,PETR4.SA,commodities,-0.01804802007159423
2025-08-26,17.356197357177734,10135536,RADL3.SA,varejo,
2025-08-27,17.854827880859375,12232044,RADL3.SA,varejo,0.028729249467506657
2025-08-28,18.07537841796875,6744954,RADL3.SA,varejo,0.012352431430930233
2025-08-29,16.828798294067383,16696380,RADL3.SA,varejo,-0.06896564459542054
2025-09-01,16.9246883392334,19780962,RADL3.SA,varejo,0.0056979734078705935
2025-09-02,16.675373077392578,25957980,RADL3.SA,varejo,-0.014730862798984501
2025-09-03,16.358938217163086,9172350,RADL3.SA,varejo,-0.0189761787493975
2025-09-04,16.71373176574707,5137842,RADL3.SA,varejo,0.021688054803688406
2025-09-05,16.63701820373535,8801886,RADL3.SA,varejo,-0.004589852409198958
2025-09-08,16.33016586303711,11670330,RADL3.SA,varejo,-0.01844395052890835
2025-09-09,16.541126251220703,10182252,RADL3.SA,varejo,0.012918447366238706
2025-09-10,16.72332000732422,4949346,RADL3.SA,varejo,0.011014591953197206
2025-09-11,16.838388442993164,6915294,RADL3.SA,varejo,0.006880717203195941
2025-09-12,17.317840576171875,10916040,RADL3.SA,varejo,0.028473754172016585
2025-09-15,16.63701820373535,12516828,RADL3.SA,varejo,-0.0393133525766074
2025-09-16,16.771265029907227,10364220,RADL3.SA,varejo,0.00806916386866341
2025-09-17,17.787704467773438,16790526,RADL3.SA,varejo,0.060606008911889164
2025-09-18,17.394554138183594,8083704,RADL3.SA,varejo,-0.02210236460258974
2025-09-19,17.375375747680664,11603520,RADL3.SA,varejo,-0.001102551427911047
2025-09-22,16.88633155822754,8176728,RADL3.SA,varejo,-0.028145819495063562
2025-09-23,17.547977447509766,7543002,RADL3.SA,varejo,0.03918233436319407
2025-09-24,17.528799057006836,7855428,RADL3.SA,varejo,-0.0010929117364264496
2025-09-25,16.9055118560791,5779830,RADL3.SA,varejo,-0.03555789526143183
2025-09-26,17.058937072753906,6985470,RADL3.SA,varejo,0.009075455270503019
2025-09-29,17.356197357177734,16047456,RADL3.SA,varejo,0.017425486896168074
2025-09-30,17.66304588317871,11539158,RADL3.SA,varejo,0.017679478959950812
2025-10-01,17.49044418334961,6745158,RADL3.SA,varejo,-0.009771910290595875
2025-10-02,17.279483795166016,5618568,RADL3.SA,varejo,-0.012061465447768427
2025-10-03,18.056198120117188,9688980,RADL3.SA,varejo,0.044950088449312364
2025-10-06,18.02936363220215,9053622,RADL3.SA,varejo,-0.001486164902297027
2025-10-07,17.7982177734375,8076666,RADL3.SA,varejo,-0.01282052231459796
2025-10-08,18.308664321899414,18095718,RADL3.SA,varejo,0.02867964393736755
2025-10-09,18.193090438842773,19391934,RADL3.SA,varejo,-0.006312524006374387
2025-10-10,17.9812068939209,6950586,RADL3.SA,varejo,-0.011646374519718616
2025-10-13,17.961946487426758,3496152,RADL3.SA,varejo,-0.0010711409199486432
2025-10-14,18.04862403869629,12656874,RADL3.SA,varejo,0.004825621283873982
2025-10-15,18.867265701293945,29196684,RADL3.SA,varejo,0.04535756636309163
2025-10-16,18.809478759765625,7624602,RADL3.SA,varejo,-0.0030628148478535344
2025-10-17,18.857633590698242,6162738,RADL3.SA,varejo,0.002560136383769507
2025-10-20,18.751693725585938,6372450,RADL3.SA,varejo,-0.005617876951674372
2025-10-21,18.857633590698242,3843972,RADL3.SA,varejo,0.005649615798052121
2025-10-22,18.73242950439453,4976172,RADL3.SA,varejo,-0.006639437854252805
2025-10-23,18.674644470214844,4502994,RADL3.SA,varejo,-0.0030847591961379317
2025-10-24,18.857633590698242,4783494,RADL3.SA,varejo,0.009798800762994775
2025-10-27,19.069517135620117,7520358,RADL3.SA,varejo,0.01123595619263651
2025-10-28,18.71316909790039,5663958,RADL3.SA,varejo,-0.018686788720732816
2025-10-29,18.97320556640625,11759886,RADL3.SA,varejo,0.013895907590288026
2025-10-30,19.127304077148438,8171016,RADL3.SA,varejo,0.00812190171043281
2025-10-31,19.26214027404785,8737728,RADL3.SA,varejo,0.007049409386475025
2025-11-03,19.098411560058594,8139294,RADL3.SA,varejo,-0.008500027082133377
2025-11-04,18.761323928833008,11942670,RADL3.SA,varejo,-0.017650034934347802
2025-11-05,19.45475959777832,26667288,RADL3.SA,varejo,0.0369609133969282
2025-11-06,20.186721801757812,11476122,RADL3.SA,varejo,0.03762381129927106
2025-11-07,20.70680046081543,10038330,RADL3.SA,varejo,0.025763403496863457
2025-11-10,21.303926467895508,12910344,RADL3.SA,varejo,0.028837193279089623
2025-11-11,22.05514907836914,15429540,RADL3.SA,varejo,0.035262166887672475
2025-11-12,22.006994247436523,14792550,RADL3.SA,varejo,-0.00218338269950058
2025-11-13,21.8432674407959,6876738,RADL3.SA,varejo,-0.007439762322821397
2025-11-14,22.016624450683594,4731678,RADL3.SA,varejo,0.007936404677439501
2025-11-17,22.257400512695312,9120534,RADL3.SA,varejo,0.010936102514309098
2025-11-18,22.77747917175293,14728392,RADL3.SA,varejo,0.023366549870052156
2025-11-19,22.34408187866211,17183838,RADL3.SA,varejo,-0.019027447674204834
2025-11-21,22.035886764526367,13355778,RADL3.SA,varejo,-0.0137931428916781
2025-11-24,22.34408187866211,19379796,RADL3.SA,varejo,0.013986054540445325
2025-11-25,22.084043502807617,9651954,RADL3.SA,varejo,-0.011637908295655697
2025-11-26,22.71006202697754,12305892,RADL3.SA,varejo,0.028347097038200264
2025-11-27,22.787109375,5096124,RADL3.SA,varejo,0.0033926524696821225
2025-11-28,23.12419891357422,10987134,RADL3.SA,varejo,0.014792992521642345
2025-12-01,22.59449005126953,6854094,RADL3.SA,varejo,-0.02290712271955686
2025-12-02,23.413131713867188,9190506,RADL3.SA,varejo,0.036231915867101394
2025-12-03,23.172353744506836,11867700,RADL3.SA,varejo,-0.010283885654550962
2025-12-04,23.19161605834961,12420744,RADL3.SA,varejo,0.0008312627217397228
2025-12-05,22.035886764526367,13802028,RADL3.SA,varejo,-0.04983392666192177
2025-12-08,22.608888626098633,11294460,RADL3.SA,varejo,0.02600312243819891
2025-12-09,22.919261932373047,6801768,RADL3.SA,varejo,0.013727932912019902
2025-12-10,23.181142807006836,5007792,RADL3.SA,varejo,0.011426235077137692
2025-12-11,23.927982330322266,6647952,RADL3.SA,varejo,0.03221754550813971
2025-12-12,24.248056411743164,6711294,RADL3.SA,varejo,0.013376559586275372
2025-12-15,23.957080841064453,9703872,RADL3.SA,varejo,-0.011999954377283295
2025-12-16,22.773775100708008,12070374,RADL3.SA,varejo,-0.049392734791300574
2025-12-17,22.647686004638672,11764680,RADL3.SA,varejo,-0.005536591782071998
2025-12-18,22.37610626220703,8290356,RADL3.SA,varejo,-0.011991500693537382
2025-12-19,22.40520477294922,13813554,RADL3.SA,varejo,0.0013004278046058193
2025-12-22,22.608888626098633,4863972,RADL3.SA,varejo,0.00909091682997376
2025-12-23,22.685123443603516,4317600,RADL3.SA,varejo,0.003371895839978656
2025-12-26,22.7939510345459,2846500,RADL3.SA,varejo,0.004797310943135624
2025-12-29,23.09074592590332,8437400,RADL3.SA,varejo,0.013020774279439706
2025-12-30,23.19957160949707,4316100,RADL3.SA,varejo,0.004712956607940022
2026-01-02,23.437007904052734,6571500,RADL3.SA,varejo,0.010234512022561093
2026-01-05,23.99102783203125,6024000,RADL3.SA,varejo,0.02363867991368962
2026-01-06,24.386756896972656,6771800,RADL3.SA,varejo,0.016494877489702908
2026-01-07,23.921775817871094,7982100,RADL3.SA,varejo,-0.01906695019210547
2026-01-08,24.04049301147461,7115000,RADL3.SA,varejo,0.004962724945981156
2026-01-09,23.704124450683594,9492000,RADL3.SA,varejo,-0.01399174969625061
2026-01-12,23.46668815612793,7813100,RADL3.SA,varejo,-0.01001666587811123
2026-01-13,23.407329559326172,8482000,RADL3.SA,varejo,-0.002529483342806449
2026-01-14,24.04049301147461,9278800,RADL3.SA,varejo,0.027049794404939487
2026-01-15,24.485689163208008,7322800,RADL3.SA,varejo,0.018518594919035403
2026-01-16,24.831951141357422,7950400,RADL3.SA,varejo,0.014141402181552909
2026-01-19,24.337291717529297,3747500,RADL3.SA,varejo,-0.019920280166960902
2026-01-20,24.693445205688477,7446000,RADL3.SA,varejo,0.014634064147024839
2026-01-21,25.36618423461914,9798600,RADL3.SA,varejo,0.027243627745215937
2026-01-22,24.386756896972656,22124200,RADL3.SA,varejo,-0.03861153607446355
2026-01-23,24.485689163208008,12411700,RADL3.SA,varejo,0.004056802905499701
2026-01-26,24.218570709228516,8389600,RADL3.SA,varejo,-0.010909166256217184
2026-01-27,24.653873443603516,8786800,RADL3.SA,varejo,0.01797392338306425
2026-01-28,24.52526092529297,12580300,RADL3.SA,varejo,-0.0052167266374897325
2026-01-29,24.218570709228516,7725800,RADL3.SA,varejo,-0.012505074543291084
2026-01-30,24.238357543945312,9851700,RADL3.SA,varejo,0.0008170108366163387
2026-02-02,24.930883407592773,9895800,RADL3.SA,varejo,0.02857148477952265
2026-02-03,26.42475700378418,22407600,RADL3.SA,varejo,0.05992060416665557
2026-02-04,25.31671714782715,8117200,RADL3.SA,varejo,-0.04193188439910167
2026-02-05,25.989456176757812,11133600,RADL3.SA,varejo,0.02657291721523225
2026-02-06,26.365398406982422,9654100,RADL3.SA,varejo,0.014465182636672846
2026-02-09,26.355504989624023,11492400,RADL3.SA,varejo,-0.00037524247522002785
2026-02-10,26.414865493774414,10448300,RADL3.SA,varejo,0.002252300009950803
2026-02-11,26.711660385131836,9091200,RADL3.SA,varejo,0.011235903943079828
2026-02-12,26.16753387451172,13111400,RADL3.SA,varejo,-0.02037037394062513
2026-02-13,25.67287254333496,10637100,RADL3.SA,varejo,-0.018903628196258015
2026-02-18,25.6431941986084,7198000,RADL3.SA,varejo,-0.0011560196342059736
2026-02-19,26.127962112426758,6710800,RADL3.SA,varejo,0.01890434982724054
2026-02-20,26.207107543945312,8339300,RADL3.SA,varejo,0.0030291467500602742
2026-02-23,25.722339630126953,4990600,RADL3.SA,varejo,-0.018497574102959602
2026-02-24,25.67287254333496,8357400,RADL3.SA,varejo,-0.0019231177063712135
2026-02-25,25.168319702148438,6653900,RADL3.SA,varejo,-0.01965315101903209
2026-02-26,25.37607765197754,8646800,RADL3.SA,varejo,0.008254740574173747
2026-02-27,24.812164306640625,8890400,RADL3.SA,varejo,-0.022222242265757308
2026-03-02,24.218570709228516,7881600,RADL3.SA,varejo,-0.023923491319668644
2026-03-03,23.6744441986084,12938200,RADL3.SA,varejo,-0.022467325473207067
2026-03-04,24.268037796020508,18365500,RADL3.SA,varejo,0.025073179857248773
2026-03-05,23.73380470275879,14306500,RADL3.SA,varejo,-0.022013856157308442
2026-03-06,23.476581573486328,11683300,RADL3.SA,varejo,-0.010837837948610152
2026-03-09,23.407329559326172,10056700,RADL3.SA,varejo,-0.002949833813895908
2026-03-10,23.486474990844727,6495100,RADL3.SA,varejo,0.0033812243006174914
2026-03-11,23.694231033325195,6873300,RADL3.SA,varejo,0.008845773687258474
2026-03-12,23.397436141967773,15708300,RADL3.SA,varejo,-0.012526040239077108
2026-03-13,23.328184127807617,16113600,RADL3.SA,varejo,-0.0029598120811168416
2026-03-16,23.110532760620117,7768100,RADL3.SA,varejo,-0.009329974677628528
2026-03-17,23.169891357421875,8937700,RADL3.SA,varejo,0.002568465098429229
2026-03-18,22.93245506286621,5836900,RADL3.SA,varejo,-0.010247622265160405
2026-03-19,22.863203048706055,13953600,RADL3.SA,varejo,-0.0030198255690596643
2026-03-20,22.23992919921875,12374000,RADL3.SA,varejo,-0.02726100311314772
2026-03-23,23.031387329101562,12958300,RADL3.SA,varejo,0.03558725941945062
2026-03-24,23.298503875732422,16606500,RADL3.SA,varejo,0.011597935583035568
2026-03-25,24.19878387451172,9662700,RADL3.SA,varejo,0.038641107754434856
2026-03-26,23.506261825561523,6141600,RADL3.SA,varejo,-0.028618051739352945
2026-03-27,23.051172256469727,4994500,RADL3.SA,varejo,-0.01936035480541265
2026-03-30,23.04128074645996,5344100,RADL3.SA,varejo,-0.00042911093196096317
2026-03-31,23.278717041015625,12401600,RADL3.SA,varejo,0.010304821905012584
2026-04-01,22.51694107055664,10836800,RADL3.SA,varejo,-0.032724138925559476
2026-04-02,21.62655258178711,15510800,RADL3.SA,varejo,-0.039543048319907514
2026-04-06,21.62655258178711,11642400,RADL3.SA,varejo,0.0
2026-04-07,22.129140853881836,14851600,RADL3.SA,varejo,0.023239407676930668
2026-04-08,23.26142120361328,16798200,RADL3.SA,varejo,0.05116693671967942
2026-04-09,23.31108283996582,9203400,RADL3.SA,varejo,0.0021349356050879287
2026-04-10,23.65871238708496,10347000,RADL3.SA,varejo,0.014912629735206684
2026-04-13,23.728239059448242,8674800,RADL3.SA,varejo,0.0029387344173994467
2026-04-14,24.026206970214844,13402800,RADL3.SA,varejo,0.012557523127615156
2026-04-15,23.89708709716797,9143900,RADL3.SA,varejo,-0.005374126394854795
2026-04-16,23.092571258544922,6778600,RADL3.SA,varejo,-0.03366585372316733
2026-04-17,22.98331642150879,11090600,RADL3.SA,varejo,-0.004731168123848772
2026-04-20,23.201828002929688,7744000,RADL3.SA,varejo,0.009507399951053541
2026-04-22,22.556228637695312,6718900,RADL3.SA,varejo,-0.02782536639582256
2026-04-23,21.900697708129883,8938100,RADL3.SA,varejo,-0.029062080372333376
2026-04-24,22.367515563964844,4365500,RADL3.SA,varejo,0.02131520475083626
2026-04-27,22.27812385559082,6424700,RADL3.SA,varejo,-0.003996496978772135
2026-04-28,21.900697708129883,4910500,RADL3.SA,varejo,-0.016941558899099984
2026-04-29,21.304759979248047,7415000,RADL3.SA,varejo,-0.0272109015349139
2026-04-30,21.79144287109375,7524000,RADL3.SA,varejo,0.022843857068549855
2026-05-04,21.354421615600586,6932000,RADL3.SA,varejo,-0.020054718637877333
2026-05-05,22.01988410949707,8055100,RADL3.SA,varejo,0.03116274961108423
2026-05-06,21.612661361694336,12814700,RADL3.SA,varejo,-0.018493410127762733
2026-05-07,20.857807159423828,13334900,RADL3.SA,varejo,-0.03492648080853156
2026-05-08,20.82801055908203,13090800,RADL3.SA,varejo,-0.001428558626228038
2026-05-11,20.45058250427246,19516200,RADL3.SA,varejo,-0.01812117646757161
2026-05-12,20.31153106689453,10096300,RADL3.SA,varejo,-0.00679938761396548
2026-05-13,19.3580322265625,18379300,RADL3.SA,varejo,-0.04694372064773222
2026-05-14,19.507015228271484,10729900,RADL3.SA,varejo,0.0076961852302608325
2026-05-15,19.457353591918945,9907300,RADL3.SA,varejo,-0.002545834704663852
2026-05-18,18.990537643432617,11471300,RADL3.SA,varejo,-0.023991749252077477
2026-05-19,18.404531478881836,14481000,RADL3.SA,varejo,-0.03085779747544093
2026-05-20,19.000469207763672,12899300,RADL3.SA,varejo,0.03237994564358471
2026-05-21,18.523719787597656,8778000,RADL3.SA,varejo,-0.025091455108446126
2026-05-22,18.06683349609375,9174200,RADL3.SA,varejo,-0.02466493213797205
2026-05-25,18.354869842529297,5717200,RADL3.SA,varejo,0.015942823987270538
2026-05-26,17.888051986694336,6255900,RADL3.SA,varejo,-0.025432915615305363
2026-05-27,18.37473487854004,14429400,RADL3.SA,varejo,0.02720714878331698
2026-05-28,18.821687698364258,22733700,RADL3.SA,varejo,0.024324313944045883
2026-05-29,18.563447952270508,23348500,RADL3.SA,varejo,-0.013720328922267266
2026-06-01,17.73906898498535,20310700,RADL3.SA,varejo,-0.0444087202660175
2026-06-02,17.97744369506836,14974500,RADL3.SA,varejo,0.013437836578953144
2026-06-03,17.391437530517578,13418500,RADL3.SA,varejo,-0.03259674592731654
2026-06-05,17.34177589416504,11759600,RADL3.SA,varejo,-0.002855522222668272
2026-06-08,17.71920394897461,15593700,RADL3.SA,varejo,0.021764094814335833
2026-06-09,17.97744369506836,12081200,RADL3.SA,varejo,0.01457400382304952
2026-06-10,17.639745712280273,11566500,RADL3.SA,varejo,-0.018784538475886015
2026-06-11,17.500694274902344,11837600,RADL3.SA,varejo,-0.00788284817967222
2026-06-12,17.34177589416504,7426800,RADL3.SA,varejo,-0.009080690070976671
2026-06-15,17.172927856445312,8523000,RADL3.SA,varejo,-0.009736490584942858
2026-06-16,17.55035400390625,9268100,RADL3.SA,varejo,0.021977973157284447
2026-06-17,17.391437530517578,8302500,RADL3.SA,varejo,-0.009054887061155648
2026-06-18,16.437938690185547,9574200,RADL3.SA,varejo,-0.05482576346313417
2026-06-19,16.139968872070312,10987600,RADL3.SA,varejo,-0.018126957627183526
2026-06-22,16.676313400268555,12577800,RADL3.SA,varejo,0.03323082791853271
2026-06-23,16.884891510009766,7415800,RADL3.SA,varejo,0.01250744722378827
2026-06-24,16.9643497467041,12169300,RADL3.SA,varejo,0.004705877834467076
2026-06-25,17.083538055419922,5216000,RADL3.SA,varejo,0.0070258106261325
2026-06-26,17.232521057128906,12317100,RADL3.SA,varejo,0.00872085168925052
2026-06-29,17.043807983398438,5000400,RADL3.SA,varejo,-0.010950984658881335
2026-06-30,16.696178436279297,12879700,RADL3.SA,varejo,-0.020396237006292894
2026-07-01,16.586923599243164,5933900,RADL3.SA,varejo,-0.006543703246410626
2026-07-02,16.765703201293945,10661500,RADL3.SA,varejo,0.010778346025476226
2026-07-03,16.954418182373047,4006200,RADL3.SA,varejo,0.011256013470674953
2026-07-06,17.440000534057617,9817100,RADL3.SA,varejo,0.02864046093834194
2026-07-07,17.600000381469727,13763300,RADL3.SA,varejo,0.009174302896359121
2026-07-08,17.31999969482422,12036400,RADL3.SA,varejo,-0.015909129578219106
2026-07-09,18.1299991607666,11654600,RADL3.SA,varejo,0.04676671363824769
2026-07-10,18.770000457763672,15285200,RADL3.SA,varejo,0.035300679901962395
2026-07-13,18.200000762939453,16397200,RADL3.SA,varejo,-0.030367590885617468
2026-07-14,18.600000381469727,10489800,RADL3.SA,varejo,0.021978000096834593
2026-07-15,18.670000076293945,7697100,RADL3.SA,varejo,0.0037634243757305175
2026-07-16,18.520000457763672,5669400,RADL3.SA,varejo,-0.008034259127868704
2026-07-17,18.549999237060547,9347700,RADL3.SA,varejo,0.0016198044576343218
2026-07-20,18.690000534057617,11835200,RADL3.SA,varejo,0.00754724004070928
2026-07-21,18.1299991607666,13563600,RADL3.SA,varejo,-0.029962619437627125
2026-07-22,18.290000915527344,5977700,RADL3.SA,varejo,0.008825248878499004
2026-07-23,18.190000534057617,6172100,RADL3.SA,varejo,-0.005467489145111526
2026-07-24,17.979999542236328,5050300,RADL3.SA,varejo,-0.011544859024500753
2026-07-27,18.170000076293945,5217300,RADL3.SA,varejo,0.010567326968573765
2026-07-28,18.200000762939453,4755700,RADL3.SA,varejo,0.0016511109807120228
2026-07-29,17.760000228881836,4691400,RADL3.SA,varejo,-0.024175852506203577
2026-07-30,18.25,5106900,RADL3.SA,varejo,0.02759007684703252
2026-07-31,18.479999542236328,6254000,RADL3.SA,varejo,0.012602714643086488
2026-08-03,18.850000381469727,10783800,RADL3.SA,varejo,0.020021690930660307
2026-08-04,19.40999984741211,13930900,RADL3.SA,varejo,0.02970819387849377
2026-08-05,20.549999237060547,26545400,RADL3.SA,varejo,0.058732581072144185
2026-08-06,20.1200008392334,13320600,RADL3.SA,varejo,-0.020924497021473143
2026-08-07,20.219999313354492,7148700,RADL3.SA,varejo,0.004970102880219596
2026-08-10,19.3799991607666,10722400,RADL3.SA,varejo,-0.04154303566336448
2026-08-11,18.280000686645508,16143300,RADL3.SA,varejo,-0.05675946964682854
2026-08-12,18.0,25406000,RADL3.SA,varejo,-0.015317323639383873
2026-08-13,18.299999237060547,6951900,RADL3.SA,varejo,0.016666624281141518
2026-08-14,17.530000686645508,10017300,RADL3.SA,varejo,-0.04207642527414224
2026-08-17,17.270000457763672,7306200,RADL3.SA,varejo,-0.014831729532098992
2026-08-18,17.110000610351562,10104000,RADL3.SA,varejo,-0.009264611648587495
2026-08-19,17.719999313354492,11531600,RADL3.SA,varejo,0.03565158861735407
2026-08-20,17.56999969482422,6440000,RADL3.SA,varejo,-0.00846499008706103
2026-08-21,18.43000030517578,10709300,RADL3.SA,varejo,0.04894710445583561
2026-08-24,18.31999969482422,7947500,RADL3.SA,varejo,-0.005968562589804716
2026-08-25,19.59000015258789,9092500,RADL3.SA,varejo,0.06932317024669343
2026-08-26,19.579999923706055,6200,RADL3.SA,varejo,-0.0005104762023452336
2025-08-26,25.464326858520508,1674300,SANB11.SA,bancos,
2025-08-27,25.714433670043945,1807900,SANB11.SA,bancos,0.00982185050141049
2025-08-28,26.103485107421875,3671200,SANB11.SA,bancos,0.01512969106650619
2025-08-29,26.140535354614258,2904900,SANB11.SA,bancos,0.001419360175084483
2025-09-01,26.131271362304688,1168400,SANB11.SA,bancos,-0.00035439183566432497
2025-09-02,26.02937889099121,1389300,SANB11.SA,bancos,-0.0038992542651583584
2025-09-03,26.010852813720703,3670900,SANB11.SA,bancos,-0.0007117372008027534
2025-09-04,26.112747192382812,4119100,SANB11.SA,bancos,0.003917379387436304
2025-09-05,27.039060592651367,4593400,SANB11.SA,bancos,0.03547360962996504
2025-09-08,26.575902938842773,2676500,SANB11.SA,bancos,-0.017129206549966858
2025-09-09,26.520322799682617,1563400,SANB11.SA,bancos,-0.002091373500575311
2025-09-10,26.557374954223633,1614100,SANB11.SA,bancos,0.0013971230599598705
2025-09-11,26.844533920288086,1829700,SANB11.SA,bancos,0.010812776735630747
2025-09-12,26.548112869262695,1475700,SANB11.SA,bancos,-0.011042138109217392
2025-09-15,26.677799224853516,972300,SANB11.SA,bancos,0.004884955711521366
2025-09-16,26.742639541625977,1912000,SANB11.SA,bancos,0.0024304972170288153
2025-09-17,27.354007720947266,4355200,SANB11.SA,bancos,0.02286117562814516
2025-09-18,27.12242889404297,1585400,SANB11.SA,bancos,-0.008465992598479688
2025-09-19,26.937164306640625,2597000,SANB11.SA,bancos,-0.006830678333644147
2025-09-22,26.69632339477539,2695700,SANB11.SA,bancos,-0.008940841327008675
2025-09-23,27.057584762573242,2692400,SANB11.SA,bancos,0.013532251705811849
2025-09-24,26.761165618896484,2181000,SANB11.SA,bancos,-0.01095512205829885
2025-09-25,26.474008560180664,1799800,SANB11.SA,bancos,-0.010730364394630598
2025-09-26,27.085376739501953,2916600,SANB11.SA,bancos,0.023093147300739414
2025-09-29,27.18726921081543,1146600,SANB11.SA,bancos,0.0037618997252075737
2025-09-30,27.233583450317383,3570100,SANB11.SA,bancos,0.0017035267184366543
2025-10-01,26.816743850708008,3475100,SANB11.SA,bancos,-0.015306087073330699
2025-10-02,26.761165618896484,2447400,SANB11.SA,bancos,-0.0020725197705184772
2025-10-03,26.705585479736328,738100,SANB11.SA,bancos,-0.002076895302382087
2025-10-06,26.4832706451416,1215800,SANB11.SA,bancos,-0.008324656831186661
2025-10-07,25.936744689941406,2922600,SANB11.SA,bancos,-0.02063664879324323
2025-10-08,25.881168365478516,1525900,SANB11.SA,bancos,-0.0021427640641596968
2025-10-09,26.22390365600586,1913600,SANB11.SA,bancos,0.013242651401491612
2025-10-10,25.658855438232422,4464100,SANB11.SA,bancos,-0.021547067331603387
2025-10-13,25.695907592773438,9732100,SANB11.SA,bancos,0.0014440299034463866
2025-10-14,25.427278518676758,4012400,SANB11.SA,bancos,-0.010454157850887769
2025-10-15,25.871906280517578,4926100,SANB11.SA,bancos,0.017486250505111434
2025-10-16,25.946014404296875,2165400,SANB11.SA,bancos,0.00286442456059377
2025-10-17,26.122011184692383,3888400,SANB11.SA,bancos,0.006783191346966921
2025-10-20,26.77042579650879,3977900,SANB11.SA,bancos,0.02482253786784927
2025-10-21,26.640745162963867,2717200,SANB11.SA,bancos,-0.004844175230183767
2025-10-22,26.853946685791016,2489900,SANB11.SA,bancos,0.00800283631418619
2025-10-23,27.071044921875,2418200,SANB11.SA,bancos,0.00808440705659308
2025-10-24,27.4769229888916,2547500,SANB11.SA,bancos,0.014993069834871031
2025-10-27,27.75065040588379,1705400,SANB11.SA,bancos,0.009962084076985178
2025-10-28,27.7128963470459,3864200,SANB11.SA,bancos,-0.001360474737914119
2025-10-29,28.15652847290039,10859900,SANB11.SA,bancos,0.016008147264686023
2025-10-30,28.892770767211914,3539300,SANB11.SA,bancos,0.02614819135179003
2025-10-31,29.393035888671875,5440000,SANB11.SA,bancos,0.017314542986914594
2025-11-03,29.751718521118164,5955200,SANB11.SA,bancos,0.012202980114229156
2025-11-04,29.855546951293945,4091500,SANB11.SA,bancos,0.0034898296749508173
2025-11-05,30.676740646362305,4294800,SANB11.SA,bancos,0.02750556526088932
2025-11-06,30.40300750732422,3769700,SANB11.SA,bancos,-0.008923149372146444
2025-11-07,30.57291030883789,7830000,SANB11.SA,bancos,0.005588355082066787
2025-11-10,30.81832504272461,4780700,SANB11.SA,bancos,0.008027195690813116
2025-11-11,31.535690307617188,4087700,SANB11.SA,bancos,0.023277230800118787
2025-11-12,31.5262508392334,3586600,SANB11.SA,bancos,-0.0002993265183578453
2025-11-13,31.696155548095703,4024400,SANB11.SA,bancos,0.0053893090468868365
2025-11-14,31.884929656982422,1422900,SANB11.SA,bancos,0.005955741496796785
2025-11-17,31.611202239990234,1813800,SANB11.SA,bancos,-0.00858485246594376
2025-11-18,31.545129776000977,1528400,SANB11.SA,bancos,-0.0020901597948613793
2025-11-19,31.318593978881836,2388300,SANB11.SA,bancos,-0.00718132398654725
2025-11-21,31.22420310974121,1682800,SANB11.SA,bancos,-0.00301389229683402
2025-11-24,31.233638763427734,1798300,SANB11.SA,bancos,0.0003021903762718825
2025-11-25,31.705589294433594,1965500,SANB11.SA,bancos,0.015110328149100516
2025-11-26,32.27193069458008,2254100,SANB11.SA,bancos,0.017862509820812944
2025-11-27,32.30024719238281,616400,SANB11.SA,bancos,0.0008774342654216394
2025-11-28,32.281368255615234,3365900,SANB11.SA,bancos,-0.0005844827333715275
2025-12-01,32.00764083862305,3790400,SANB11.SA,bancos,-0.008479424255648516
2025-12-02,32.847713470458984,3242600,SANB11.SA,bancos,0.026246002823870684
2025-12-03,32.422950744628906,3247700,SANB11.SA,bancos,-0.012931272254675497
2025-12-04,32.75332260131836,3504000,SANB11.SA,bancos,0.010189444486146337
2025-12-05,31.30915069580078,3577800,SANB11.SA,bancos,-0.044092378751810934
2025-12-08,31.007102966308594,1986300,SANB11.SA,bancos,-0.009647266782381925
2025-12-09,30.346378326416016,5166600,SANB11.SA,bancos,-0.021308815615909138
2025-12-10,30.06320571899414,3439800,SANB11.SA,bancos,-0.009331347694145675
2025-12-11,30.1859130859375,1684700,SANB11.SA,bancos,0.004081646118857973
2025-12-12,30.157596588134766,2437500,SANB11.SA,bancos,-0.0009380699441530194
2025-12-15,31.09205436706543,4187000,SANB11.SA,bancos,0.030985817327973564
2025-12-16,29.978254318237305,2232700,SANB11.SA,bancos,-0.035822658602061686
2025-12-17,29.798913955688477,2804400,SANB11.SA,bancos,-0.005982348426463502
2025-12-18,30.251985549926758,1914400,SANB11.SA,bancos,0.015204298885254985
2025-12-19,30.5068359375,4316200,SANB11.SA,bancos,0.00842425324951468
2025-12-22,30.827762603759766,1724400,SANB11.SA,bancos,0.010519827979448726
2025-12-23,32.18697738647461,4361500,SANB11.SA,bancos,0.04409060755350036
2025-12-26,32.35688018798828,1674700,SANB11.SA,bancos,0.005278619345756574
2025-12-29,31.488494873046875,3051100,SANB11.SA,bancos,-0.02683773311568438
2025-12-30,32.149227142333984,2573600,SANB11.SA,bancos,0.02098329157843226
2026-01-02,31.83773422241211,2535100,SANB11.SA,bancos,-0.00968897070348862
2026-01-05,32.19451141357422,2542500,SANB11.SA,bancos,0.011206111234855376
2026-01-06,32.175540924072266,2320300,SANB11.SA,bancos,-0.0005892460754647333
2026-01-07,31.445144653320312,4936300,SANB11.SA,bancos,-0.02270035715873553
2026-01-08,31.995311737060547,3071000,SANB11.SA,bancos,0.01749609008976649
2026-01-09,32.365257263183594,2899100,SANB11.SA,bancos,0.011562491691385457
2026-01-12,32.21348571777344,2039300,SANB11.SA,bancos,-0.004689335362793479
2026-01-13,31.767654418945312,2624500,SANB11.SA,bancos,-0.013839896207883617
2026-01-14,32.23245620727539,1856200,SANB11.SA,bancos,0.014631290752548765
2026-01-15,31.435653686523438,4247900,SANB11.SA,bancos,-0.024720502701624736
2026-01-16,31.3977108001709,2254400,SANB11.SA,bancos,-0.001207001665398999
2026-01-19,31.615882873535156,2342500,SANB11.SA,bancos,0.006948661791071453
2026-01-20,32.251426696777344,3606400,SANB11.SA,bancos,0.020102042564630773
2026-01-21,33.31721496582031,4004100,SANB11.SA,bancos,0.0330462363436923
2026-01-22,33.876197814941406,3823500,SANB11.SA,bancos,0.01677759829849368
2026-01-23,34.444820404052734,4339700,SANB11.SA,bancos,0.01678531316346632
2026-01-26,34.2327880859375,2022700,SANB11.SA,bancos,-0.0061557097882353196
2026-01-27,35.32183837890625,3657700,SANB11.SA,bancos,0.03181307611389439
2026-01-28,36.14103317260742,6133400,SANB11.SA,bancos,0.02319230343883749
2026-01-29,35.61096954345703,3462000,SANB11.SA,bancos,-0.014666532265938281
2026-01-30,35.00379943847656,2894800,SANB11.SA,bancos,-0.017050086329144287
2026-02-02,35.48567581176758,2476100,SANB11.SA,bancos,0.013766401962677532
2026-02-03,34.63756561279297,5841900,SANB11.SA,bancos,-0.023900071777507526
2026-02-04,33.702720642089844,15939300,SANB11.SA,bancos,-0.02698933814095328
2026-02-05,33.29793930053711,4523000,SANB11.SA,bancos,-0.012010346163188412
2026-02-06,32.71968460083008,13352600,SANB11.SA,bancos,-0.01736608066006362
2026-02-09,34.676116943359375,7314900,SANB11.SA,bancos,0.059793740874863444
2026-02-10,35.20618438720703,4879600,SANB11.SA,bancos,0.015286239941844748
2026-02-11,35.524227142333984,3538300,SANB11.SA,bancos,0.009033718383935962
2026-02-12,33.982208251953125,4604600,SANB11.SA,bancos,-0.04340752816950788
2026-02-13,33.249752044677734,4565000,SANB11.SA,bancos,-0.02155410860426621
2026-02-18,33.86655807495117,2171700,SANB11.SA,bancos,0.018550695639613535
2026-02-19,34.30025100708008,2006700,SANB11.SA,bancos,0.012805934726791035
2026-02-20,35.370025634765625,6231500,SANB11.SA,bancos,0.031188536418136792
2026-02-23,33.355770111083984,4503100,SANB11.SA,bancos,-0.056948093407707456
2026-02-24,34.493003845214844,4711500,SANB11.SA,bancos,0.034094063196369095
2026-02-25,33.13410186767578,3723900,SANB11.SA,bancos,-0.039396452209179866
2026-02-26,33.182289123535156,3775900,SANB11.SA,bancos,0.0014543100051969127
2026-02-27,32.28599166870117,3865000,SANB11.SA,bancos,-0.027011320752981738
2026-03-02,32.305267333984375,2964400,SANB11.SA,bancos,0.0005970287510757011
2026-03-03,31.514986038208008,5574500,SANB11.SA,bancos,-0.02446292388192095
2026-03-04,32.20888900756836,2727700,SANB11.SA,bancos,0.022018190600467946
2026-03-05,31.15839195251465,3629100,SANB11.SA,bancos,-0.03261512853817672
2026-03-06,30.377744674682617,3223200,SANB11.SA,bancos,-0.02505415809075562
2026-03-09,30.4644832611084,2481100,SANB11.SA,bancos,0.002855333315710862
2026-03-10,31.081289291381836,4664400,SANB11.SA,bancos,0.02024672550611961
2026-03-11,30.840351104736328,2605600,SANB11.SA,bancos,-0.007751872336657417
2026-03-12,29.47180938720703,5057500,SANB11.SA,bancos,-0.04437503687560551
2026-03-13,29.124855041503906,3768600,SANB11.SA,bancos,-0.011772414144810894
2026-03-16,29.356157302856445,1886300,SANB11.SA,bancos,0.007941748071292665
2026-03-17,29.009204864501953,1998000,SANB11.SA,bancos,-0.011818728002276124
2026-03-18,28.575511932373047,2525700,SANB11.SA,bancos,-0.01495018336954168
2026-03-19,28.90319061279297,2353300,SANB11.SA,bancos,0.011467114961768887
2026-03-20,28.19000816345215,5619600,SANB11.SA,bancos,-0.02467486925215634
2026-03-23,29.06702995300293,3861200,SANB11.SA,bancos,0.031111086753349282
2026-03-24,28.883914947509766,2668500,SANB11.SA,bancos,-0.006299749433954394
2026-03-25,29.028480529785156,2388400,SANB11.SA,bancos,0.005005054977419432
2026-03-26,28.536962509155273,1309600,SANB11.SA,bancos,-0.016932268298561204
2026-03-27,28.247833251953125,2346500,SANB11.SA,bancos,-0.010131746050736412
2026-03-30,28.45022201538086,1217300,SANB11.SA,bancos,0.007164753544902203
2026-03-31,29.52963638305664,2220000,SANB11.SA,bancos,0.03794045498457699
2026-04-01,30.0693416595459,3015800,SANB11.SA,bancos,0.018276732889231484
2026-04-02,30.09825325012207,1564800,SANB11.SA,bancos,0.0009614972919433917
2026-04-06,29.93441390991211,1662800,SANB11.SA,bancos,-0.005443483342651989
2026-04-07,29.645286560058594,2014100,SANB11.SA,bancos,-0.009658694194703332
2026-04-08,30.271732330322266,5278600,SANB11.SA,bancos,0.02113137847376012
2026-04-09,30.821073532104492,2052800,SANB11.SA,bancos,0.018147002483632768
2026-04-10,30.95600128173828,1818200,SANB11.SA,bancos,0.004377775793346084
2026-04-13,30.8692626953125,5459100,SANB11.SA,bancos,-0.0028019958274440038
2026-04-14,30.907814025878906,3942800,SANB11.SA,bancos,0.001248858158580557
2026-04-15,30.53194808959961,4085800,SANB11.SA,bancos,-0.012160870903538679
2026-04-16,30.31028175354004,5048900,SANB11.SA,bancos,-0.007260143879750602
2026-04-17,30.445207595825195,2503600,SANB11.SA,bancos,0.004451487563931877
2026-04-20,30.454845428466797,3113100,SANB11.SA,bancos,0.0003165632098669491
2026-04-22,29.518320083618164,2368600,SANB11.SA,bancos,-0.03075127559088653
2026-04-23,29.27323341369629,3310800,SANB11.SA,bancos,-0.00830286646488032
2026-04-24,29.096769332885742,2536400,SANB11.SA,bancos,-0.006028171822248463
2026-04-27,29.086965560913086,3342000,SANB11.SA,bancos,-0.0003369367870533768
2026-04-28,28.84187889099121,2616000,SANB11.SA,bancos,-0.008425996496905896
2026-04-29,28.077205657958984,7479300,SANB11.SA,bancos,-0.02651260120473886
2026-04-30,28.46934700012207,4218400,SANB11.SA,bancos,0.01396653737342013
2026-05-04,27.998777389526367,1950300,SANB11.SA,bancos,-0.016528992062715187
2026-05-05,28.20465087890625,1956300,SANB11.SA,bancos,0.00735294568458178
2026-05-06,28.753646850585938,2481000,SANB11.SA,bancos,0.019464732041419186
2026-05-07,27.861528396606445,2960500,SANB11.SA,bancos,-0.031026271506193748
2026-05-08,27.98897361755371,1738900,SANB11.SA,bancos,0.004574236529062414
2026-05-11,27.283123016357422,3495900,SANB11.SA,bancos,-0.02521888122233984
2026-05-12,27.106658935546875,1938200,SANB11.SA,bancos,-0.006467884219293674
2026-05-13,26.48904037475586,5578500,SANB11.SA,bancos,-0.022784754191195744
2026-05-14,26.60668182373047,2474000,SANB11.SA,bancos,0.0044411366855978684
2026-05-15,26.39100456237793,1891900,SANB11.SA,bancos,-0.008106131489127533
2026-05-18,26.32238006591797,2383100,SANB11.SA,bancos,-0.002600298760805364
2026-05-19,26.224346160888672,3103400,SANB11.SA,bancos,-0.003724355654154188
2026-05-20,26.91059112548828,2610600,SANB11.SA,bancos,0.02616823925330447
2026-05-21,27.04783821105957,1636500,SANB11.SA,bancos,0.00510011411236877
2026-05-22,26.567468643188477,1363000,SANB11.SA,bancos,-0.017759998567082325
2026-05-25,27.09685516357422,679300,SANB11.SA,bancos,0.01992611819724388
2026-05-26,26.783143997192383,5448700,SANB11.SA,bancos,-0.011577401306833268
2026-05-27,26.93019676208496,3115600,SANB11.SA,bancos,0.005490496743324691
2026-05-28,26.685108184814453,1234800,SANB11.SA,bancos,-0.009100883273737037
2026-05-29,26.62628936767578,3266200,SANB11.SA,bancos,-0.002204181325828114
2026-06-01,26.675304412841797,1810300,SANB11.SA,bancos,0.0018408515166787875
2026-06-02,26.822359085083008,4639300,SANB11.SA,bancos,0.005512764539264969
2026-06-03,26.194934844970703,3462700,SANB11.SA,bancos,-0.023391836568963154
2026-06-05,26.20473861694336,1348900,SANB11.SA,bancos,0.00037426212474578335
2026-06-08,26.25375747680664,2234500,SANB11.SA,bancos,0.001870610525059213
2026-06-09,26.636093139648438,3479100,SANB11.SA,bancos,0.014563083519742337
2026-06-10,26.469432830810547,2035800,SANB11.SA,bancos,-0.0062569352030764636
2026-06-11,26.636093139648438,6625800,SANB11.SA,bancos,0.006296330937771266
2026-06-12,26.596878051757812,2993900,SANB11.SA,bancos,-0.0014722537455109652
2026-06-15,26.55766487121582,2702500,SANB11.SA,bancos,-0.0014743527592103733
2026-06-16,26.55766487121582,3878600,SANB11.SA,bancos,0.0
2026-06-17,26.547861099243164,3166700,SANB11.SA,bancos,-0.0003691503759911674
2026-06-18,26.194934844970703,2605500,SANB11.SA,bancos,-0.013293961911022723
2026-06-19,26.351789474487305,2202100,SANB11.SA,bancos,0.005987975555003855
2026-06-22,26.4204158782959,2415600,SANB11.SA,bancos,0.0026042407433102266
2026-06-23,26.224346160888672,4082500,SANB11.SA,bancos,-0.007421144251112843
2026-06-24,25.861616134643555,4202900,SANB11.SA,bancos,-0.013831804385883939
2026-06-25,25.68515396118164,3540500,SANB11.SA,bancos,-0.006823323513240553
2026-06-26,25.83220672607422,3763100,SANB11.SA,bancos,0.005725204727790256
2026-06-29,26.29296875,1473200,SANB11.SA,bancos,0.017836727183694334
2026-06-30,26.273361206054688,2245100,SANB11.SA,bancos,-0.0007457333605704886
2026-07-01,26.1361141204834,2899900,SANB11.SA,bancos,-0.005223811468007433
2026-07-02,26.243953704833984,1760100,SANB11.SA,bancos,0.004126075661188944
2026-07-03,26.4204158782959,839800,SANB11.SA,bancos,0.00672391726668109
2026-07-06,26.185131072998047,1639600,SANB11.SA,bancos,-0.008905416416670975
2026-07-07,25.49888801574707,4412700,SANB11.SA,bancos,-0.02620735620294934
2026-07-08,25.09694480895996,4771500,SANB11.SA,bancos,-0.015763166085473457
2026-07-09,25.73417091369629,4210000,SANB11.SA,bancos,0.025390584773841818
2026-07-10,27.07724952697754,4310600,SANB11.SA,bancos,0.052190475371656
2026-07-13,26.832162857055664,4428100,SANB11.SA,bancos,-0.009051387205251116
2026-07-14,26.802751541137695,4405400,SANB11.SA,bancos,-0.0010961216982265931
2026-07-15,26.469432830810547,2821100,SANB11.SA,bancos,-0.012435988514670204
2026-07-16,26.302772521972656,3496000,SANB11.SA,bancos,-0.006296330937771266
2026-07-17,26.126310348510742,3151100,SANB11.SA,bancos,-0.006708881100442987
2026-07-20,26.479236602783203,5157600,SANB11.SA,bancos,0.013508461377232939
2026-07-21,26.675304412841797,7011800,SANB11.SA,bancos,0.007404586959957271
2026-07-22,26.950000762939453,4487100,SANB11.SA,bancos,0.010297777519097995
2026-07-23,26.6299991607666,2237300,SANB11.SA,bancos,-0.011873899558953016
2026-07-24,26.34000015258789,3260800,SANB11.SA,bancos,-0.010889936812538803
2026-07-27,27.360000610351562,4388700,SANB11.SA,bancos,0.03872439073100975
2026-07-28,27.670000076293945,4900200,SANB11.SA,bancos,0.011330389584315093
2026-07-29,25.6299991607666,14783200,SANB11.SA,bancos,-0.0737260899856339
2026-07-30,25.25,8895300,SANB11.SA,bancos,-0.014826343082690707
2026-07-31,28.6200008392334,24956700,SANB11.SA,bancos,0.13346537977161965
2026-08-03,28.93000030517578,12330100,SANB11.SA,bancos,0.010831567325372715
2026-08-04,29.100000381469727,7935600,SANB11.SA,bancos,0.0058762555997460275
2026-08-05,29.479999542236328,5137900,SANB11.SA,bancos,0.013058390233169126
2026-08-06,29.270000457763672,8268200,SANB11.SA,bancos,-0.007123442596116303
2026-08-07,29.270000457763672,3606200,SANB11.SA,bancos,0.0
2026-08-10,29.25,5580400,SANB11.SA,bancos,-0.0006833091032073524
2026-08-11,29.520000457763672,4380800,SANB11.SA,bancos,0.009230784880809306
2026-08-12,29.6200008392334,9101200,SANB11.SA,bancos,0.003387546745224679
2026-08-13,29.829999923706055,6541100,SANB11.SA,bancos,0.00708977307639036
2026-08-14,29.93000030517578,4989700,SANB11.SA,bancos,0.0033523426659567424
2026-08-17,29.600000381469727,3556800,SANB11.SA,bancos,-0.011025724034121942
2026-08-18,29.25,8958300,SANB11.SA,bancos,-0.01182433705942909
2026-08-19,28.700000762939453,6725300,SANB11.SA,bancos,-0.01880339272001874
2026-08-20,28.969999313354492,3828700,SANB11.SA,bancos,0.009407614746954618
2026-08-21,29.549999237060547,4988800,SANB11.SA,bancos,0.020020708921407726
2026-08-24,29.649999618530273,5913200,SANB11.SA,bancos,0.003384107751323029
2026-08-25,29.690000534057617,2766600,SANB11.SA,bancos,0.001349103407824126
2025-08-26,22.137752532958984,14743013,SBSP3.SA,utilities,
2025-08-27,22.71464729309082,10391424,SBSP3.SA,utilities,0.02605931922280491
2025-08-28,22.911361694335938,11185012,SBSP3.SA,utilities,0.008660244586098154
2025-08-29,23.16860008239746,26143569,SBSP3.SA,utilities,0.011227546904168273
2025-09-01,23.002153396606445,8049847,SBSP3.SA,utilities,-0.007184149460867761
2025-09-02,22.835702896118164,13373956,SBSP3.SA,utilities,-0.007236300776641169
2025-09-03,22.84137725830078,13122834,SBSP3.SA,utilities,0.0002484864253327057
2025-09-04,22.998369216918945,19604067,SBSP3.SA,utilities,0.006873138902388609
2025-09-05,23.618772506713867,13214104,SBSP3.SA,utilities,0.02697596877166908
2025-09-08,23.64903450012207,12483425,SBSP3.SA,utilities,0.0012812686772609716
2025-09-09,23.414491653442383,12842834,SBSP3.SA,utilities,-0.009917649986026955
2025-09-10,23.618772506713867,9670542,SBSP3.SA,utilities,0.008724547869543464
2025-09-11,23.908166885375977,11812561,SBSP3.SA,utilities,0.012252727299009614
2025-09-12,23.724693298339844,9170359,SBSP3.SA,utilities,-0.007674096801974395
2025-09-15,24.033002853393555,9615883,SBSP3.SA,utilities,0.012995302033062872
2025-09-16,23.927080154418945,10907076,SBSP3.SA,utilities,-0.004407385112079387
2025-09-17,24.055702209472656,22734076,SBSP3.SA,utilities,0.005375585078648104
2025-09-18,24.469932556152344,60721662,SBSP3.SA,utilities,0.017219632296436194
2025-09-19,24.867141723632812,24033004,SBSP3.SA,utilities,0.016232540345952007
2025-09-22,24.505870819091797,18919281,SBSP3.SA,utilities,-0.01452804301178201
2025-09-23,25.001436233520508,14186624,SBSP3.SA,utilities,0.020222313995168495
2025-09-24,24.80093765258789,10647187,SBSP3.SA,utilities,-0.008019482523319965
2025-09-25,24.449127197265625,16709195,SBSP3.SA,utilities,-0.01418536912799162
2025-09-26,24.284568786621094,11315988,SBSP3.SA,utilities,-0.006730645610242281
2025-09-29,24.677993774414062,16185292,SBSP3.SA,utilities,0.01620061658289429
2025-09-30,24.999544143676758,12717015,SBSP3.SA,utilities,0.013029842385164914
2025-10-01,24.806615829467773,18682596,SBSP3.SA,utilities,-0.00771727328707239
2025-10-02,24.072725296020508,15760395,SBSP3.SA,utilities,-0.029584468050473767
2025-10-03,24.131359100341797,10829212,SBSP3.SA,utilities,0.0024356944882755194
2025-10-06,24.08596420288086,8211762,SBSP3.SA,utilities,-0.0018811579270019418
2025-10-07,23.607423782348633,10855511,SBSP3.SA,utilities,-0.019868020084285787
2025-10-08,23.427734375,9612789,SBSP3.SA,utilities,-0.007611563591406689
2025-10-09,23.325593948364258,11524312,SBSP3.SA,utilities,-0.0043598081231763786
2025-10-10,23.11564064025879,18193242,SBSP3.SA,utilities,-0.00900098443667674
2025-10-13,23.365314483642578,16416305,SBSP3.SA,utilities,0.010801078251275076
2025-10-14,23.6112060546875,13987067,SBSP3.SA,utilities,0.01052378606832205
2025-10-15,23.947885513305664,24151088,SBSP3.SA,utilities,0.014259307967511514
2025-10-16,24.399948120117188,17928197,SBSP3.SA,utilities,0.018876932018083714
2025-10-17,24.37914276123047,19683477,SBSP3.SA,utilities,-0.0008526804558885992
2025-10-20,24.64394760131836,9983543,SBSP3.SA,utilities,0.010861942221733978
2025-10-21,24.632598876953125,12308619,SBSP3.SA,utilities,-0.00046050756757121114
2025-10-22,24.608009338378906,12900072,SBSP3.SA,utilities,-0.0009982518977007526
2025-10-23,24.712038040161133,10264573,SBSP3.SA,utilities,0.004227432635925732
2025-10-24,25.17734146118164,13891156,SBSP3.SA,utilities,0.018829018483393023
2025-10-27,24.974952697753906,11125197,SBSP3.SA,utilities,-0.008038527965304687
2025-10-28,24.93712615966797,9538019,SBSP3.SA,utilities,-0.0015145789681251243
2025-10-29,24.82552719116211,7246461,SBSP3.SA,utilities,-0.004475213695087077
2025-10-30,24.942800521850586,9686011,SBSP3.SA,utilities,0.004723900918012669
2025-10-31,24.93523406982422,9308554,SBSP3.SA,utilities,-0.00030335214442900327
2025-11-03,25.213279724121094,10403799,SBSP3.SA,utilities,0.011150713625478037
2025-11-04,25.271915435791016,8972864,SBSP3.SA,utilities,0.002325588432425363
2025-11-05,25.773155212402344,16016674,SBSP3.SA,utilities,0.01983386569509693
2025-11-06,25.803417205810547,18755819,SBSP3.SA,utilities,0.0011741671967908651
2025-11-07,25.933929443359375,10708550,SBSP3.SA,utilities,0.0050579439346289945
2025-11-10,25.913124084472656,11752230,SBSP3.SA,utilities,-0.0008022447555492418
2025-11-11,26.037960052490234,42070520,SBSP3.SA,utilities,0.0048174804246154945
2025-11-12,26.74725914001465,21445977,SBSP3.SA,utilities,0.027240962275636438
2025-11-13,26.62242317199707,30708122,SBSP3.SA,utilities,-0.004667243374885444
2025-11-14,27.066919326782227,24400664,SBSP3.SA,utilities,0.016696307166084834
2025-11-17,26.31032943725586,21510433,SBSP3.SA,utilities,-0.027952567501013492
2025-11-18,25.73910903930664,16977850,SBSP3.SA,utilities,-0.021710879725449606
2025-11-19,25.850704193115234,14760545,SBSP3.SA,utilities,0.004335626133685322
2025-11-21,25.928255081176758,14167545,SBSP3.SA,utilities,0.0029999526311619285
2025-11-24,26.59783363342285,21688849,SBSP3.SA,utilities,0.025824281277307737
2025-11-25,26.60161781311035,10395549,SBSP3.SA,utilities,0.00014227398139476932
2025-11-26,26.760501861572266,13349205,SBSP3.SA,utilities,0.005972721267486492
2025-11-27,26.83048439025879,6337881,SBSP3.SA,utilities,0.0026151426101248543
2025-11-28,26.66781997680664,10766819,SBSP3.SA,utilities,-0.0060626715152114485
2025-12-01,26.429494857788086,14033991,SBSP3.SA,utilities,-0.008936805454132668
2025-12-02,27.214454650878906,37049098,SBSP3.SA,utilities,0.029700143620395858
2025-12-03,26.817245483398438,14366071,SBSP3.SA,utilities,-0.014595521849549153
2025-12-04,27.133119583129883,11424275,SBSP3.SA,utilities,0.011778767507162113
2025-12-05,25.992563247680664,30107388,SBSP3.SA,utilities,-0.042035576924901896
2025-12-08,25.949060440063477,16879876,SBSP3.SA,utilities,-0.0016736636245781034
2025-12-09,25.788284301757812,12025010,SBSP3.SA,utilities,-0.006195836595973114
2025-12-10,25.536720275878906,15056014,SBSP3.SA,utilities,-0.009754973341198903
2025-12-11,25.442148208618164,12246740,SBSP3.SA,utilities,-0.003703375619071636
2025-12-12,25.88475227355957,11324239,SBSP3.SA,utilities,0.017396489530372206
2025-12-15,26.29141616821289,15141097,SBSP3.SA,utilities,0.015710557719677887
2025-12-16,25.3002872467041,17076855,SBSP3.SA,utilities,-0.03769781419028673
2025-12-17,25.290830612182617,27351742,SBSP3.SA,utilities,-0.00037377577690211883
2025-12-18,25.59346580505371,13021766,SBSP3.SA,utilities,0.01196620219840927
2025-12-19,25.788284301757812,47124428,SBSP3.SA,utilities,0.007612040439854528
2025-12-22,25.81855010986328,10950906,SBSP3.SA,utilities,0.0011736262773947015
2025-12-23,26.675386428833008,34426491,SBSP3.SA,utilities,0.03318684880923639
2025-12-26,26.620698928833008,10566482,SBSP3.SA,utilities,-0.0020501108820260017
2025-12-29,26.295015335083008,11592631,SBSP3.SA,utilities,-0.01223422400067986
2025-12-30,26.4896297454834,11105849,SBSP3.SA,utilities,0.007401190222571685
2026-01-02,26.42608070373535,15218459,SBSP3.SA,utilities,-0.002399015854832154
2026-01-05,26.06663703918457,13385513,SBSP3.SA,utilities,-0.013601852979279405
2026-01-06,25.911739349365234,12496083,SBSP3.SA,utilities,-0.005942373371236487
2026-01-07,25.758827209472656,12696906,SBSP3.SA,utilities,-0.005901268835367679
2026-01-08,26.106355667114258,13774638,SBSP3.SA,utilities,0.013491625795517548
2026-01-09,26.114299774169922,13731068,SBSP3.SA,utilities,0.0003042978176257538
2026-01-12,25.272287368774414,19292006,SBSP3.SA,utilities,-0.032243346085364166
2026-01-13,24.720212936401367,25455913,SBSP3.SA,utilities,-0.02184505202545184
2026-01-14,24.813549041748047,15440315,SBSP3.SA,utilities,0.003775699893314499
2026-01-15,24.678510665893555,26252192,SBSP3.SA,utilities,-0.00544212259307586
2026-01-16,24.557369232177734,25969738,SBSP3.SA,utilities,-0.004908782193377759
2026-01-19,24.62489128112793,8000358,SBSP3.SA,utilities,0.0027495636161922743
2026-01-20,25.387466430664062,20602112,SBSP3.SA,utilities,0.030967655484455126
2026-01-21,25.979259490966797,22735540,SBSP3.SA,utilities,0.023310441863861664
2026-01-22,26.823257446289062,29439315,SBSP3.SA,utilities,0.03248737538557367
2026-01-23,27.633495330810547,22000860,SBSP3.SA,utilities,0.030206543189018165
2026-01-26,27.58384895324707,14604973,SBSP3.SA,utilities,-0.0017966014421679777
2026-01-27,27.901588439941406,18690038,SBSP3.SA,utilities,0.011519040987821638
2026-01-28,28.151811599731445,14721660,SBSP3.SA,utilities,0.008968061453872078
2026-01-29,27.728818893432617,12378895,SBSP3.SA,utilities,-0.01502541691856385
2026-01-30,28.044572830200195,18879843,SBSP3.SA,utilities,0.011387211910506734
2026-02-02,28.50529670715332,11902630,SBSP3.SA,utilities,0.016428272227309026
2026-02-03,28.90048599243164,16160473,SBSP3.SA,utilities,0.013863714148926842
2026-02-04,28.503311157226562,13234771,SBSP3.SA,utilities,-0.013742842778114106
2026-02-05,28.79523468017578,12541657,SBSP3.SA,utilities,0.010241740734574512
2026-02-06,28.56686019897461,13726561,SBSP3.SA,utilities,-0.007930981766173906
2026-02-09,29.436674118041992,9728135,SBSP3.SA,utilities,0.030448355647380687
2026-02-10,29.978818893432617,19530389,SBSP3.SA,utilities,0.018417324362684617
2026-02-11,30.39585304260254,14713147,SBSP3.SA,utilities,0.013910959956507263
2026-02-12,30.310461044311523,28156753,SBSP3.SA,utilities,-0.0028093305416146963
2026-02-13,30.284643173217773,11622179,SBSP3.SA,utilities,-0.0008517808771040247
2026-02-18,30.211166381835938,13784654,SBSP3.SA,utilities,-0.00242620627760326
2026-02-19,30.48918914794922,13517225,SBSP3.SA,utilities,0.009202649199285373
2026-02-20,30.403797149658203,15235987,SBSP3.SA,utilities,-0.002800730379435512
2026-02-23,30.225067138671875,9630478,SBSP3.SA,utilities,-0.0058785424105599615
2026-02-24,30.5825252532959,16829548,SBSP3.SA,utilities,0.011826544933184469
2026-02-25,31.154457092285156,13189698,SBSP3.SA,utilities,0.018701262706473765
2026-02-26,30.876436233520508,13507209,SBSP3.SA,utilities,-0.008923951328732804
2026-02-27,30.560680389404297,22599321,SBSP3.SA,utilities,-0.010226434220844904
2026-03-02,30.366065979003906,11525524,SBSP3.SA,utilities,-0.0063681308112454316
2026-03-03,29.428730010986328,21236131,SBSP3.SA,utilities,-0.03086787628880483
2026-03-04,30.064210891723633,18392560,SBSP3.SA,utilities,0.02159389414698043
2026-03-05,29.025596618652344,10546951,SBSP3.SA,utilities,-0.034546533644666866
2026-03-06,28.74757194519043,13990485,SBSP3.SA,utilities,-0.00957860322785753
2026-03-09,28.99382209777832,15064211,SBSP3.SA,utilities,0.008565946127811586
2026-03-10,29.412843704223633,11098337,SBSP3.SA,utilities,0.014452099658755158
2026-03-11,29.3532657623291,9005473,SBSP3.SA,utilities,-0.0020255757142576547
2026-03-12,28.644309997558594,15515937,SBSP3.SA,utilities,-0.02415253452582966
2026-03-13,28.823036193847656,19034592,SBSP3.SA,utilities,0.006239500839932743
2026-03-16,28.918359756469727,9960508,SBSP3.SA,utilities,0.003307200600970006
2026-03-17,29.688880920410156,25262602,SBSP3.SA,utilities,0.026644704970448574
2026-03-18,29.242055892944336,23017994,SBSP3.SA,utilities,-0.015050248228071217
2026-03-19,30.34819221496582,13390521,SBSP3.SA,utilities,0.03782689993039701
2026-03-20,29.700000762939453,29660500,SBSP3.SA,utilities,-0.021358486444102542
2026-03-23,30.507999420166016,14220500,SBSP3.SA,utilities,0.027205341295304164
2026-03-24,30.54199981689453,11357500,SBSP3.SA,utilities,0.0011144748057796416
2026-03-25,31.266000747680664,12032500,SBSP3.SA,utilities,0.023705092499727076
2026-03-26,30.56800079345703,11691500,SBSP3.SA,utilities,-0.022324567822298524
2026-03-27,30.224000930786133,11820000,SBSP3.SA,utilities,-0.011253593749727009
2026-03-30,30.81999969482422,16078500,SBSP3.SA,utilities,0.019719386768248803
2026-03-31,31.648000717163086,20027000,SBSP3.SA,utilities,0.02686570507909236
2026-04-01,31.22599983215332,19023000,SBSP3.SA,utilities,-0.013334203597287875
2026-04-02,31.520000457763672,11161500,SBSP3.SA,utilities,0.009415250982856227
2026-04-06,31.20400047302246,8208500,SBSP3.SA,utilities,-0.010025380080963098
2026-04-07,31.350000381469727,9244000,SBSP3.SA,utilities,0.004678884317204535
2026-04-08,32.215999603271484,16804500,SBSP3.SA,utilities,0.02762357930667303
2026-04-09,33.279998779296875,15988000,SBSP3.SA,utilities,0.033027042125905126
2026-04-10,34.099998474121094,21059000,SBSP3.SA,utilities,0.024639414810746052
2026-04-13,33.69599914550781,25782500,SBSP3.SA,utilities,-0.011847488172759935
2026-04-14,33.79399871826172,18616000,SBSP3.SA,utilities,0.002908344469345403
2026-04-15,34.097999572753906,25150500,SBSP3.SA,utilities,0.008995705332968118
2026-04-16,33.58000183105469,15760000,SBSP3.SA,utilities,-0.015191440793879463
2026-04-17,33.736000061035156,60905500,SBSP3.SA,utilities,0.004645569430440144
2026-04-20,35.20800018310547,22489500,SBSP3.SA,utilities,0.043632917933577486
2026-04-22,34.57600021362305,18242500,SBSP3.SA,utilities,-0.017950464843092262
2026-04-23,34.417999267578125,15128500,SBSP3.SA,utilities,-0.004569671016564469
2026-04-24,34.46200180053711,38136000,SBSP3.SA,utilities,0.0012784744579976692
2026-04-27,33.97200012207031,9450000,SBSP3.SA,utilities,-0.014218607534840277
2026-04-28,33.400001525878906,12319000,SBSP3.SA,utilities,-0.016837354119158876
2026-04-29,32.9900016784668,9484100,SBSP3.SA,utilities,-0.012275443972493028
2026-04-30,33.150001525878906,12468200,SBSP3.SA,utilities,0.004849949659643249
2026-05-04,32.84000015258789,14908400,SBSP3.SA,utilities,-0.009351473876977323
2026-05-05,33.290000915527344,12156900,SBSP3.SA,utilities,0.013702824629980848
2026-05-06,32.869998931884766,16700300,SBSP3.SA,utilities,-0.012616460561485798
2026-05-07,31.65999984741211,14443800,SBSP3.SA,utilities,-0.03681165572837686
2026-05-08,31.1299991607666,13556100,SBSP3.SA,utilities,-0.016740388161714748
2026-05-11,30.420000076293945,12445700,SBSP3.SA,utilities,-0.02280755231652798
2026-05-12,29.549999237060547,15932400,SBSP3.SA,utilities,-0.028599633039165684
2026-05-13,29.100000381469727,33428300,SBSP3.SA,utilities,-0.015228388061223619
2026-05-14,29.520000457763672,13431400,SBSP3.SA,utilities,0.014432992123305732
2026-05-15,29.030000686645508,15759800,SBSP3.SA,utilities,-0.016598907978312538
2026-05-18,29.15999984741211,9288000,SBSP3.SA,utilities,0.0044780970613755855
2026-05-19,28.540000915527344,12289200,SBSP3.SA,utilities,-0.021261966225277207
2026-05-20,29.149999618530273,20170300,SBSP3.SA,utilities,0.021373464731427427
2026-05-21,28.6200008392334,11822100,SBSP3.SA,utilities,-0.0181817765431449
2026-05-22,28.459999084472656,11035800,SBSP3.SA,utilities,-0.005590557304995136
2026-05-25,29.100000381469727,7623100,SBSP3.SA,utilities,0.022487748333985147
2026-05-26,28.770000457763672,16071400,SBSP3.SA,utilities,-0.011340203415124095
2026-05-27,28.559999465942383,11753300,SBSP3.SA,utilities,-0.007299304431002129
2026-05-28,28.15999984741211,15289700,SBSP3.SA,utilities,-0.014005589146010688
2026-05-29,27.950000762939453,28279900,SBSP3.SA,utilities,-0.007457353892420415
2026-06-01,27.280000686645508,10347400,SBSP3.SA,utilities,-0.023971379535071002
2026-06-02,27.690000534057617,14159800,SBSP3.SA,utilities,0.015029319541506325
2026-06-03,27.229999542236328,24893300,SBSP3.SA,utilities,-0.01661253098408233
2026-06-05,27.34000015258789,16867800,SBSP3.SA,utilities,0.004039684619933315
2026-06-08,27.270000457763672,13517100,SBSP3.SA,utilities,-0.002560339957335067
2026-06-09,27.690000534057617,14678200,SBSP3.SA,utilities,0.015401542693204151
2026-06-10,27.520000457763672,14446000,SBSP3.SA,utilities,-0.00613940314247563
2026-06-11,27.850000381469727,13557300,SBSP3.SA,utilities,0.011991276097997217
2026-06-12,27.540000915527344,11033900,SBSP3.SA,utilities,-0.011131039917279262
2026-06-15,27.8700008392334,17643000,SBSP3.SA,utilities,0.011982567637461417
2026-06-16,27.799999237060547,17023500,SBSP3.SA,utilities,-0.0025117186962659854
2026-06-17,27.459999084472656,12813600,SBSP3.SA,utilities,-0.01223022165175569
2026-06-18,26.899999618530273,14742000,SBSP3.SA,utilities,-0.020393280575855433
2026-06-19,26.959999084472656,16536700,SBSP3.SA,utilities,0.0022304634495626807
2026-06-22,27.90999984741211,19070400,SBSP3.SA,utilities,0.035237418219594696
2026-06-23,28.15999984741211,13227500,SBSP3.SA,utilities,0.008957363001317997
2026-06-24,28.469999313354492,17000200,SBSP3.SA,utilities,0.01100850382180929
2026-06-25,28.899999618530273,15848700,SBSP3.SA,utilities,0.015103628926821822
2026-06-26,29.600000381469727,18308700,SBSP3.SA,utilities,0.02422148000620128
2026-06-29,29.649999618530273,10873100,SBSP3.SA,utilities,0.0016891633924385197
2026-06-30,29.639999389648438,26400000,SBSP3.SA,utilities,-0.000337275851956087
2026-07-01,29.850000381469727,13525600,SBSP3.SA,utilities,0.007085053851068279
2026-07-02,29.90999984741211,9089800,SBSP3.SA,utilities,0.0020100323341913917
2026-07-03,30.3700008392334,10456600,SBSP3.SA,utilities,0.015379504987228954
2026-07-06,29.709999084472656,6942800,SBSP3.SA,utilities,-0.021732029520003193
2026-07-07,29.469999313354492,10316400,SBSP3.SA,utilities,-0.008078080730860582
2026-07-08,29.25,5788200,SBSP3.SA,utilities,-0.0074651957407680936
2026-07-09,30.0,12846400,SBSP3.SA,utilities,0.02564102564102555
2026-07-10,31.110000610351562,13427200,SBSP3.SA,utilities,0.03700002034505201
2026-07-13,30.3700008392334,6037200,SBSP3.SA,utilities,-0.023786555981999413
2026-07-14,30.34000015258789,6275100,SBSP3.SA,utilities,-0.0009878395066341694
2026-07-15,29.979999542236328,8790500,SBSP3.SA,utilities,-0.011865544118029758
2026-07-16,29.299999237060547,9671700,SBSP3.SA,utilities,-0.02268179838421225
2026-07-17,29.219999313354492,12795800,SBSP3.SA,utilities,-0.002730372893828159
2026-07-20,28.979999542236328,6845700,SBSP3.SA,utilities,-0.008213544721353827
2026-07-21,28.600000381469727,7206700,SBSP3.SA,utilities,-0.013112462621428955
2026-07-22,29.290000915527344,13804700,SBSP3.SA,utilities,0.024125892477423694
2026-07-23,28.75,36430800,SBSP3.SA,utilities,-0.018436357072323495
2026-07-24,28.3799991607666,9301900,SBSP3.SA,utilities,-0.01286959440811819
2026-07-27,28.8700008392334,7174500,SBSP3.SA,utilities,0.01726573970954126
2026-07-28,28.270000457763672,14960000,SBSP3.SA,utilities,-0.02078283214506682
2026-07-29,26.610000610351562,30255800,SBSP3.SA,utilities,-0.05871948427776663
2026-07-30,27.40999984741211,15041900,SBSP3.SA,utilities,0.030063856396506106
2026-07-31,27.700000762939453,13227100,SBSP3.SA,utilities,0.01058011372279255
2026-08-03,27.56999969482422,9558300,SBSP3.SA,utilities,-0.004693179225076616
2026-08-04,28.010000228881836,13833200,SBSP3.SA,utilities,0.01595939568110394
2026-08-05,27.709999084472656,13291300,SBSP3.SA,utilities,-0.010710501319448062
2026-08-06,27.389999389648438,7497900,SBSP3.SA,utilities,-0.011548166921576342
2026-08-07,26.889999389648438,11296800,SBSP3.SA,utilities,-0.01825483793873195
2026-08-10,26.549999237060547,9979100,SBSP3.SA,utilities,-0.012644111576989414
2026-08-11,25.989999771118164,15023700,SBSP3.SA,utilities,-0.02109225921033897
2026-08-12,26.1200008392334,15239700,SBSP3.SA,utilities,0.0050019649580643755
2026-08-13,24.280000686645508,77515700,SBSP3.SA,utilities,-0.0704441077132022
2026-08-14,23.790000915527344,64907900,SBSP3.SA,utilities,-0.020181209112884124
2026-08-17,23.799999237060547,22336900,SBSP3.SA,utilities,0.0004202741130068244
2026-08-18,23.649999618530273,12125100,SBSP3.SA,utilities,-0.006302505182298468
2026-08-19,23.8799991607666,14248800,SBSP3.SA,utilities,0.009725139363474522
2026-08-20,23.309999465942383,27073100,SBSP3.SA,utilities,-0.023869334792971597
2026-08-21,23.75,28308400,SBSP3.SA,utilities,0.018876042219584388
2026-08-24,23.860000610351562,36812600,SBSP3.SA,utilities,0.004631604646381682
2026-08-25,24.690000534057617,27226600,SBSP3.SA,utilities,0.03478624905591832
2025-08-26,51.48902893066406,3907200,SUZB3.SA,commodities,
2025-08-27,51.85114288330078,2707100,SUZB3.SA,commodities,0.0070328370947594365
2025-08-28,51.704341888427734,3254300,SUZB3.SA,commodities,-0.002831200754888741
2025-08-29,51.33244323730469,4318500,SUZB3.SA,commodities,-0.007192793439389722
2025-09-01,51.4303092956543,1853600,SUZB3.SA,commodities,0.001906514714236085
2025-09-02,51.146488189697266,2160200,SUZB3.SA,commodities,-0.005518557244628797
2025-09-03,50.862667083740234,4176100,SUZB3.SA,commodities,-0.005549180716071245
2025-09-04,50.56905746459961,3848400,SUZB3.SA,commodities,-0.005772595814867998
2025-09-05,50.88224411010742,4145500,SUZB3.SA,commodities,0.006193246645481931
2025-09-08,50.50054931640625,5668300,SUZB3.SA,commodities,-0.007501532221637075
2025-09-09,50.8039436340332,4768100,SUZB3.SA,commodities,0.006007742920300929
2025-09-10,49.717594146728516,5697800,SUZB3.SA,commodities,-0.02138317243893939
2025-09-11,50.45161437988281,4438400,SUZB3.SA,commodities,0.014763792290271027
2025-09-12,49.3554801940918,4190400,SUZB3.SA,commodities,-0.021726444223122643
2025-09-15,49.423988342285156,3698800,SUZB3.SA,commodities,0.0013880555497374214
2025-09-16,49.600154876708984,3768300,SUZB3.SA,commodities,0.003564393330699911
2025-09-17,49.815467834472656,4711400,SUZB3.SA,commodities,0.004340973496935074
2025-09-18,49.649085998535156,3944000,SUZB3.SA,commodities,-0.0033399633320789768
2025-09-19,49.423988342285156,6515100,SUZB3.SA,commodities,-0.004533772409357928
2025-09-22,49.27717971801758,6973500,SUZB3.SA,commodities,-0.0029703920948438434
2025-09-23,49.06187057495117,3438200,SUZB3.SA,commodities,-0.004369347927346556
2025-09-24,48.88570785522461,6218100,SUZB3.SA,commodities,-0.003590623791187131
2025-09-25,49.16952896118164,7714900,SUZB3.SA,commodities,0.005805809477026802
2025-09-26,48.396358489990234,3803300,SUZB3.SA,commodities,-0.01572458568398749
2025-09-29,48.1223258972168,4990200,SUZB3.SA,commodities,-0.005662256444978531
2025-09-30,48.83677291870117,7034700,SUZB3.SA,commodities,0.014846477350457743
2025-10-01,48.82698440551758,2888900,SUZB3.SA,commodities,-0.00020043325139207369
2025-10-02,49.032508850097656,5306000,SUZB3.SA,commodities,0.0042092389501910965
2025-10-03,49.619728088378906,5529000,SUZB3.SA,commodities,0.011976120579032523
2025-10-06,48.44529342651367,4504200,SUZB3.SA,commodities,-0.02366870410441224
2025-10-07,47.848289489746094,7097600,SUZB3.SA,commodities,-0.012323259795570585
2025-10-08,46.810882568359375,9745300,SUZB3.SA,commodities,-0.021681170475467804
2025-10-09,46.673858642578125,3182900,SUZB3.SA,commodities,-0.00292718099431577
2025-10-10,47.1632080078125,5447200,SUZB3.SA,commodities,0.01048444202956822
2025-10-13,47.182777404785156,3707800,SUZB3.SA,commodities,0.0004149293018704814
2025-10-14,46.96746826171875,3933100,SUZB3.SA,commodities,-0.004563299468771209
2025-10-15,46.615142822265625,8159100,SUZB3.SA,commodities,-0.0075014782038036465
2025-10-16,46.781517028808594,3663700,SUZB3.SA,commodities,0.00356910215157602
2025-10-17,46.615142822265625,4198600,SUZB3.SA,commodities,-0.003556408964688229
2025-10-20,46.69343566894531,3992100,SUZB3.SA,commodities,0.0016795582280677568
2025-10-21,46.46833419799805,3010100,SUZB3.SA,commodities,-0.0048208376128762165
2025-10-22,47.192569732666016,3648800,SUZB3.SA,commodities,0.015585571274882692
2025-10-23,47.63297653198242,2825900,SUZB3.SA,commodities,0.009332121599039844
2025-10-24,48.05381774902344,4135300,SUZB3.SA,commodities,0.008835081233238729
2025-10-27,48.063602447509766,3245700,SUZB3.SA,commodities,0.00020361958621961662
2025-10-28,48.41593551635742,3496900,SUZB3.SA,commodities,0.00733055890332901
2025-10-29,48.05381774902344,4542100,SUZB3.SA,commodities,-0.007479309518074739
2025-10-30,47.65255355834961,3990900,SUZB3.SA,commodities,-0.008350308247506155
2025-10-31,47.848289489746094,4902400,SUZB3.SA,commodities,0.0041075643754706626
2025-11-03,47.515533447265625,3806500,SUZB3.SA,commodities,-0.006954397869369577
2025-11-04,48.35721206665039,4515200,SUZB3.SA,commodities,0.017713757129947716
2025-11-05,47.85808181762695,4568500,SUZB3.SA,commodities,-0.010321733360796115
2025-11-06,47.61341094970703,5485600,SUZB3.SA,commodities,-0.005112425292185585
2025-11-07,46.605350494384766,7965500,SUZB3.SA,commodities,-0.021171775666042003
2025-11-10,45.7049560546875,10687100,SUZB3.SA,commodities,-0.019319550870146363
2025-11-11,45.55815124511719,6817600,SUZB3.SA,commodities,-0.003212010736749371
2025-11-12,47.0457649230957,10555800,SUZB3.SA,commodities,0.032653073869804095
2025-11-13,46.644500732421875,6230700,SUZB3.SA,commodities,-0.008529230874017357
2025-11-14,46.350894927978516,5721700,SUZB3.SA,commodities,-0.006294542761378086
2025-11-17,47.46660232543945,10502800,SUZB3.SA,commodities,0.024070892249104636
2025-11-18,47.49596405029297,4257100,SUZB3.SA,commodities,0.0006185765025312762
2025-11-19,47.30022430419922,5621100,SUZB3.SA,commodities,-0.004121186926250853
2025-11-21,47.28065490722656,7107700,SUZB3.SA,commodities,-0.00041372736092748497
2025-11-24,46.95768356323242,5621600,SUZB3.SA,commodities,-0.006830940574488076
2025-11-25,46.781517028808594,3589100,SUZB3.SA,commodities,-0.0037516018903829274
2025-11-26,46.840240478515625,6595400,SUZB3.SA,commodities,0.0012552703169259605
2025-11-27,47.172996520996094,2157700,SUZB3.SA,commodities,0.00710406349500059
2025-11-28,46.56620788574219,4286300,SUZB3.SA,commodities,-0.012863050473883586
2025-12-01,46.46833419799805,3695500,SUZB3.SA,commodities,-0.0021018178672459475
2025-12-02,47.172996520996094,4973900,SUZB3.SA,commodities,0.01516435514980019
2025-12-03,47.90701675415039,5420400,SUZB3.SA,commodities,0.015560178222462362
2025-12-04,48.48444366455078,6693600,SUZB3.SA,commodities,0.012053075927554335
2025-12-05,49.423988342285156,13131800,SUZB3.SA,commodities,0.019378270775566753
2025-12-08,49.31632995605469,5010700,SUZB3.SA,commodities,-0.0021782618085145478
2025-12-09,49.37505340576172,8909400,SUZB3.SA,commodities,0.0011907506045027993
2025-12-10,50.56905746459961,6366100,SUZB3.SA,commodities,0.024182334528848548
2025-12-11,48.41593551635742,21574100,SUZB3.SA,commodities,-0.042577854051352615
2025-12-12,48.014671325683594,5822700,SUZB3.SA,commodities,-0.008287853707551696
2025-12-15,47.67212677001953,5696600,SUZB3.SA,commodities,-0.00713416433365921
2025-12-16,47.877655029296875,5795200,SUZB3.SA,commodities,0.004311287815390585
2025-12-17,48.7291145324707,9610900,SUZB3.SA,commodities,0.017784068636043537
2025-12-18,51.52817916870117,15098200,SUZB3.SA,commodities,0.05744131948807141
2025-12-19,51.314788818359375,13244300,SUZB3.SA,commodities,-0.004141235995224424
2025-12-22,51.194801330566406,9456900,SUZB3.SA,commodities,-0.0023382633068547154
2025-12-23,51.49477005004883,12965900,SUZB3.SA,commodities,0.005859358991267882
2025-12-26,51.67475128173828,2858800,SUZB3.SA,commodities,0.0034951361374082612
2025-12-29,51.544761657714844,3315700,SUZB3.SA,commodities,-0.0025155345850571553
2025-12-30,51.44477462768555,4309500,SUZB3.SA,commodities,-0.0019398097268014114
2026-01-02,51.86473083496094,5570600,SUZB3.SA,commodities,0.008163243212059523
2026-01-05,50.42487716674805,4947400,SUZB3.SA,commodities,-0.027761710993828514
2026-01-06,50.22489929199219,5153600,SUZB3.SA,commodities,-0.003965857449579113
2026-01-07,49.9349250793457,8357300,SUZB3.SA,commodities,-0.0057735150639259825
2026-01-08,49.564964294433594,5838000,SUZB3.SA,commodities,-0.007408858315582689
2026-01-09,50.98482131958008,5611100,SUZB3.SA,commodities,0.02864638450482948
2026-01-12,52.10470962524414,3415500,SUZB3.SA,commodities,0.021965131517171388
2026-01-13,51.50476837158203,3687900,SUZB3.SA,commodities,-0.011514146379033696
2026-01-14,52.16469955444336,3105400,SUZB3.SA,commodities,0.012813011372078131
2026-01-15,52.34468078613281,2979700,SUZB3.SA,commodities,0.003450249560080554
2026-01-16,51.594757080078125,9115800,SUZB3.SA,commodities,-0.014326645893948387
2026-01-19,51.844730377197266,6916100,SUZB3.SA,commodities,0.004844936021913382
2026-01-20,51.344783782958984,2497900,SUZB3.SA,commodities,-0.009643151591317234
2026-01-21,52.194698333740234,4956800,SUZB3.SA,commodities,0.016553084620512637
2026-01-22,52.184696197509766,7235500,SUZB3.SA,commodities,-0.00019163126811294617
2026-01-23,52.244693756103516,9275500,SUZB3.SA,commodities,0.0011497155864752528
2026-01-26,51.66474914550781,5078400,SUZB3.SA,commodities,-0.011100545699494146
2026-01-27,51.2747917175293,6546700,SUZB3.SA,commodities,-0.0075478432476319135
2026-01-28,51.75474166870117,5163100,SUZB3.SA,commodities,0.009360349112988997
2026-01-29,49.35498809814453,9287200,SUZB3.SA,commodities,-0.0463678011556552
2026-01-30,49.32499313354492,12105400,SUZB3.SA,commodities,-0.0006077392732820597
2026-02-02,48.71505355834961,5900300,SUZB3.SA,commodities,-0.012365730564704469
2026-02-03,49.08501434326172,7575300,SUZB3.SA,commodities,0.007594383211936284
2026-02-04,49.5949592590332,8209700,SUZB3.SA,commodities,0.01038901429681438
2026-02-05,50.42487716674805,8133900,SUZB3.SA,commodities,0.016733916513172353
2026-02-06,50.19490051269531,6225900,SUZB3.SA,commodities,-0.004560777675119199
2026-02-09,51.33478546142578,5552500,SUZB3.SA,commodities,0.022709178364486826
2026-02-10,51.11480712890625,3513400,SUZB3.SA,commodities,-0.00428517097212433
2026-02-11,57.92411804199219,27708000,SUZB3.SA,commodities,0.1332160149976418
2026-02-12,58.244083404541016,11352900,SUZB3.SA,commodities,0.005523871115601153
2026-02-13,58.334075927734375,12831100,SUZB3.SA,commodities,0.0015450929593707752
2026-02-18,57.194190979003906,5734300,SUZB3.SA,commodities,-0.01954063607937473
2026-02-19,57.12419891357422,3902400,SUZB3.SA,commodities,-0.0012237617882449037
2026-02-20,56.854225158691406,5820100,SUZB3.SA,commodities,-0.004726083866686159
2026-02-23,56.99420928955078,4529000,SUZB3.SA,commodities,0.00246215880119105
2026-02-24,58.57405090332031,8659900,SUZB3.SA,commodities,0.02771933558624129
2026-02-25,58.894020080566406,11432400,SUZB3.SA,commodities,0.005462643821138924
2026-02-26,58.9740104675293,6986000,SUZB3.SA,commodities,0.0013582089803594322
2026-02-27,57.994110107421875,5319700,SUZB3.SA,commodities,-0.016615799948808796
2026-03-02,58.05410385131836,5090800,SUZB3.SA,commodities,0.0010344799460730858
2026-03-03,57.264183044433594,9151000,SUZB3.SA,commodities,-0.01360663165015552
2026-03-04,56.4942626953125,5629100,SUZB3.SA,commodities,-0.01344505951518915
2026-03-05,55.79433059692383,4996300,SUZB3.SA,commodities,-0.01238943682057736
2026-03-06,54.91442108154297,5010600,SUZB3.SA,commodities,-0.015770590057574307
2026-03-09,54.79443359375,5612500,SUZB3.SA,commodities,-0.0021849904893798122
2026-03-10,55.59435272216797,4071000,SUZB3.SA,commodities,0.01459854726026788
2026-03-11,54.89442443847656,2350800,SUZB3.SA,commodities,-0.012589916950545121
2026-03-12,53.464569091796875,4895800,SUZB3.SA,commodities,-0.026047369314933122
2026-03-13,53.39457702636719,3469600,SUZB3.SA,commodities,-0.001309129889544458
2026-03-16,53.14460372924805,3456200,SUZB3.SA,commodities,-0.0046816233228272885
2026-03-17,53.10460662841797,6523600,SUZB3.SA,commodities,-0.0007526088826224075
2026-03-18,52.554664611816406,8819400,SUZB3.SA,commodities,-0.010355825068992575
2026-03-19,51.11480712890625,8891500,SUZB3.SA,commodities,-0.027397329876336363
2026-03-20,50.174903869628906,12549400,SUZB3.SA,commodities,-0.018388081889989416
2026-03-23,51.6147575378418,5039000,SUZB3.SA,commodities,0.028696690121302604
2026-03-24,51.16480255126953,3422300,SUZB3.SA,commodities,-0.008717564666314237
2026-03-25,51.394779205322266,5053700,SUZB3.SA,commodities,0.0044948214902673644
2026-03-26,50.794837951660156,2985400,SUZB3.SA,commodities,-0.011673194494431827
2026-03-27,50.43487548828125,5543500,SUZB3.SA,commodities,-0.007086595368637094
2026-03-30,50.554866790771484,2994100,SUZB3.SA,commodities,0.0023791335128429125
2026-03-31,51.89472961425781,6309900,SUZB3.SA,commodities,0.026503142200562824
2026-04-01,52.08470916748047,4289500,SUZB3.SA,commodities,0.0036608641115352114
2026-04-02,50.84483337402344,4370400,SUZB3.SA,commodities,-0.02380498640148232
2026-04-06,49.5949592590332,5941000,SUZB3.SA,commodities,-0.024582126285987438
2026-04-07,46.42528533935547,46567200,SUZB3.SA,commodities,-0.06391121128102173
2026-04-08,47.3351936340332,11557300,SUZB3.SA,commodities,0.01959941200202797
2026-04-09,47.59516525268555,7089200,SUZB3.SA,commodities,0.005492142287666146
2026-04-10,47.155208587646484,5970000,SUZB3.SA,commodities,-0.00924372596887324
2026-04-13,47.795143127441406,6951400,SUZB3.SA,commodities,0.013570813468155585
2026-04-14,48.505069732666016,11894900,SUZB3.SA,commodities,0.014853530270463988
2026-04-15,47.82514572143555,11085200,SUZB3.SA,commodities,-0.01401758651163365
2026-04-16,47.52517318725586,8122800,SUZB3.SA,commodities,-0.006272276428114232
2026-04-17,47.925132751464844,8265700,SUZB3.SA,commodities,0.008415741330033422
2026-04-20,47.795143127441406,4213700,SUZB3.SA,commodities,-0.002712347709030949
2026-04-22,47.34518814086914,4628200,SUZB3.SA,commodities,-0.009414240802093632
2026-04-23,46.68525695800781,7248700,SUZB3.SA,commodities,-0.013938717085626329
2026-04-24,45.6353645324707,7909400,SUZB3.SA,commodities,-0.022488736143863597
2026-04-27,45.2953987121582,3909400,SUZB3.SA,commodities,-0.007449613338151528
2026-04-28,45.44538497924805,6072700,SUZB3.SA,commodities,0.0033112914634656487
2026-04-29,44.81544876098633,8755800,SUZB3.SA,commodities,-0.013861390294072073
2026-04-30,43.84000015258789,13209000,SUZB3.SA,commodities,-0.021765900718762943
2026-05-04,42.58000183105469,7528500,SUZB3.SA,commodities,-0.028740837526179286
2026-05-05,42.400001525878906,7255100,SUZB3.SA,commodities,-0.004227343763158364
2026-05-06,43.0099983215332,4354400,SUZB3.SA,commodities,0.01438671636089417
2026-05-07,43.29999923706055,5074000,SUZB3.SA,commodities,0.0067426395453298316
2026-05-08,43.70000076293945,3491500,SUZB3.SA,commodities,0.009237910691151763
2026-05-11,43.130001068115234,5046800,SUZB3.SA,commodities,-0.0130434710497217
2026-05-12,42.68000030517578,4526600,SUZB3.SA,commodities,-0.010433590349992472
2026-05-13,43.0,7129900,SUZB3.SA,commodities,0.0074976497782595075
2026-05-14,42.619998931884766,5157300,SUZB3.SA,commodities,-0.008837234142214712
2026-05-15,41.70000076293945,15739400,SUZB3.SA,commodities,-0.021586067386244023
2026-05-18,41.970001220703125,5678900,SUZB3.SA,commodities,0.0064748310029680844
2026-05-19,41.04999923706055,5073700,SUZB3.SA,commodities,-0.02192046597293773
2026-05-20,42.20000076293945,5755500,SUZB3.SA,commodities,0.028014654013456486
2026-05-21,42.2599983215332,3962400,SUZB3.SA,commodities,0.0014217430689347221
2026-05-22,41.70000076293945,3386900,SUZB3.SA,commodities,-0.013251244222326597
2026-05-25,41.40999984741211,2687700,SUZB3.SA,commodities,-0.006954458278693343
2026-05-26,41.68000030517578,14152400,SUZB3.SA,commodities,0.006520175289992158
2026-05-27,42.09000015258789,7296600,SUZB3.SA,commodities,0.009836848474331639
2026-05-28,41.689998626708984,4893500,SUZB3.SA,commodities,-0.009503481217124965
2026-05-29,41.90999984741211,13175600,SUZB3.SA,commodities,0.005277074309188778
2026-06-01,40.650001525878906,8283900,SUZB3.SA,commodities,-0.03006438382535581
2026-06-02,40.43000030517578,5562100,SUZB3.SA,commodities,-0.005412083946985002
2026-06-03,41.220001220703125,6506600,SUZB3.SA,commodities,0.019539968082221693
2026-06-05,41.7400016784668,7282100,SUZB3.SA,commodities,0.012615246054444418
2026-06-08,41.970001220703125,4563900,SUZB3.SA,commodities,0.005510290680102781
2026-06-09,42.04999923706055,4639400,SUZB3.SA,commodities,0.0019060761027083206
2026-06-10,41.45000076293945,4552700,SUZB3.SA,commodities,-0.014268691676747713
2026-06-11,41.290000915527344,5413600,SUZB3.SA,commodities,-0.003860068624055746
2026-06-12,41.52000045776367,3071200,SUZB3.SA,commodities,0.005570344808343952
2026-06-15,42.59000015258789,6046700,SUZB3.SA,commodities,0.025770705275224515
2026-06-16,42.93000030517578,5531400,SUZB3.SA,commodities,0.007983098177266168
2026-06-17,42.22999954223633,6059500,SUZB3.SA,commodities,-0.01630563144568764
2026-06-18,43.58000183105469,7443500,SUZB3.SA,commodities,0.03196784995150548
2026-06-19,43.22999954223633,7692900,SUZB3.SA,commodities,-0.008031259158161608
2026-06-22,42.040000915527344,4954300,SUZB3.SA,commodities,-0.02752714872333828
2026-06-23,41.95000076293945,6635300,SUZB3.SA,commodities,-0.002140821851282393
2026-06-24,42.20000076293945,8547200,SUZB3.SA,commodities,0.005959475457765873
2026-06-25,42.0,4812000,SUZB3.SA,commodities,-0.0047393544863415515
2026-06-26,40.11000061035156,11649400,SUZB3.SA,commodities,-0.044999985467819914
2026-06-29,39.68000030517578,5001700,SUZB3.SA,commodities,-0.010720526019259324
2026-06-30,39.75,8105100,SUZB3.SA,commodities,0.0017641051987362655
2026-07-01,40.59000015258789,6295600,SUZB3.SA,commodities,0.021132079310387075
2026-07-02,40.779998779296875,5759900,SUZB3.SA,commodities,0.004680922049636216
2026-07-03,40.79999923706055,2486300,SUZB3.SA,commodities,0.0004904477283560471
2026-07-06,40.720001220703125,3794000,SUZB3.SA,commodities,-0.0019607357316996366
2026-07-07,40.91999816894531,4913900,SUZB3.SA,commodities,0.004911516263425453
2026-07-08,40.83000183105469,5643200,SUZB3.SA,commodities,-0.0021993240937856484
2026-07-09,41.029998779296875,4835300,SUZB3.SA,commodities,0.004898284087023308
2026-07-10,41.54999923706055,8082400,SUZB3.SA,commodities,0.012673664958188002
2026-07-13,41.4900016784668,2479300,SUZB3.SA,commodities,-0.0014439845895408698
2026-07-14,41.11000061035156,3274800,SUZB3.SA,commodities,-0.009158858827244987
2026-07-15,41.47999954223633,4101000,SUZB3.SA,commodities,0.00900021713430954
2026-07-16,41.70000076293945,4338400,SUZB3.SA,commodities,0.005303790335848824
2026-07-17,41.93000030517578,8243300,SUZB3.SA,commodities,0.0055155764515173455
2026-07-20,41.88999938964844,4465000,SUZB3.SA,commodities,-0.0009539927316052355
2026-07-21,41.630001068115234,2360900,SUZB3.SA,commodities,-0.006206691938922537
2026-07-22,42.65999984741211,4979400,SUZB3.SA,commodities,0.024741742802542488
2026-07-23,42.43000030517578,2364400,SUZB3.SA,commodities,-0.00539145670555552
2026-07-24,41.84000015258789,3640600,SUZB3.SA,commodities,-0.013905259211509313
2026-07-27,41.869998931884766,4786000,SUZB3.SA,commodities,0.0007169880302932974
2026-07-28,43.099998474121094,6706000,SUZB3.SA,commodities,0.02937663180353378
2026-07-29,42.29999923706055,11324800,SUZB3.SA,commodities,-0.018561467874317894
2026-07-30,42.72999954223633,3591100,SUZB3.SA,commodities,0.010165492031475987
2026-07-31,43.31999969482422,3411300,SUZB3.SA,commodities,0.013807633019155663
2026-08-03,43.099998474121094,4829200,SUZB3.SA,commodities,-0.005078513902422976
2026-08-04,43.02000045776367,3304700,SUZB3.SA,commodities,-0.0018561025334016268
2026-08-05,42.84000015258789,5867200,SUZB3.SA,commodities,-0.004184107467699927
2026-08-06,41.970001220703125,4341400,SUZB3.SA,commodities,-0.02030809824430424
2026-08-07,41.70000076293945,4162900,SUZB3.SA,commodities,-0.006433177267349821
2026-08-10,41.290000915527344,2954300,SUZB3.SA,commodities,-0.00983213045349618
2026-08-11,40.380001068115234,6370000,SUZB3.SA,commodities,-0.022039230497326034
2026-08-12,41.45000076293945,7757200,SUZB3.SA,commodities,0.02649825821003038
2026-08-13,41.5,7883800,SUZB3.SA,commodities,0.001206254189149547
2026-08-14,42.029998779296875,8240000,SUZB3.SA,commodities,0.01277105492281616
2026-08-17,40.58000183105469,5871700,SUZB3.SA,commodities,-0.03449909565442166
2026-08-18,41.15999984741211,9567300,SUZB3.SA,commodities,0.014292705524561189
2026-08-19,43.06999969482422,9315700,SUZB3.SA,commodities,0.046404272460953244
2026-08-20,44.15999984741211,12171300,SUZB3.SA,commodities,0.025307642449760248
2026-08-21,44.970001220703125,13545800,SUZB3.SA,commodities,0.018342422465802644
2026-08-24,46.31999969482422,12157400,SUZB3.SA,commodities,0.030019978596300012
2026-08-25,46.34000015258789,10453800,SUZB3.SA,commodities,0.00043178881466854335
2025-08-26,31.808629989624023,1505800,TAEE11.SA,utilities,
2025-08-27,32.04121780395508,3683400,TAEE11.SA,utilities,0.007312097830272091
2025-08-28,32.31101989746094,2117600,TAEE11.SA,utilities,0.008420469382800944
2025-08-29,32.44126892089844,1360400,TAEE11.SA,utilities,0.0040311022013803655
2025-09-01,32.17146682739258,1055300,TAEE11.SA,utilities,-0.008316631946910569
2025-09-02,31.90166664123535,1005000,TAEE11.SA,utilities,-0.008386319082209326
2025-09-03,31.892364501953125,1049700,TAEE11.SA,utilities,-0.00029158787805161346
2025-09-04,32.208683013916016,1439100,TAEE11.SA,utilities,0.009918314834998165
2025-09-05,32.37614440917969,1336200,TAEE11.SA,utilities,0.005199262422227013
2025-09-08,32.525001525878906,2098700,TAEE11.SA,utilities,0.004597740695059915
2025-09-09,32.54360580444336,1222100,TAEE11.SA,utilities,0.0005719993141168889
2025-09-10,32.46918487548828,1568900,TAEE11.SA,utilities,-0.002286806489799509
2025-09-11,32.413360595703125,1398200,TAEE11.SA,utilities,-0.001719300315028871
2025-09-12,32.413360595703125,1135200,TAEE11.SA,utilities,0.0
2025-09-15,32.57151794433594,1287900,TAEE11.SA,utilities,0.004879387565070337
2025-09-16,32.83201599121094,1106100,TAEE11.SA,utilities,0.00799772510818153
2025-09-17,33.06460189819336,1505900,TAEE11.SA,utilities,0.00708411896012362
2025-09-18,32.980873107910156,1078500,TAEE11.SA,utilities,-0.002532278795946419
2025-09-19,33.315799713134766,4051500,TAEE11.SA,utilities,0.010155177036361707
2025-09-22,33.213462829589844,1607100,TAEE11.SA,utilities,-0.00307172225869079
2025-09-23,33.585601806640625,2264200,TAEE11.SA,utilities,0.011204461846093361
2025-09-24,33.52977752685547,1921600,TAEE11.SA,utilities,-0.0016621491586349402
2025-09-25,33.632118225097656,2741900,TAEE11.SA,utilities,0.0030522331429194693
2025-09-26,33.81818389892578,1251700,TAEE11.SA,utilities,0.005532380463900477
2025-09-29,34.19962692260742,2540300,TAEE11.SA,utilities,0.011279228500905791
2025-09-30,34.10659408569336,1728300,TAEE11.SA,utilities,-0.0027202880640947447
2025-10-01,34.3577880859375,1666800,TAEE11.SA,utilities,0.007364968768591051
2025-10-02,33.95773696899414,1219500,TAEE11.SA,utilities,-0.011643680784767962
2025-10-03,34.1438102722168,1410100,TAEE11.SA,utilities,0.005479555466035846
2025-10-06,33.8367919921875,955400,TAEE11.SA,utilities,-0.008991916179874049
2025-10-07,33.4925651550293,2158000,TAEE11.SA,utilities,-0.01017315226684845
2025-10-08,33.68793869018555,1911100,TAEE11.SA,utilities,0.005833340451885771
2025-10-09,33.380924224853516,1113500,TAEE11.SA,utilities,-0.009113483260448807
2025-10-10,33.334407806396484,1440600,TAEE11.SA,utilities,-0.0013935030121903225
2025-10-13,33.511173248291016,846300,TAEE11.SA,utilities,0.005302792325610595
2025-10-14,33.35301208496094,1061800,TAEE11.SA,utilities,-0.004719654610664592
2025-10-15,33.799583435058594,2321900,TAEE11.SA,utilities,0.013389235999438087
2025-10-16,33.74375915527344,1381200,TAEE11.SA,utilities,-0.0016516262661170344
2025-10-17,34.11589813232422,1597300,TAEE11.SA,utilities,0.011028379361598839
2025-10-20,33.92982482910156,2259200,TAEE11.SA,utilities,-0.005454152269447565
2025-10-21,33.94843673706055,1605900,TAEE11.SA,utilities,0.0005485412333463557
2025-10-22,33.99495315551758,1352100,TAEE11.SA,utilities,0.0013702079661963573
2025-10-23,34.23684310913086,1523600,TAEE11.SA,utilities,0.007115466596076869
2025-10-24,34.39500045776367,1084400,TAEE11.SA,utilities,0.004619507357284114
2025-10-27,34.72062301635742,1283200,TAEE11.SA,utilities,0.009467147965112277
2025-10-28,35.03694152832031,2595300,TAEE11.SA,utilities,0.009110392743064244
2025-10-29,35.02764129638672,1576100,TAEE11.SA,utilities,-0.00026544074704915044
2025-10-30,35.46490478515625,2049100,TAEE11.SA,utilities,0.012483383767397438
2025-10-31,35.44629669189453,2571300,TAEE11.SA,utilities,-0.0005246903487954313
2025-11-03,35.9207763671875,1683200,TAEE11.SA,utilities,0.013385874395207775
2025-11-04,36.73017883300781,2780200,TAEE11.SA,utilities,0.02253298919673896
2025-11-05,37.232566833496094,3756500,TAEE11.SA,utilities,0.013677798923124485
2025-11-06,37.4372444152832,2389600,TAEE11.SA,utilities,0.005497272930508057
2025-11-07,37.725650787353516,1404400,TAEE11.SA,utilities,0.007703728641752727
2025-11-10,38.0977897644043,2450700,TAEE11.SA,utilities,0.009864348772891995
2025-11-11,39.4840087890625,6207600,TAEE11.SA,utilities,0.036385812227705205
2025-11-12,41.76336669921875,7080900,TAEE11.SA,utilities,0.05772863445384657
2025-11-13,41.81918716430664,4314900,TAEE11.SA,utilities,0.0013365892048384787
2025-11-14,41.86570358276367,2561400,TAEE11.SA,utilities,0.0011123223958005024
2025-11-17,42.75729751586914,3407900,TAEE11.SA,utilities,0.021296523330675443
2025-11-18,42.19670486450195,2666900,TAEE11.SA,utilities,-0.013111040312104083
2025-11-19,41.037506103515625,3187700,TAEE11.SA,utilities,-0.027471310015998562
2025-11-21,40.31538009643555,2824200,TAEE11.SA,utilities,-0.017596732249239078
2025-11-24,40.79996109008789,2305800,TAEE11.SA,utilities,0.012019755053610082
2025-11-25,40.75245666503906,1449600,TAEE11.SA,utilities,-0.0011643252537407722
2025-11-26,41.313053131103516,1855700,TAEE11.SA,utilities,0.013756139186214433
2025-11-27,41.32255554199219,694300,TAEE11.SA,utilities,0.0002300098919951754
2025-11-28,41.35105895996094,1772800,TAEE11.SA,utilities,0.0006897786836970177
2025-12-01,40.38188934326172,2519900,TAEE11.SA,utilities,-0.023437600900079403
2025-12-02,40.38188934326172,3008200,TAEE11.SA,utilities,0.0
2025-12-03,39.89731216430664,2732800,TAEE11.SA,utilities,-0.011999863969612279
2025-12-04,40.19186019897461,2513600,TAEE11.SA,utilities,0.007382653584656174
2025-12-05,39.15618133544922,4320900,TAEE11.SA,utilities,-0.025768373456668603
2025-12-08,39.45073318481445,2587800,TAEE11.SA,utilities,0.007522486599033318
2025-12-09,39.270206451416016,1906600,TAEE11.SA,utilities,-0.004576004520694843
2025-12-10,39.74528884887695,2394900,TAEE11.SA,utilities,0.012097782018250847
2025-12-11,39.4697380065918,1689500,TAEE11.SA,utilities,-0.006932918347451911
2025-12-12,39.68827438354492,1037600,TAEE11.SA,utilities,0.0055368084003148965
2025-12-15,40.38188934326172,3308000,TAEE11.SA,utilities,0.017476571367496252
2025-12-16,39.25120162963867,2580000,TAEE11.SA,utilities,-0.027999871526856124
2025-12-17,38.57658386230469,4514100,TAEE11.SA,utilities,-0.017187187635666623
2025-12-18,38.32954025268555,2927700,TAEE11.SA,utilities,-0.006403978395312038
2025-12-19,38.84263229370117,1682800,TAEE11.SA,utilities,0.013386334342470274
2025-12-22,38.30104064941406,1478500,TAEE11.SA,utilities,-0.013943227127141355
2025-12-23,38.73811340332031,1327000,TAEE11.SA,utilities,0.0114115111886115
2025-12-26,39.298709869384766,1562900,TAEE11.SA,utilities,0.01447144470428463
2025-12-29,39.42223358154297,1749200,TAEE11.SA,utilities,0.0031432001856741554
2025-12-30,40.011329650878906,2970000,TAEE11.SA,utilities,0.014943244352642271
2026-01-02,39.8783073425293,1403100,TAEE11.SA,utilities,-0.003324616040264128
2026-01-05,40.134857177734375,1804100,TAEE11.SA,utilities,0.006433318069432481
2026-01-06,39.982826232910156,1445400,TAEE11.SA,utilities,-0.003788002636983645
2026-01-07,39.289207458496094,1710400,TAEE11.SA,utilities,-0.017347917587755224
2026-01-08,38.51957702636719,3521700,TAEE11.SA,utilities,-0.01958885103350383
2026-01-09,38.072998046875,2397400,TAEE11.SA,utilities,-0.011593558755499833
2026-01-12,38.10150146484375,1752300,TAEE11.SA,utilities,0.00074865178554262
2026-01-13,37.67393493652344,2253900,TAEE11.SA,utilities,-0.011221776357418056
2026-01-14,37.79745101928711,1794100,TAEE11.SA,utilities,0.00327855539836186
2026-01-15,37.8924674987793,1711300,TAEE11.SA,utilities,0.0025138329948148908
2026-01-16,37.531410217285156,1675400,TAEE11.SA,utilities,-0.009528471100642144
2026-01-19,37.86396408081055,1020900,TAEE11.SA,utilities,0.008860681269371229
2026-01-20,38.063499450683594,1196100,TAEE11.SA,utilities,0.005269796090213719
2026-01-21,38.68110656738281,2094100,TAEE11.SA,utilities,0.016225705087873354
2026-01-22,40.11585235595703,2681700,TAEE11.SA,utilities,0.03709164281727251
2026-01-23,40.88547897338867,2885200,TAEE11.SA,utilities,0.019185099461493937
2026-01-26,41.12302017211914,1718300,TAEE11.SA,utilities,0.005809916006733751
2026-01-27,41.959163665771484,1994100,TAEE11.SA,utilities,0.020332735537241353
2026-01-28,41.09451675415039,2815300,TAEE11.SA,utilities,-0.020606867155610997
2026-01-29,40.50541687011719,2210700,TAEE11.SA,utilities,-0.0143352430096092
2026-01-30,39.55525207519531,2204200,TAEE11.SA,utilities,-0.023457721666428677
2026-02-02,40.163360595703125,2429000,TAEE11.SA,utilities,0.015373647963405457
2026-02-03,40.26787567138672,1651200,TAEE11.SA,utilities,0.002602249267327883
2026-02-04,39.41272735595703,2313000,TAEE11.SA,utilities,-0.021236489414248716
2026-02-05,39.62176513671875,1201000,TAEE11.SA,utilities,0.00530381414292358
2026-02-06,39.44123077392578,1362200,TAEE11.SA,utilities,-0.00455644422125101
2026-02-09,40.33438491821289,1463100,TAEE11.SA,utilities,0.022645189482209727
2026-02-10,40.45791244506836,1386400,TAEE11.SA,utilities,0.003062586106270082
2026-02-11,42.206207275390625,2846300,TAEE11.SA,utilities,0.04321268015733648
2026-02-12,41.683616638183594,1832100,TAEE11.SA,utilities,-0.0123818431207805
2026-02-13,41.42707061767578,1716700,TAEE11.SA,utilities,-0.006154600804787358
2026-02-18,41.50308609008789,1148900,TAEE11.SA,utilities,0.0018349227034091253
2026-02-19,42.33922576904297,1300100,TAEE11.SA,utilities,0.020146445908627797
2026-02-20,42.76679992675781,2196400,TAEE11.SA,utilities,0.010098771291833009
2026-02-23,42.785804748535156,5077500,TAEE11.SA,utilities,0.00044438260075319036
2026-02-24,42.75729751586914,3270900,TAEE11.SA,utilities,-0.0006662778188598617
2026-02-25,41.82613754272461,1507500,TAEE11.SA,utilities,-0.021777802322490936
2026-02-26,42.42474365234375,1463600,TAEE11.SA,utilities,0.014311771174368548
2026-02-27,41.97816848754883,1631300,TAEE11.SA,utilities,-0.010526290234172175
2026-03-02,41.41756820678711,2344800,TAEE11.SA,utilities,-0.013354567408723428
2026-03-03,40.09684371948242,2606500,TAEE11.SA,utilities,-0.03188802589062334
2026-03-04,41.037506103515625,1388700,TAEE11.SA,utilities,0.02345976133717853
2026-03-05,40.305877685546875,2943600,TAEE11.SA,utilities,-0.017828286546537342
2026-03-06,40.543418884277344,2434100,TAEE11.SA,utilities,0.0058934629977216435
2026-03-09,40.67644500732422,1439900,TAEE11.SA,utilities,0.003281078081416089
2026-03-10,40.62893295288086,2591300,TAEE11.SA,utilities,-0.001168048349230233
2026-03-11,40.68594741821289,1434300,TAEE11.SA,utilities,0.0014032971379818182
2026-03-12,40.011329650878906,1799800,TAEE11.SA,utilities,-0.016581100113008396
2026-03-13,40.09684371948242,1756900,TAEE11.SA,utilities,0.0021372463587108204
2026-03-16,40.50541687011719,1291500,TAEE11.SA,utilities,0.010189658654759626
2026-03-17,40.21086502075195,1346900,TAEE11.SA,utilities,-0.007271912552084814
2026-03-18,39.764286041259766,3213100,TAEE11.SA,utilities,-0.011105928192833403
2026-03-19,40.03033447265625,2068800,TAEE11.SA,utilities,0.006690637702395419
2026-03-20,38.79512405395508,3642800,TAEE11.SA,utilities,-0.030856859803280234
2026-03-23,40.34388732910156,1855500,TAEE11.SA,utilities,0.03992159615194191
2026-03-24,39.89731216430664,1461800,TAEE11.SA,utilities,-0.011069215049903991
2026-03-25,40.52442169189453,1755000,TAEE11.SA,utilities,0.01571808960476595
2026-03-26,39.72628402709961,1083300,TAEE11.SA,utilities,-0.019695226519532594
2026-03-27,39.0611686706543,1437300,TAEE11.SA,utilities,-0.01674245081648207
2026-03-30,39.5362548828125,1299200,TAEE11.SA,utilities,0.012162621558098108
2026-03-31,40.86647415161133,2508900,TAEE11.SA,utilities,0.033645555775114966
2026-04-01,40.657440185546875,2098800,TAEE11.SA,utilities,-0.005115047735436029
2026-04-02,40.69544982910156,1803700,TAEE11.SA,utilities,0.0009348754712845686
2026-04-06,40.79996109008789,817100,TAEE11.SA,utilities,0.0025681313617422763
2026-04-07,40.733455657958984,2872400,TAEE11.SA,utilities,-0.0016300366557228108
2026-04-08,41.911659240722656,5496400,TAEE11.SA,utilities,0.028924714678202346
2026-04-09,42.66228103637695,1816000,TAEE11.SA,utilities,0.017909617735319072
2026-04-10,42.96633529663086,1381100,TAEE11.SA,utilities,0.007127004296714645
2026-04-13,42.909324645996094,2085700,TAEE11.SA,utilities,-0.0013268678895040908
2026-04-14,43.137367248535156,2175000,TAEE11.SA,utilities,0.00531452322823589
2026-04-15,43.298892974853516,1353700,TAEE11.SA,utilities,0.003744450267159971
2026-04-16,42.092185974121094,1804500,TAEE11.SA,utilities,-0.027869234472882143
2026-04-17,42.76679992675781,2277900,TAEE11.SA,utilities,0.016027059109058328
2026-04-20,43.574440002441406,1957900,TAEE11.SA,utilities,0.018884744172272816
2026-04-22,42.96633529663086,4496600,TAEE11.SA,utilities,-0.013955536910548405
2026-04-23,42.43424606323242,2598100,TAEE11.SA,utilities,-0.012383863546309049
2026-04-24,41.911659240722656,1798200,TAEE11.SA,utilities,-0.012315214030927835
2026-04-27,41.43657302856445,3975100,TAEE11.SA,utilities,-0.011335418849192092
2026-04-28,40.9900016784668,1447300,TAEE11.SA,utilities,-0.01077722691473082
2026-04-29,40.44840621948242,1692000,TAEE11.SA,utilities,-0.013212867450768884
2026-04-30,41.282264709472656,1592000,TAEE11.SA,utilities,0.020615360849214337
2026-05-04,40.29195785522461,2248800,TAEE11.SA,utilities,-0.023988675553955563
2026-05-05,40.185157775878906,1702800,TAEE11.SA,utilities,-0.002650654994960866
2026-05-06,40.990997314453125,1295700,TAEE11.SA,utilities,0.02005316348559716
2026-05-07,39.65116882324219,3666800,TAEE11.SA,utilities,-0.032685920787258405
2026-05-08,39.76767349243164,2857100,TAEE11.SA,utilities,0.0029382404768143466
2026-05-11,40.19486618041992,3066200,TAEE11.SA,utilities,0.010742209701293692
2026-05-12,39.14080810546875,1913700,TAEE11.SA,utilities,-0.026223699071913686
2026-05-13,38.048370361328125,2169600,TAEE11.SA,utilities,-0.02791045451072305
2026-05-14,37.99916076660156,1714400,TAEE11.SA,utilities,-0.0012933430330719364
2026-05-15,37.68422317504883,2049900,TAEE11.SA,utilities,-0.008288014398190158
2026-05-18,37.94010925292969,2590500,TAEE11.SA,utilities,0.00679027073723204
2026-05-19,37.448020935058594,1970900,TAEE11.SA,utilities,-0.01297013444506867
2026-05-20,37.949954986572266,1352600,TAEE11.SA,utilities,0.013403486725883651
2026-05-21,37.812164306640625,2049800,TAEE11.SA,utilities,-0.003630852262681117
2026-05-22,38.11726379394531,1107000,TAEE11.SA,utilities,0.008068818405380318
2026-05-25,38.88492202758789,1156600,TAEE11.SA,utilities,0.0201393845526896
2026-05-26,38.382991790771484,2060600,TAEE11.SA,utilities,-0.01290809420834893
2026-05-27,38.747135162353516,2327700,TAEE11.SA,utilities,0.009487102349056142
2026-05-28,38.599510192871094,1694700,TAEE11.SA,utilities,-0.003809958306952521
2026-05-29,38.54045867919922,1822000,TAEE11.SA,utilities,-0.001529851373160196
2026-06-01,38.284576416015625,1234000,TAEE11.SA,utilities,-0.00663931546101959
2026-06-02,38.62903594970703,1199100,TAEE11.SA,utilities,0.008997344777917027
2026-06-03,38.17631530761719,1435200,TAEE11.SA,utilities,-0.011719698174172954
2026-06-05,37.98931884765625,1211500,TAEE11.SA,utilities,-0.004898232279730408
2026-06-08,38.20583724975586,936100,TAEE11.SA,utilities,0.005699454706410645
2026-06-09,38.61919403076172,1586100,TAEE11.SA,utilities,0.010819204884942035
2026-06-10,38.37314987182617,1084800,TAEE11.SA,utilities,-0.0063710329827070256
2026-06-11,39.07191848754883,2057000,TAEE11.SA,utilities,0.018209832084587374
2026-06-12,39.06207275390625,1026300,TAEE11.SA,utilities,-0.0002519900231087169
2026-06-15,38.88492202758789,1717000,TAEE11.SA,utilities,-0.0045351081964959405
2026-06-16,38.77666473388672,829300,TAEE11.SA,utilities,-0.0027840429672036926
2026-06-17,38.264888763427734,1154300,TAEE11.SA,utilities,-0.013198039954471552
2026-06-18,38.82587432861328,1894800,TAEE11.SA,utilities,0.014660582672899825
2026-06-19,38.678245544433594,1049500,TAEE11.SA,utilities,-0.003802329934161741
2026-06-22,39.28843307495117,1672000,TAEE11.SA,utilities,0.015775987817663317
2026-06-23,39.160491943359375,1897500,TAEE11.SA,utilities,-0.003256457984662342
2026-06-24,39.09160232543945,1385600,TAEE11.SA,utilities,-0.001759161197963599
2026-06-25,39.24906921386719,1564300,TAEE11.SA,utilities,0.004028151292362336
2026-06-26,39.09160232543945,1708600,TAEE11.SA,utilities,-0.004011990388095632
2026-06-29,39.48527145385742,902000,TAEE11.SA,utilities,0.010070427022680128
2026-06-30,39.15065002441406,1512000,TAEE11.SA,utilities,-0.008474588552199736
2026-07-01,39.21954345703125,1858400,TAEE11.SA,utilities,0.0017597008625456212
2026-07-02,40.24308776855469,2213800,TAEE11.SA,utilities,0.02609781301112868
2026-07-03,40.42024230957031,1084500,TAEE11.SA,utilities,0.004402111041639678
2026-07-06,39.63290023803711,993700,TAEE11.SA,utilities,-0.019478905284711412
2026-07-07,39.76084518432617,1459600,TAEE11.SA,utilities,0.0032282509107488533
2026-07-08,39.160491943359375,1378100,TAEE11.SA,utilities,-0.015099106625717784
2026-07-09,39.67226791381836,1236500,TAEE11.SA,utilities,0.013068680832692303
2026-07-10,41.109169006347656,1952900,TAEE11.SA,utilities,0.036219282841372546
2026-07-13,40.6958122253418,1825300,TAEE11.SA,utilities,-0.010055099409624013
2026-07-14,40.607234954833984,1137900,TAEE11.SA,utilities,-0.0021765696680862145
2026-07-15,40.272613525390625,1919600,TAEE11.SA,utilities,-0.008240438675904627
2026-07-16,40.38087463378906,3122800,TAEE11.SA,utilities,0.0026882066725115727
2026-07-17,40.24308776855469,2360400,TAEE11.SA,utilities,-0.0034121812982991218
2026-07-20,40.49897766113281,2700500,TAEE11.SA,utilities,0.006358604837923831
2026-07-21,40.47929382324219,1500400,TAEE11.SA,utilities,-0.000486032957555782
2026-07-22,40.93201446533203,1758000,TAEE11.SA,utilities,0.011184005434153654
2026-07-23,40.76470184326172,968200,TAEE11.SA,utilities,-0.004087573608477557
2026-07-24,39.66242218017578,1496700,TAEE11.SA,utilities,-0.02704005213442129
2026-07-27,39.317962646484375,2970400,TAEE11.SA,utilities,-0.008684783095863846
2026-07-28,39.17033386230469,1488100,TAEE11.SA,utilities,-0.0037547414525784806
2026-07-29,38.43219757080078,1953900,TAEE11.SA,utilities,-0.018844268575771483
2026-07-30,39.239227294921875,2284200,TAEE11.SA,utilities,0.020998792031976965
2026-07-31,39.03255081176758,1166600,TAEE11.SA,utilities,-0.005267088508163487
2026-08-03,39.36717224121094,1238600,TAEE11.SA,utilities,0.008572881415233491
2026-08-04,39.2589111328125,1083300,TAEE11.SA,utilities,-0.0027500351748684926
2026-08-05,39.42622375488281,1723100,TAEE11.SA,utilities,0.004261774390642126
2026-08-06,38.91444778442383,2275700,TAEE11.SA,utilities,-0.012980598234331397
2026-08-07,38.62903594970703,1959400,TAEE11.SA,utilities,-0.007334341124353272
2026-08-10,37.890899658203125,2156400,TAEE11.SA,utilities,-0.019108328058326962
2026-08-11,37.69406509399414,2729100,TAEE11.SA,utilities,-0.0051947714618691965
2026-08-12,37.10355758666992,4112700,TAEE11.SA,utilities,-0.015665795287712392
2026-08-13,37.60548782348633,6109000,TAEE11.SA,utilities,0.013527819688016418
2026-08-14,37.339759826660156,3663700,TAEE11.SA,utilities,-0.007066202626421214
2026-08-17,37.25,2058200,TAEE11.SA,utilities,-0.002403867273834681
2026-08-18,36.90999984741211,1888600,TAEE11.SA,utilities,-0.009127520874842698
2026-08-19,37.16999816894531,1947600,TAEE11.SA,utilities,0.00704411602839472
2026-08-20,37.45000076293945,2680200,TAEE11.SA,utilities,0.007533026843893564
2026-08-21,37.56999969482422,1875700,TAEE11.SA,utilities,0.0032042437767723086
2026-08-24,37.779998779296875,978800,TAEE11.SA,utilities,0.005589541820028021
2026-08-25,38.86000061035156,1555100,TAEE11.SA,utilities,0.02858660312203387
2026-08-26,39.040000915527344,10100,TAEE11.SA,utilities,0.004632020132491421
2025-08-26,51.216373443603516,18891500,VALE3.SA,commodities,
2025-08-27,51.18864059448242,8789100,VALE3.SA,commodities,-0.0005414840461446246
2025-08-28,51.20712661743164,22059500,VALE3.SA,commodities,0.00036113525841918737
2025-08-29,51.355018615722656,13885400,VALE3.SA,commodities,0.0028881135900460375
2025-09-01,51.391990661621094,7765400,VALE3.SA,commodities,0.0007199305324974148
2025-09-02,51.19788360595703,9578500,VALE3.SA,commodities,-0.003776990405803038
2025-09-03,51.391990661621094,11832100,VALE3.SA,commodities,0.00379131014785683
2025-09-04,51.4936637878418,8442100,VALE3.SA,commodities,0.0019783846648429027
2025-09-05,51.96506881713867,14014700,VALE3.SA,commodities,0.009154622037365723
2025-09-08,52.0944709777832,9701900,VALE3.SA,commodities,0.0024901758737179147
2025-09-09,51.93733596801758,24300300,VALE3.SA,commodities,-0.0030163471634568895
2025-09-10,52.297821044921875,13463700,VALE3.SA,commodities,0.006940769490492826
2025-09-11,52.70452117919922,14107200,VALE3.SA,commodities,0.007776617192674307
2025-09-12,52.68603515625,12303800,VALE3.SA,commodities,-0.0003507483330769112
2025-09-15,53.148189544677734,12457500,VALE3.SA,commodities,0.008771857420227791
2025-09-16,53.33305358886719,15618500,VALE3.SA,commodities,0.0034782754741635724
2025-09-17,53.42548751831055,23116700,VALE3.SA,commodities,0.0017331452677717962
2025-09-18,53.32381057739258,17700400,VALE3.SA,commodities,-0.0019031541992596823
2025-09-19,53.53640365600586,25374600,VALE3.SA,commodities,0.0039868320795404255
2025-09-22,53.6103515625,21947300,VALE3.SA,commodities,0.0013812639894394962
2025-09-23,53.30532455444336,17652400,VALE3.SA,commodities,-0.005689703558482195
2025-09-24,53.50867462158203,13005700,VALE3.SA,commodities,0.003814817165797013
2025-09-25,53.8044548034668,13631100,VALE3.SA,commodities,0.005527705254831039
2025-09-26,52.769222259521484,29037000,VALE3.SA,commodities,-0.01924064740971243
2025-09-29,52.94483947753906,15580200,VALE3.SA,commodities,0.0033280236186519208
2025-09-30,53.222137451171875,18280700,VALE3.SA,commodities,0.005237488230565912
2025-10-01,53.896888732910156,18278300,VALE3.SA,commodities,0.012678019223811177
2025-10-02,54.25736999511719,14824500,VALE3.SA,commodities,0.006688350119677944
2025-10-03,54.155696868896484,19240200,VALE3.SA,commodities,-0.0018739044341783417
2025-10-06,55.080013275146484,26102900,VALE3.SA,commodities,0.017067759436050434
2025-10-07,54.303585052490234,26072300,VALE3.SA,commodities,-0.014096369562906275
2025-10-08,54.71953201293945,24609500,VALE3.SA,commodities,0.007659659303288491
2025-10-09,54.63634490966797,18184600,VALE3.SA,commodities,-0.0015202451521664218
2025-10-10,54.41450500488281,22970400,VALE3.SA,commodities,-0.004060299149804658
2025-10-13,55.227901458740234,23294500,VALE3.SA,commodities,0.014948154977876493
2025-10-14,55.227901458740234,19329000,VALE3.SA,commodities,0.0
2025-10-15,56.2538948059082,45104600,VALE3.SA,commodities,0.018577445821193583
2025-10-16,55.73627853393555,21358500,VALE3.SA,commodities,-0.00920142994113704
2025-10-17,55.57914352416992,17325300,VALE3.SA,commodities,-0.002819259087596837
2025-10-20,56.290870666503906,17798400,VALE3.SA,commodities,0.012805651494512071
2025-10-21,56.19843292236328,13432700,VALE3.SA,commodities,-0.0016421445084456865
2025-10-22,57.19669723510742,25267300,VALE3.SA,commodities,0.01776320549939925
2025-10-23,57.085777282714844,11217700,VALE3.SA,commodities,-0.0019392719816782034
2025-10-24,57.058048248291016,11127600,VALE3.SA,commodities,-0.0004857433102206654
2025-10-27,56.99334716796875,12018100,VALE3.SA,commodities,-0.001133951866715055
2025-10-28,57.49247741699219,15797400,VALE3.SA,commodities,0.00875769320149633
2025-10-29,58.536956787109375,30844900,VALE3.SA,commodities,0.018167235385276426
2025-10-30,58.980628967285156,25586000,VALE3.SA,commodities,0.007579351652825972
2025-10-31,60.32088851928711,38988400,VALE3.SA,commodities,0.02272372430523517
2025-11-03,60.404075622558594,16985400,VALE3.SA,commodities,0.001379076225723752
2025-11-04,59.72932815551758,22055700,VALE3.SA,commodities,-0.01117056192130561
2025-11-05,60.75532150268555,22505400,VALE3.SA,commodities,0.017177379670110904
2025-11-06,60.542720794677734,15939100,VALE3.SA,commodities,-0.0034992936050616263
2025-11-07,59.87721252441406,20800300,VALE3.SA,commodities,-0.010992374665827365
2025-11-10,60.2746696472168,12689400,VALE3.SA,commodities,0.006637869500699889
2025-11-11,60.11753845214844,25496500,VALE3.SA,commodities,-0.0026069192247429873
2025-11-12,60.78304672241211,26550300,VALE3.SA,commodities,0.011070118427975784
2025-11-13,60.69985580444336,19058500,VALE3.SA,commodities,-0.0013686533080295993
2025-11-14,60.33012771606445,16374400,VALE3.SA,commodities,-0.006091086765841025
2025-11-17,60.28391647338867,20150800,VALE3.SA,commodities,-0.0007659728965478951
2025-11-18,60.09904861450195,22468700,VALE3.SA,commodities,-0.0030666199162479035
2025-11-19,60.03434753417969,16523800,VALE3.SA,commodities,-0.001076574119122653
2025-11-21,60.228458404541016,20272600,VALE3.SA,commodities,0.003233330224015729
2025-11-24,60.16374969482422,20462800,VALE3.SA,commodities,-0.0010743876139442943
2025-11-25,60.635154724121094,18275300,VALE3.SA,commodities,0.007835366507041863
2025-11-26,61.540985107421875,33408500,VALE3.SA,commodities,0.014939029799167614
2025-11-27,61.309906005859375,9739100,VALE3.SA,commodities,-0.0037548814202298386
2025-11-28,62.29892349243164,46007200,VALE3.SA,commodities,0.016131446792264637
2025-12-01,62.77956771850586,15657000,VALE3.SA,commodities,0.007715128916033542
2025-12-02,63.29719161987305,22567200,VALE3.SA,commodities,0.008245101394901866
2025-12-03,65.33992767333984,42361200,VALE3.SA,commodities,0.03227214353733587
2025-12-04,66.47683715820312,38019900,VALE3.SA,commodities,0.017399919549148324
2025-12-05,64.90550231933594,40196800,VALE3.SA,commodities,-0.023637328519822476
2025-12-08,64.46182250976562,20860900,VALE3.SA,commodities,-0.006835781154383547
2025-12-09,64.49879455566406,23081300,VALE3.SA,commodities,0.0005735494973453381
2025-12-10,65.68191528320312,24454800,VALE3.SA,commodities,0.018343299835130944
2025-12-11,66.55078125,25687700,VALE3.SA,commodities,0.013228389626741999
2025-12-12,66.73731231689453,36483700,VALE3.SA,commodities,0.0028028381243763167
2025-12-15,67.1458511352539,16841700,VALE3.SA,commodities,0.006121595314169559
2025-12-16,67.39875793457031,21953000,VALE3.SA,commodities,0.003766529056381529
2025-12-17,68.25473022460938,29375000,VALE3.SA,commodities,0.012700119650128183
2025-12-18,68.42981719970703,18430200,VALE3.SA,commodities,0.0025651991374295857
2025-12-19,68.91617584228516,37147100,VALE3.SA,commodities,0.00710740818083333
2025-12-22,70.92967224121094,27853000,VALE3.SA,commodities,0.029216600809854443
2025-12-23,70.91022491455078,17140900,VALE3.SA,commodities,-0.0002741775909244071
2025-12-26,71.12422180175781,16368800,VALE3.SA,commodities,0.003017856556863263
2025-12-29,70.1515121459961,19963700,VALE3.SA,commodities,-0.013676208064151707
2025-12-30,69.99588012695312,17085400,VALE3.SA,commodities,-0.0022185126775182695
2026-01-02,70.40441131591797,28418900,VALE3.SA,commodities,0.005836503351681399
2026-01-05,71.12422180175781,24958100,VALE3.SA,commodities,0.010223940125142494
2026-01-06,73.79915618896484,39536600,VALE3.SA,commodities,0.03760933082210438
2026-01-07,74.23686981201172,41501600,VALE3.SA,commodities,0.0059311467183458255
2026-01-08,73.51707458496094,31894900,VALE3.SA,commodities,-0.009695926415991152
2026-01-09,72.68054962158203,24801200,VALE3.SA,commodities,-0.01137864867585514
2026-01-12,72.69999694824219,13129800,VALE3.SA,commodities,0.0002675726416683233
2026-01-13,73.29335021972656,24539200,VALE3.SA,commodities,0.008161668451056592
2026-01-14,76.76590728759766,44225300,VALE3.SA,commodities,0.04737888304274129
2026-01-15,76.69781494140625,35503900,VALE3.SA,commodities,-0.0008870128498097429
2026-01-16,76.72699737548828,45910100,VALE3.SA,commodities,0.0003804858600511274
2026-01-19,76.42546081542969,10678500,VALE3.SA,commodities,-0.003929992966920426
2026-01-20,77.89424896240234,31198500,VALE3.SA,commodities,0.01921857102726321
2026-01-21,80.2481918334961,83134600,VALE3.SA,commodities,0.03021972613446655
2026-01-22,80.71509552001953,62515300,VALE3.SA,commodities,0.005818245568600444
2026-01-23,82.69940948486328,25432600,VALE3.SA,commodities,0.02458417415056635
2026-01-26,80.8026351928711,35741300,VALE3.SA,commodities,-0.022935765851379575
2026-01-27,82.58268737792969,30922500,VALE3.SA,commodities,0.022029630355615337
2026-01-28,84.59618377685547,28473800,VALE3.SA,commodities,0.02438158000007018
2026-01-29,85.02417755126953,42013200,VALE3.SA,commodities,0.005059256284456248
2026-01-30,82.01851654052734,41681400,VALE3.SA,commodities,-0.03535066256806518
2026-02-02,82.50486755371094,22289400,VALE3.SA,commodities,0.00592977090658886
2026-02-03,86.56105041503906,37709700,VALE3.SA,commodities,0.049162952218395395
2026-02-04,86.98904418945312,51744400,VALE3.SA,commodities,0.0049444152117139595
2026-02-05,84.09037780761719,57049000,VALE3.SA,commodities,-0.03332220061555047
2026-02-06,83.29275512695312,28889600,VALE3.SA,commodities,-0.009485302616773494
2026-02-09,84.9269027709961,26531100,VALE3.SA,commodities,0.019619325132806953
2026-02-10,84.67400360107422,14177200,VALE3.SA,commodities,-0.0029778452018179857
2026-02-11,87.63101959228516,28395300,VALE3.SA,commodities,0.03492235946634059
2026-02-12,86.79450225830078,51472200,VALE3.SA,commodities,-0.009545904382676107
2026-02-13,84.65454864501953,28644800,VALE3.SA,commodities,-0.024655405095967198
2026-02-18,81.62943267822266,20898700,VALE3.SA,commodities,-0.03573483073522776
2026-02-19,81.18199157714844,28410900,VALE3.SA,commodities,-0.00548136972650537
2026-02-20,84.4405517578125,40577200,VALE3.SA,commodities,0.04013895344717433
2026-02-23,85.00472259521484,21193900,VALE3.SA,commodities,0.006681278433855686
2026-02-24,85.33544158935547,19760700,VALE3.SA,commodities,0.003890595534503216
2026-02-25,87.5143051147461,28707500,VALE3.SA,commodities,0.025532926118500443
2026-02-26,86.7750473022461,24503100,VALE3.SA,commodities,-0.008447279693653553
2026-02-27,86.05524444580078,17328300,VALE3.SA,commodities,-0.008295044241672045
2026-03-02,85.75370788574219,13952600,VALE3.SA,commodities,-0.0035039881880587487
2026-03-03,82.17415618896484,36088800,VALE3.SA,commodities,-0.04174223814959377
2026-03-04,81.79479217529297,17605800,VALE3.SA,commodities,-0.0046165854481000634
2026-03-05,79.07122039794922,37872100,VALE3.SA,commodities,-0.03329761840468903
2026-03-06,76.7075424194336,29504600,VALE3.SA,commodities,-0.029893025131264128
2026-03-09,77.09662628173828,30576600,VALE3.SA,commodities,0.005072302540696683
2026-03-10,78.36114501953125,17172800,VALE3.SA,commodities,0.0164017389447364
2026-03-11,77.67052459716797,20865000,VALE3.SA,commodities,-0.008813301824407316
2026-03-12,77.0771713256836,29136500,VALE3.SA,commodities,-0.00763936222346584
2026-03-13,76.16283416748047,14416400,VALE3.SA,commodities,-0.011862619534124597
2026-03-16,76.6880874633789,13591400,VALE3.SA,commodities,0.006896451551992033
2026-03-17,76.80481719970703,14222300,VALE3.SA,commodities,0.001522136490675452
2026-03-18,75.02476501464844,19412200,VALE3.SA,commodities,-0.023176309116524796
2026-03-19,74.53840637207031,27262900,VALE3.SA,commodities,-0.006482641331607808
2026-03-20,73.4878921508789,44208900,VALE3.SA,commodities,-0.01409359647357633
2026-03-23,75.37493896484375,23384500,VALE3.SA,commodities,0.02567833637261674
2026-03-24,75.9682846069336,15700300,VALE3.SA,commodities,0.007871922023931388
2026-03-25,77.37871551513672,18658300,VALE3.SA,commodities,0.018566049180928745
2026-03-26,76.75618743896484,13518900,VALE3.SA,commodities,-0.008045210779572765
2026-03-27,76.8437271118164,11101700,VALE3.SA,commodities,0.0011404901125551259
2026-03-30,77.330078125,18776700,VALE3.SA,commodities,0.006329091930638686
2026-03-31,80.22874450683594,24956400,VALE3.SA,commodities,0.037484332773469964
2026-04-01,80.73454284667969,28514000,VALE3.SA,commodities,0.006304452885968592
2026-04-02,81.26953887939453,14019800,VALE3.SA,commodities,0.00662660633046297
2026-04-06,80.82208251953125,8680700,VALE3.SA,commodities,-0.005505831164211661
2026-04-07,81.40571594238281,15312500,VALE3.SA,commodities,0.007221212379803887
2026-04-08,83.25384521484375,24942400,VALE3.SA,commodities,0.022702696623527086
2026-04-09,82.37841796875,17973100,VALE3.SA,commodities,-0.010515156913589174
2026-04-10,83.25384521484375,24002400,VALE3.SA,commodities,0.01062690043921255
2026-04-13,84.97554016113281,24661900,VALE3.SA,commodities,0.020680065189134345
2026-04-14,85.88988494873047,18528400,VALE3.SA,commodities,0.010760093855994857
2026-04-15,86.02606201171875,24527300,VALE3.SA,commodities,0.0015854842868816554
2026-04-16,85.05335998535156,13618900,VALE3.SA,commodities,-0.011307062111417854
2026-04-17,87.30030822753906,30119000,VALE3.SA,commodities,0.02641810085544516
2026-04-20,86.30815124511719,16067700,VALE3.SA,commodities,-0.011364873762368832
2026-04-22,84.83936309814453,13222100,VALE3.SA,commodities,-0.017017953991405377
2026-04-23,83.62348175048828,12637500,VALE3.SA,commodities,-0.014331570903587387
2026-04-24,83.52621459960938,11436400,VALE3.SA,commodities,-0.0011631559562316207
2026-04-27,83.16630554199219,8656600,VALE3.SA,commodities,-0.004308935336558073
2026-04-28,82.08660888671875,13687500,VALE3.SA,commodities,-0.012982380884146383
2026-04-29,77.27171325683594,43296200,VALE3.SA,commodities,-0.058656286271095315
2026-04-30,78.96421813964844,17593900,VALE3.SA,commodities,0.021903291793038848
2026-05-04,76.51300811767578,18555600,VALE3.SA,commodities,-0.03104203498396807
2026-05-05,76.25037384033203,16295600,VALE3.SA,commodities,-0.003432544136022231
2026-05-06,79.01286315917969,17424200,VALE3.SA,commodities,0.03622919049068929
2026-05-07,77.884521484375,18912100,VALE3.SA,commodities,-0.01428048079376043
2026-05-08,78.59459686279297,16782600,VALE3.SA,commodities,0.009117028196166332
2026-05-11,81.17225646972656,24868900,VALE3.SA,commodities,0.03279690601929741
2026-05-12,80.97772216796875,16503000,VALE3.SA,commodities,-0.0023965614634645638
2026-05-13,81.99906158447266,31641800,VALE3.SA,commodities,0.012612597504106038
2026-05-14,80.60809326171875,31954300,VALE3.SA,commodities,-0.016963222454942084
2026-05-15,81.22090148925781,36318900,VALE3.SA,commodities,0.007602316377207874
2026-05-18,79.59648132324219,22668800,VALE3.SA,commodities,-0.020000026301486784
2026-05-19,78.80858612060547,20334400,VALE3.SA,commodities,-0.009898618500949419
2026-05-20,79.7618408203125,15669300,VALE3.SA,commodities,0.012095822887219443
2026-05-21,80.37464141845703,15156600,VALE3.SA,commodities,0.007682879329791836
2026-05-22,80.83181762695312,11443900,VALE3.SA,commodities,0.005688065295568645
2026-05-25,81.30844116210938,7059500,VALE3.SA,commodities,0.005896484195814011
2026-05-26,80.8026351928711,10409000,VALE3.SA,commodities,-0.00622082974423066
2026-05-27,81.17225646972656,10613200,VALE3.SA,commodities,0.004574371565645219
2026-05-28,81.66834259033203,12798900,VALE3.SA,commodities,0.006111523101375083
2026-05-29,80.55945587158203,20839400,VALE3.SA,commodities,-0.01357792607978392
2026-06-01,79.47002410888672,16605900,VALE3.SA,commodities,-0.013523325733877267
2026-06-02,82.6799545288086,18457400,VALE3.SA,commodities,0.04039171317632606
2026-06-03,79.55757141113281,19308800,VALE3.SA,commodities,-0.03776469321336928
2026-06-05,76.55191040039062,23008500,VALE3.SA,commodities,-0.037779697864452344
2026-06-08,75.9391098022461,15671500,VALE3.SA,commodities,-0.008005033381131677
2026-06-09,76.35736846923828,17523500,VALE3.SA,commodities,0.005507816302842805
2026-06-10,75.5792007446289,12469100,VALE3.SA,commodities,-0.010191128115197845
2026-06-11,76.64918518066406,17725500,VALE3.SA,commodities,0.014157128224344229
2026-06-12,77.00907897949219,12112600,VALE3.SA,commodities,0.004695337569210256
2026-06-15,78.94477081298828,22329400,VALE3.SA,commodities,0.025135891237078267
2026-06-16,79.21712493896484,19713900,VALE3.SA,commodities,0.0034499324422860855
2026-06-17,77.60243225097656,20268200,VALE3.SA,commodities,-0.020383126618548353
2026-06-18,77.75807189941406,19651900,VALE3.SA,commodities,0.002005602710159149
2026-06-19,78.54595947265625,26305900,VALE3.SA,commodities,0.01013255028058535
2026-06-22,78.70159149169922,18089300,VALE3.SA,commodities,0.001981413430911738
2026-06-23,77.21334838867188,18415100,VALE3.SA,commodities,-0.018909949275731086
2026-06-24,75.60839080810547,22558900,VALE3.SA,commodities,-0.020786011927464543
2026-06-25,76.51300811767578,13882800,VALE3.SA,commodities,0.011964509492950803
2026-06-26,76.01692199707031,25251100,VALE3.SA,commodities,-0.006483683399853946
2026-06-29,75.99746704101562,11791900,VALE3.SA,commodities,-0.0002559292792128076
2026-06-30,75.75428771972656,11289500,VALE3.SA,commodities,-0.003199834557088832
2026-07-01,75.84183502197266,15414700,VALE3.SA,commodities,0.001155674548350305
2026-07-02,76.1044692993164,17199300,VALE3.SA,commodities,0.0034629209230980784
2026-07-03,76.6880874633789,7793500,VALE3.SA,commodities,0.007668645080056269
2026-07-06,75.666748046875,12389100,VALE3.SA,commodities,-0.013318097377139959
2026-07-07,74.12014770507812,16866100,VALE3.SA,commodities,-0.0204396301112183
2026-07-08,70.7156753540039,29276700,VALE3.SA,commodities,-0.04593180743001912
2026-07-09,71.15339660644531,18980500,VALE3.SA,commodities,0.006189875869107686
2026-07-10,72.15528106689453,22142400,VALE3.SA,commodities,0.014080627323959094
2026-07-13,70.86158752441406,16237900,VALE3.SA,commodities,-0.017929298082576928
2026-07-14,71.98992919921875,14780100,VALE3.SA,commodities,0.01592317804644061
2026-07-15,72.47628021240234,15456000,VALE3.SA,commodities,0.006755820134753954
2026-07-16,70.988037109375,12989700,VALE3.SA,commodities,-0.02053420924288374
2026-07-17,70.94913482666016,13491600,VALE3.SA,commodities,-0.0005480118101435227
2026-07-20,69.9666976928711,13137000,VALE3.SA,commodities,-0.013847062916120256
2026-07-21,70.39469146728516,12581400,VALE3.SA,commodities,0.006117106974132147
2026-07-22,73.0501708984375,17992800,VALE3.SA,commodities,0.037722722776424744
2026-07-23,73.61434173583984,15826900,VALE3.SA,commodities,0.007723059788411923
2026-07-24,73.18634796142578,8637800,VALE3.SA,commodities,-0.0058139998853741215
2026-07-27,73.62406921386719,10921700,VALE3.SA,commodities,0.005980913990572656
2026-07-28,73.62406921386719,12270800,VALE3.SA,commodities,0.0
2026-07-29,73.00154113769531,12265200,VALE3.SA,commodities,-0.00845549672571777
2026-07-30,74.01314544677734,16732800,VALE3.SA,commodities,0.013857300727034616
2026-07-31,74.19796752929688,17353300,VALE3.SA,commodities,0.0024971521126937457
2026-08-03,72.60272979736328,23582200,VALE3.SA,commodities,-0.021499749724326556
2026-08-04,74.22714233398438,19784000,VALE3.SA,commodities,0.022373987054686406
2026-08-05,74.56759643554688,15107500,VALE3.SA,commodities,0.004586652413892445
2026-08-06,73.33226013183594,21991700,VALE3.SA,commodities,-0.016566663842768614
2026-08-07,72.92372131347656,13038800,VALE3.SA,commodities,-0.005571065416842602
2026-08-10,73.8575210571289,15094700,VALE3.SA,commodities,0.012805157592523653
2026-08-11,72.36927795410156,36211800,VALE3.SA,commodities,-0.02015019028158538
2026-08-12,73.18000030517578,24930300,VALE3.SA,commodities,0.011202576203515502
2026-08-13,71.9000015258789,19535200,VALE3.SA,commodities,-0.01749110103797502
2026-08-14,71.30000305175781,22933800,VALE3.SA,commodities,-0.008344902105532404
2026-08-17,71.41000366210938,10007400,VALE3.SA,commodities,0.0015427854928942164
2026-08-18,71.55000305175781,12466800,VALE3.SA,commodities,0.0019605010848462445
2026-08-19,72.12999725341797,18624200,VALE3.SA,commodities,0.008106138042238697
2026-08-20,74.0199966430664,24999800,VALE3.SA,commodities,0.02620268212416832
2026-08-21,75.02999877929688,28372500,VALE3.SA,commodities,0.01364499030040256
2026-08-24,77.12999725341797,28776400,VALE3.SA,commodities,0.02798878459665577
2026-08-25,78.69999694824219,18033600,VALE3.SA,commodities,0.020355241160787685
2025-08-26,36.012691497802734,13465700,WEGE3.SA,industria,
2025-08-27,36.156394958496094,7509800,WEGE3.SA,industria,0.003990356030515674
2025-08-28,36.233036041259766,11601700,WEGE3.SA,industria,0.0021197102988737004
2025-08-29,36.07975387573242,12724500,WEGE3.SA,industria,-0.004230453262398348
2025-09-01,36.22346115112305,4831500,WEGE3.SA,industria,0.003983044781446843
2025-09-02,36.098915100097656,7248500,WEGE3.SA,industria,-0.0034382703106637935
2025-09-03,36.261775970458984,8758100,WEGE3.SA,industria,0.004511517033399359
2025-09-04,35.686954498291016,8614300,WEGE3.SA,industria,-0.01585199447032748
2025-09-05,36.261775970458984,6112300,WEGE3.SA,industria,0.016107327740603194
2025-09-08,35.86898422241211,6063500,WEGE3.SA,industria,-0.01083211556893593
2025-09-09,35.42828369140625,5401000,WEGE3.SA,industria,-0.012286395630085711
2025-09-10,35.715694427490234,6369400,WEGE3.SA,industria,0.008112465695133242
2025-09-11,35.284584045410156,6560300,WEGE3.SA,industria,-0.01207061458528591
2025-09-12,35.3995475769043,4908900,WEGE3.SA,industria,0.003258180154432022
2025-09-15,34.97800827026367,6287600,WEGE3.SA,industria,-0.011908042206608571
2025-09-16,35.22710037231445,6047700,WEGE3.SA,industria,0.007121391822145107
2025-09-17,35.16960906982422,9531700,WEGE3.SA,industria,-0.001632019152374431
2025-09-18,35.18877410888672,7699800,WEGE3.SA,industria,0.0005449318195278607
2025-09-19,34.8247184753418,9696300,WEGE3.SA,industria,-0.01034578904108463
2025-09-22,35.552833557128906,17499300,WEGE3.SA,industria,0.020907996206851243
2025-09-23,35.160037994384766,6867600,WEGE3.SA,industria,-0.011048221012059933
2025-09-24,35.34206008911133,4562300,WEGE3.SA,industria,0.0051769595572004334
2025-09-25,34.8247184753418,8075800,WEGE3.SA,industria,-0.014638128407486906
2025-09-26,34.79597854614258,4491900,WEGE3.SA,industria,-0.0008252738416124616
2025-09-29,34.9499626159668,4873200,WEGE3.SA,industria,0.004425340980712011
2025-09-30,35.16136932373047,7668000,WEGE3.SA,industria,0.006048839310262677
2025-10-01,34.392608642578125,11275700,WEGE3.SA,industria,-0.021863786761953663
2025-10-02,34.71933364868164,8501800,WEGE3.SA,industria,0.00949986113292467
2025-10-03,34.97879409790039,7971200,WEGE3.SA,industria,0.007473082630104155
2025-10-06,34.28689956665039,10721600,WEGE3.SA,industria,-0.019780399784895097
2025-10-07,34.33495330810547,5190500,WEGE3.SA,industria,0.0014015190076217543
2025-10-08,34.113929748535156,6387700,WEGE3.SA,industria,-0.006437275670275522
2025-10-09,35.747554779052734,14768200,WEGE3.SA,industria,0.04788733055850081
2025-10-10,35.25746536254883,10273600,WEGE3.SA,industria,-0.01370973258263497
2025-10-13,36.36256408691406,11420200,WEGE3.SA,industria,0.0313436803525613
2025-10-14,35.87248229980469,10186200,WEGE3.SA,industria,-0.013477646569091672
2025-10-15,35.958961486816406,7314800,WEGE3.SA,industria,0.0024107388579626132
2025-10-16,36.92953109741211,10795000,WEGE3.SA,industria,0.026991035626864335
2025-10-17,38.582374572753906,28853800,WEGE3.SA,industria,0.044756687296731545
2025-10-20,37.996192932128906,12463500,WEGE3.SA,industria,-0.015192990247908433
2025-10-21,38.12111282348633,10407600,WEGE3.SA,industria,0.003287694943031827
2025-10-22,38.45745086669922,16229100,WEGE3.SA,industria,0.008822881031050889
2025-10-23,39.82200241088867,15783500,WEGE3.SA,industria,0.035482111097775215
2025-10-24,39.754737854003906,10015800,WEGE3.SA,industria,-0.0016891304508176441
2025-10-27,40.043025970458984,11591400,WEGE3.SA,industria,0.007251666896000986
2025-10-28,40.66764831542969,9574200,WEGE3.SA,industria,0.015598779808286833
2025-10-29,40.40818786621094,12072900,WEGE3.SA,industria,-0.006380020974075085
2025-10-30,39.83161926269531,11980500,WEGE3.SA,industria,-0.014268608268814487
2025-10-31,40.45623779296875,12528200,WEGE3.SA,industria,0.015681474713693744
2025-11-03,41.128910064697266,8375200,WEGE3.SA,industria,0.01662715834257389
2025-11-04,41.08085632324219,7341200,WEGE3.SA,industria,-0.0011683689497117289
2025-11-05,41.81118392944336,6623200,WEGE3.SA,industria,0.017777808730534694
2025-11-06,42.1955680847168,11139300,WEGE3.SA,industria,0.009193333437342632
2025-11-07,43.24300765991211,12825500,WEGE3.SA,industria,0.024823450014758608
2025-11-10,43.59856033325195,10066300,WEGE3.SA,industria,0.008222200364417676
2025-11-11,44.232791900634766,10291400,WEGE3.SA,industria,0.014547075924869368
2025-11-12,43.137298583984375,10226300,WEGE3.SA,industria,-0.024766542412952952
2025-11-13,43.070037841796875,10736800,WEGE3.SA,industria,-0.0015592247172490081
2025-11-14,42.704872131347656,6639800,WEGE3.SA,industria,-0.00847841629000956
2025-11-17,42.25322723388672,9531800,WEGE3.SA,industria,-0.010575957143058812
2025-11-18,41.743919372558594,7190100,WEGE3.SA,industria,-0.01205370322387267
2025-11-19,41.945716857910156,7656600,WEGE3.SA,industria,0.004834176770766252
2025-11-21,41.53251266479492,9992100,WEGE3.SA,industria,-0.009850926961504802
2025-11-24,41.50367736816406,12391300,WEGE3.SA,industria,-0.0006942824977527184
2025-11-25,41.28266143798828,4409100,WEGE3.SA,industria,-0.005325213190513933
2025-11-26,42.666439056396484,8639200,WEGE3.SA,industria,0.03351958352992357
2025-11-27,42.33009719848633,3006400,WEGE3.SA,industria,-0.007883054347834872
2025-11-28,42.52229309082031,7531800,WEGE3.SA,industria,0.00454040753633933
2025-12-01,43.415985107421875,17188500,WEGE3.SA,industria,0.021017023110508015
2025-12-02,43.829193115234375,5818500,WEGE3.SA,industria,0.009517416379937416
2025-12-03,43.29105758666992,10377300,WEGE3.SA,industria,-0.01227801586831867
2025-12-04,44.167606353759766,7415000,WEGE3.SA,industria,0.020247802108668056
2025-12-05,45.33246994018555,15748300,WEGE3.SA,industria,0.02637370875604672
2025-12-08,46.371131896972656,10859600,WEGE3.SA,industria,0.022912097182385738
2025-12-09,46.26435470581055,8650500,WEGE3.SA,industria,-0.0023026651883190086
2025-12-10,47.05063247680664,4290600,WEGE3.SA,industria,0.01699532558048067
2025-12-11,47.128292083740234,5154200,WEGE3.SA,industria,0.0016505539425399895
2025-12-12,48.069889068603516,9931700,WEGE3.SA,industria,0.019979442140406922
2025-12-15,48.22520065307617,12049800,WEGE3.SA,industria,0.0032309536693750918
2025-12-16,48.47759246826172,10274800,WEGE3.SA,industria,0.005233608399086043
2025-12-17,48.34169006347656,10202400,WEGE3.SA,industria,-0.0028034066434741156
2025-12-18,48.535831451416016,5144100,WEGE3.SA,industria,0.004016024009183994
2025-12-19,48.264034271240234,12839100,WEGE3.SA,industria,-0.005599928383793085
2025-12-22,47.44621276855469,6391700,WEGE3.SA,industria,-0.01694473980540978
2025-12-23,48.06343078613281,4886100,WEGE3.SA,industria,0.013008794202162166
2025-12-26,48.53132247924805,1829300,WEGE3.SA,industria,0.009734879209875924
2025-12-29,48.49150085449219,3845900,WEGE3.SA,industria,-0.0008205345068205139
2025-12-30,48.292396545410156,4334800,WEGE3.SA,industria,-0.004105963015652581
2026-01-02,48.033565521240234,4801300,WEGE3.SA,industria,-0.005359664102122963
2026-01-05,47.86433029174805,4531300,WEGE3.SA,industria,-0.003523270189412675
2026-01-06,47.953922271728516,5168600,WEGE3.SA,industria,0.0018717901082994093
2026-01-07,47.48603057861328,4904900,WEGE3.SA,industria,-0.009757109970357614
2026-01-08,45.50495910644531,9557100,WEGE3.SA,industria,-0.04171903711531122
2026-01-09,45.89320755004883,4871300,WEGE3.SA,industria,0.008532002911931569
2026-01-12,46.5402946472168,4361500,WEGE3.SA,industria,0.014099844654838822
2026-01-13,46.191864013671875,5294900,WEGE3.SA,industria,-0.007486644340911175
2026-01-14,46.79912567138672,6175000,WEGE3.SA,industria,0.013146506872619534
2026-01-15,46.23168182373047,4604100,WEGE3.SA,industria,-0.012125095063542757
2026-01-16,46.11222457885742,9477300,WEGE3.SA,industria,-0.0025838827436238665
2026-01-19,46.012672424316406,5052000,WEGE3.SA,industria,-0.0021589102553655204
2026-01-20,46.22172927856445,5987900,WEGE3.SA,industria,0.004543462555710365
2026-01-21,47.37652587890625,7600400,WEGE3.SA,industria,0.024983846739748516
2026-01-22,49.00917053222656,14397700,WEGE3.SA,industria,0.03446104633111613
2026-01-23,49.646297454833984,9064000,WEGE3.SA,industria,0.013000157229522413
2026-01-26,51.37849426269531,14664900,WEGE3.SA,industria,0.03489075513510764
2026-01-27,52.46360778808594,11316600,WEGE3.SA,industria,0.02111999467797765
2026-01-28,51.33867263793945,13110700,WEGE3.SA,industria,-0.021442199604159717
2026-01-29,51.836429595947266,9387700,WEGE3.SA,industria,0.00969555565875635
2026-01-30,51.48800277709961,7212600,WEGE3.SA,industria,-0.006721659295664484
2026-02-02,51.71696853637695,6846500,WEGE3.SA,industria,0.004446973021435152
2026-02-03,53.757774353027344,6917500,WEGE3.SA,industria,0.039461048750661254
2026-02-04,51.169437408447266,8893000,WEGE3.SA,industria,-0.04814814184051719
2026-02-05,51.97580337524414,7437700,WEGE3.SA,industria,0.0157587420858325
2026-02-06,51.61741638183594,5766400,WEGE3.SA,industria,-0.006895266068728034
2026-02-09,53.50889205932617,7661100,WEGE3.SA,industria,0.03664413700015867
2026-02-10,52.16495132446289,8866200,WEGE3.SA,industria,-0.025116213084233396
2026-02-11,53.349613189697266,6680100,WEGE3.SA,industria,0.02270991988214166
2026-02-12,53.787635803222656,6660500,WEGE3.SA,industria,0.008210417795680991
2026-02-13,53.55867004394531,7178500,WEGE3.SA,industria,-0.004256847430792354
2026-02-18,53.15050506591797,7766100,WEGE3.SA,industria,-0.007620894575844472
2026-02-19,51.13956832885742,11680200,WEGE3.SA,industria,-0.037834762521382514
2026-02-20,51.75679016113281,14808500,WEGE3.SA,industria,0.012069359449933037
2026-02-23,51.736881256103516,5164300,WEGE3.SA,industria,-0.00038466266874970234
2026-02-24,51.17939376831055,11974100,WEGE3.SA,industria,-0.010775436676079164
2026-02-25,50.0544548034668,10719400,WEGE3.SA,industria,-0.02198031047292892
2026-02-26,49.15849685668945,9902400,WEGE3.SA,industria,-0.017899664481317856
2026-02-27,49.4770622253418,7316400,WEGE3.SA,industria,0.006480372448755878
2026-03-02,48.471588134765625,5402000,WEGE3.SA,industria,-0.02032202490108992
2026-03-03,47.1873779296875,13648400,WEGE3.SA,industria,-0.026494081471142072
2026-03-04,47.127647399902344,6449100,WEGE3.SA,industria,-0.0012658158263033625
2026-03-05,46.50046920776367,7897500,WEGE3.SA,industria,-0.013308073429100786
2026-03-06,46.4108772277832,5517900,WEGE3.SA,industria,-0.0019266898056484738
2026-03-09,46.371055603027344,5742300,WEGE3.SA,industria,-0.0008580235310015061
2026-03-10,46.97831726074219,5655000,WEGE3.SA,industria,0.013095704849022116
2026-03-11,46.669708251953125,3420400,WEGE3.SA,industria,-0.006569179714892681
2026-03-12,45.614463806152344,7215300,WEGE3.SA,industria,-0.022610907274240755
2026-03-13,46.002716064453125,4406200,WEGE3.SA,industria,0.008511604125190031
2026-03-16,45.7637939453125,5913000,WEGE3.SA,industria,-0.005193652453169939
2026-03-17,45.99276351928711,5780200,WEGE3.SA,industria,0.005003290903901503
2026-03-18,45.95294189453125,5688200,WEGE3.SA,industria,-0.0008658237015733983
2026-03-19,46.381011962890625,5299300,WEGE3.SA,industria,0.009315400727593515
2026-03-20,45.75383758544922,10234300,WEGE3.SA,industria,-0.01352222279977866
2026-03-23,47.140743255615234,5584500,WEGE3.SA,industria,0.030312335387733258
2026-03-24,47.34028244018555,5779900,WEGE3.SA,industria,0.004232839170318803
2026-03-25,48.0685920715332,8453500,WEGE3.SA,industria,0.015384564557000102
2026-03-26,47.410118103027344,4612800,WEGE3.SA,industria,-0.013698632311217929
2026-03-27,47.30037307739258,3314900,WEGE3.SA,industria,-0.0023148017770442397
2026-03-30,48.936580657958984,8682700,WEGE3.SA,industria,0.03459185359678352
2026-03-31,50.89204788208008,11795500,WEGE3.SA,industria,0.039959212471112115
2026-04-01,50.89204788208008,12831600,WEGE3.SA,industria,0.0
2026-04-02,50.193668365478516,7547300,WEGE3.SA,industria,-0.013722763096893797
2026-04-06,50.50294876098633,2617700,WEGE3.SA,industria,0.006161741223132511
2026-04-07,50.53288269042969,3983500,WEGE3.SA,industria,0.0005927164685972652
2026-04-08,52.647979736328125,10118800,WEGE3.SA,industria,0.04185585569807615
2026-04-09,52.378604888916016,6218000,WEGE3.SA,industria,-0.0051165277140964305
2026-04-10,52.75772476196289,6331700,WEGE3.SA,industria,0.0072380674103655895
2026-04-13,51.91967010498047,5536700,WEGE3.SA,industria,-0.015884965865446854
2026-04-14,51.779991149902344,11897600,WEGE3.SA,industria,-0.0026902897263348935
2026-04-15,49.84447479248047,14915400,WEGE3.SA,industria,-0.037379619317017276
2026-04-16,48.2880859375,10979400,WEGE3.SA,industria,-0.031224902287771084
2026-04-17,48.537506103515625,9369900,WEGE3.SA,industria,0.005165252694804501
2026-04-20,48.36790084838867,4448400,WEGE3.SA,industria,-0.0034943133412177474
2026-04-22,47.08087921142578,10210700,WEGE3.SA,industria,-0.026609003375960394
2026-04-23,48.16836166381836,10526700,WEGE3.SA,industria,0.023098176385131453
2026-04-24,47.68947219848633,5113600,WEGE3.SA,industria,-0.009941991979597442
2026-04-27,48.07856750488281,5188300,WEGE3.SA,industria,0.008158935053360405
2026-04-28,47.1806526184082,6446500,WEGE3.SA,industria,-0.018675990843184276
2026-04-29,43.99802780151367,18546300,WEGE3.SA,industria,-0.0674561423012785
2026-04-30,44.75627136230469,11343400,WEGE3.SA,industria,0.017233580655288572
2026-05-04,44.25742721557617,7037600,WEGE3.SA,industria,-0.01114579323845688
2026-05-05,43.43932342529297,7527400,WEGE3.SA,industria,-0.018485118583560056
2026-05-06,44.836082458496094,6614900,WEGE3.SA,industria,0.03215425386643678
2026-05-07,44.207542419433594,4182700,WEGE3.SA,industria,-0.014018620820503869
2026-05-08,45.41474533081055,10953200,WEGE3.SA,industria,0.027307623208800313
2026-05-11,44.05788803100586,6362800,WEGE3.SA,industria,-0.029877020996618042
2026-05-12,43.289669036865234,7511100,WEGE3.SA,industria,-0.017436582379981247
2026-05-13,43.20985412597656,9255500,WEGE3.SA,industria,-0.0018437403811218944
2026-05-14,43.6189079284668,7130800,WEGE3.SA,industria,0.009466678626075753
2026-05-15,43.030269622802734,5283900,WEGE3.SA,industria,-0.013495026208116045
2026-05-18,42.242095947265625,6993100,WEGE3.SA,industria,-0.01831672639855919
2026-05-19,41.72330093383789,6814600,WEGE3.SA,industria,-0.012281469510305287
2026-05-20,42.481544494628906,6975500,WEGE3.SA,industria,0.018173144114205897
2026-05-21,42.37179946899414,3527300,WEGE3.SA,industria,-0.0025833577131039176
2026-05-22,42.631195068359375,4827600,WEGE3.SA,industria,0.006121892452432887
2026-05-25,43.20985412597656,2514500,WEGE3.SA,industria,0.01357360629204285
2026-05-26,43.33955383300781,3932200,WEGE3.SA,industria,0.0030016233485332666
2026-05-27,43.34953308105469,3920700,WEGE3.SA,industria,0.00023025728611147933
2026-05-28,43.6189079284668,4259200,WEGE3.SA,industria,0.0062140195814435195
2026-05-29,43.99802780151367,25788200,WEGE3.SA,industria,0.008691640645121623
2026-06-01,42.900569915771484,10985100,WEGE3.SA,industria,-0.024943342703747984
2026-06-02,41.90288162231445,9991100,WEGE3.SA,industria,-0.023255828428755954
2026-06-03,41.68339157104492,6573100,WEGE3.SA,industria,-0.005238065802917191
2026-06-05,42.361820220947266,10064100,WEGE3.SA,industria,0.016275754547132593
2026-06-08,43.898258209228516,9657900,WEGE3.SA,industria,0.03626940438979309
2026-06-09,43.22980880737305,9564900,WEGE3.SA,industria,-0.015227242016516818
2026-06-10,42.2919807434082,7939100,WEGE3.SA,industria,-0.021694013687261426
2026-06-11,42.252071380615234,9103200,WEGE3.SA,industria,-0.0009436626540408888
2026-06-12,42.511474609375,5024100,WEGE3.SA,industria,0.006139420394872586
2026-06-15,42.68107986450195,6230000,WEGE3.SA,industria,0.00398963472063496
2026-06-16,42.73096466064453,5226700,WEGE3.SA,industria,0.0011687800847810514
2026-06-17,43.6987190246582,9704200,WEGE3.SA,industria,0.022647613310377235
2026-06-18,45.70407485961914,16176500,WEGE3.SA,industria,0.04589049472661566
2026-06-19,45.05557632446289,10422100,WEGE3.SA,industria,-0.014189074762986142
2026-06-22,45.25,5109100,WEGE3.SA,industria,0.004315196728080561
2026-06-23,45.709999084472656,8107300,WEGE3.SA,industria,0.010165725623705102
2026-06-24,46.61000061035156,9621200,WEGE3.SA,industria,0.019689379652265915
2026-06-25,46.5,7163600,WEGE3.SA,industria,-0.0023600216458081746
2026-06-26,46.900001525878906,6014600,WEGE3.SA,industria,0.008602183352234505
2026-06-29,46.790000915527344,3248800,WEGE3.SA,industria,-0.0023454287158363174
2026-06-30,46.90999984741211,6927400,WEGE3.SA,industria,0.0025646276883262153
2026-07-01,46.2599983215332,4539000,WEGE3.SA,industria,-0.013856353186809112
2026-07-02,46.2599983215332,7406500,WEGE3.SA,industria,0.0
2026-07-03,46.47999954223633,2348100,WEGE3.SA,industria,0.004755755051567334
2026-07-06,46.2599983215332,3598900,WEGE3.SA,industria,-0.004733244898232236
2026-07-07,45.869998931884766,4428600,WEGE3.SA,industria,-0.008430596709877114
2026-07-08,45.349998474121094,3293300,WEGE3.SA,industria,-0.011336395680668132
2026-07-09,45.7400016784668,4324900,WEGE3.SA,industria,0.008599850440309531
2026-07-10,46.5099983215332,7150700,WEGE3.SA,industria,0.016834206707712074
2026-07-13,44.38999938964844,10194000,WEGE3.SA,industria,-0.04558157403551766
2026-07-14,44.20000076293945,6736400,WEGE3.SA,industria,-0.004280212419946361
2026-07-15,44.2599983215332,7916900,WEGE3.SA,industria,0.001357410804482484
2026-07-16,43.4900016784668,5658700,WEGE3.SA,industria,-0.0173971231872323
2026-07-17,43.630001068115234,8201000,WEGE3.SA,industria,0.0032191166761383894
2026-07-20,43.130001068115234,3975400,WEGE3.SA,industria,-0.011460004303447069
2026-07-21,42.470001220703125,8949800,WEGE3.SA,industria,-0.015302569697825175
2026-07-22,46.7400016784668,34084500,WEGE3.SA,industria,0.10054156663603164
2026-07-23,45.66999816894531,13598900,WEGE3.SA,industria,-0.022892671610973414
2026-07-24,45.9900016784668,7721100,WEGE3.SA,industria,0.007006864951859759
2026-07-27,46.400001525878906,12593500,WEGE3.SA,industria,0.008914977874507901
2026-07-28,46.70000076293945,10923600,WEGE3.SA,industria,0.006465500586098516
2026-07-29,45.63999938964844,6456400,WEGE3.SA,industria,-0.022698101840979423
2026-07-30,46.81999969482422,7612900,WEGE3.SA,industria,0.025854520616917842
2026-07-31,47.20000076293945,5153000,WEGE3.SA,industria,0.008116212528665123
2026-08-03,48.20000076293945,6927700,WEGE3.SA,industria,0.021186440335509094
2026-08-04,49.16999816894531,6265600,WEGE3.SA,industria,0.020124427191953176
2026-08-05,48.79999923706055,5897400,WEGE3.SA,industria,-0.007524892122498517
2026-08-06,48.400001525878906,5958300,WEGE3.SA,industria,-0.008196674537606752
2026-08-07,48.119998931884766,6880500,WEGE3.SA,industria,-0.0057851773794764805
2026-08-10,47.630001068115234,3125400,WEGE3.SA,industria,-0.010182831975186435
2026-08-11,47.36000061035156,5572800,WEGE3.SA,industria,-0.005668705683578468
2026-08-12,47.63999938964844,8033500,WEGE3.SA,industria,0.00591213631098797
2026-08-13,47.5,4982500,WEGE3.SA,industria,-0.002938694194837832
2026-08-14,47.5,7327700,WEGE3.SA,industria,0.0
2026-08-17,47.9900016784668,7151700,WEGE3.SA,industria,0.0103158248098274
2026-08-18,48.470001220703125,5889600,WEGE3.SA,industria,0.010002073878895068
2026-08-19,48.5099983215332,5763600,WEGE3.SA,industria,0.0008251928991698243
2026-08-20,48.400001525878906,5478400,WEGE3.SA,industria,-0.0022675077192380044
2026-08-21,49.27000045776367,7851700,WEGE3.SA,industria,0.017975183976380427
2026-08-24,49.06999969482422,7208200,WEGE3.SA,industria,-0.00405928072013928
2026-08-25,49.58000183105469,10726700,WEGE3.SA,industria,0.010393359270476354
